"WEEK_NUM","WEEK_START_DATE","ROUTE_ID","ROUTE_DESCRIPTION","ORIGIN_ID","DESTINATION_ID","MATERIAL_TYPE","TRANSPORT_MODE","BASELINE_LEAD_DAYS","ORIGIN_LAT","ORIGIN_LON","DEST_LAT","DEST_LON","ACTUAL_LEAD_DAYS","DISRUPTION_FACTOR","SHIPMENT_QTY_TONS","FREIGHT_COST_PER_TON","IS_DISRUPTED","PRIMARY_DISRUPTION_EVENT","ROUTE_RISK_SCORE"
3,"2024-10-21","RT-D06","Chicago DC to Detroit Dist.","DC-CHI","DST-DET","FINISHED","TRUCK",1,41.8525,-87.6514,42.3314,-83.0458,2,0,12,97,false,"\N",7
6,"2024-11-11","RT-D11","Dallas DC to Phoenix Dist.","DC-DAL","DST-PHX","FINISHED","TRUCK",2,32.7767,-96.7970,33.4484,-112.0740,3,0,18,85,false,"\N",9
11,"2024-12-16","RT-S07","Hops: Yakima to Portland Brewery","SUP-WA","BRW-03","HOPS","TRUCK",1,46.6021,-120.5059,45.5152,-122.6784,1,0,27,103,false,"\N",2
24,"2025-03-17","RT-D12","Seattle DC to Portland Dist.","DC-SEA","DST-PDX","FINISHED","TRUCK",1,47.6062,-122.3321,45.5152,-122.6784,1,0,13,104,false,"\N",4
39,"2025-06-30","RT-S06","Hops: Yakima to Chicago Brewery","SUP-WA","BRW-02","HOPS","TRUCK",5,46.6021,-120.5059,41.8881,-87.6298,6,0,23,126,false,"\N",4
94,"2026-07-20","RT-D11","Dallas DC to Phoenix Dist.","DC-DAL","DST-PHX","FINISHED","TRUCK",2,32.7767,-96.7970,33.4484,-112.0740,2,0,17,91,false,"\N",7
78,"2026-03-30","RT-S02","Barley: N.Dakota to Chicago Brewery","SUP-ND","BRW-02","BARLEY","RAIL",3,46.8772,-96.7898,41.8881,-87.6298,4,0,14,110,false,"\N",9
84,"2026-05-11","RT-B04","Chicago Brewery to Chicago DC","BRW-02","DC-CHI","FINISHED","TRUCK",1,41.8881,-87.6298,41.8525,-87.6514,2,0,10,86,false,"\N",5
89,"2026-06-15","RT-D11","Dallas DC to Phoenix Dist.","DC-DAL","DST-PHX","FINISHED","TRUCK",2,32.7767,-96.7970,33.4484,-112.0740,3,0,24,115,false,"\N",4
23,"2025-03-10","RT-D12","Seattle DC to Portland Dist.","DC-SEA","DST-PDX","FINISHED","TRUCK",1,47.6062,-122.3321,45.5152,-122.6784,2,0,19,87,false,"\N",5
39,"2025-06-30","RT-D11","Dallas DC to Phoenix Dist.","DC-DAL","DST-PHX","FINISHED","TRUCK",2,32.7767,-96.7970,33.4484,-112.0740,2,0,24,117,false,"\N",7
9,"2024-12-02","RT-S04","Barley: Saskatchewan to Brooklyn","SUP-SK","BRW-01","BARLEY","RAIL",6,50.4452,-104.6189,40.6782,-73.9442,8,0.125,28.5,81.4,false,"\N",21
27,"2025-04-07","RT-S04","Barley: Saskatchewan to Brooklyn","SUP-SK","BRW-01","BARLEY","RAIL",6,50.4452,-104.6189,40.6782,-73.9442,8,0.125,28.5,140.8,false,"\N",16
78,"2026-03-30","RT-D02","NYC DC to Philadelphia Dist.","DC-NYC","DST-PHL","FINISHED","TRUCK",1,40.6501,-74.0139,39.9526,-75.1652,1,0,29,97,false,"\N",3
82,"2026-04-27","RT-D07","Chicago DC to Minneapolis Dist.","DC-CHI","DST-MSP","FINISHED","TRUCK",1,41.8525,-87.6514,44.9778,-93.2650,1,0,18,77,false,"\N",1
89,"2026-06-15","RT-B05","Chicago Brewery to Dallas DC","BRW-02","DC-DAL","FINISHED","TRUCK",3,41.8881,-87.6298,32.7767,-96.7970,3,0.12,14.3,101.93,false,"Midwest Drought - Domestic Barley Belt",16
33,"2025-05-19","RT-D05","Atlanta DC to Nashville Dist.","DC-ATL","DST-NSH","FINISHED","TRUCK",1,33.7537,-84.3863,36.1627,-86.7816,2,0,29,81,false,"\N",7
40,"2025-07-07","RT-B04","Chicago Brewery to Chicago DC","BRW-02","DC-CHI","FINISHED","TRUCK",1,41.8881,-87.6298,41.8525,-87.6514,1,0.15,14.1,134.4,false,"Black Sea Grain Corridor Collapse",24
87,"2026-06-01","RT-S02","Barley: N.Dakota to Chicago Brewery","SUP-ND","BRW-02","BARLEY","RAIL",3,46.8772,-96.7898,41.8881,-87.6298,4,0.06,18.5,119.47,false,"\N",16
83,"2026-05-04","RT-D02","NYC DC to Philadelphia Dist.","DC-NYC","DST-PHL","FINISHED","TRUCK",1,40.6501,-74.0139,39.9526,-75.1652,1,0,28,107,false,"\N",4
11,"2024-12-16","RT-D04","Atlanta DC to Tampa Dist.","DC-ATL","DST-TPA","FINISHED","TRUCK",1,33.7537,-84.3863,27.9506,-82.4572,1,0,16,74,false,"\N",6
27,"2025-04-07","RT-S03","Barley: Idaho to Portland Brewery","SUP-ID","BRW-03","BARLEY","TRUCK",2,43.6150,-116.2023,45.5152,-122.6784,2,0.125,26.6,79.2,false,"\N",20
43,"2025-07-28","RT-D12","Seattle DC to Portland Dist.","DC-SEA","DST-PDX","FINISHED","TRUCK",1,47.6062,-122.3321,45.5152,-122.6784,1,0,13,96,false,"\N",6
30,"2025-04-28","RT-S05","Hops: Yakima to Brooklyn Brewery","SUP-WA","BRW-01","HOPS","TRUCK",7,46.6021,-120.5059,40.6782,-73.9442,7,0,11,112,false,"\N",5
76,"2026-03-16","RT-S02","Barley: N.Dakota to Chicago Brewery","SUP-ND","BRW-02","BARLEY","RAIL",3,46.8772,-96.7898,41.8881,-87.6298,4,0,19,77,false,"\N",2
52,"2025-09-29","RT-B04","Chicago Brewery to Chicago DC","BRW-02","DC-CHI","FINISHED","TRUCK",1,41.8881,-87.6298,41.8525,-87.6514,1,0.15,20.7,115.36,false,"Black Sea Grain Corridor Collapse",18
25,"2025-03-24","RT-S05","Hops: Yakima to Brooklyn Brewery","SUP-WA","BRW-01","HOPS","TRUCK",7,46.6021,-120.5059,40.6782,-73.9442,7,0,29,107,false,"\N",4
60,"2025-11-24","RT-D04","Atlanta DC to Tampa Dist.","DC-ATL","DST-TPA","FINISHED","TRUCK",1,33.7537,-84.3863,27.9506,-82.4572,1,0,25,119,false,"\N",3
67,"2026-01-12","RT-D12","Seattle DC to Portland Dist.","DC-SEA","DST-PDX","FINISHED","TRUCK",1,47.6062,-122.3321,45.5152,-122.6784,1,0,19,106,false,"\N",9
68,"2026-01-19","RT-S07","Hops: Yakima to Portland Brewery","SUP-WA","BRW-03","HOPS","TRUCK",1,46.6021,-120.5059,45.5152,-122.6784,1,0,10,86,false,"\N",7
61,"2025-12-01","RT-S07","Hops: Yakima to Portland Brewery","SUP-WA","BRW-03","HOPS","TRUCK",1,46.6021,-120.5059,45.5152,-122.6784,2,0,15,84,false,"\N",0
3,"2024-10-21","RT-D12","Seattle DC to Portland Dist.","DC-SEA","DST-PDX","FINISHED","TRUCK",1,47.6062,-122.3321,45.5152,-122.6784,1,0,18,126,false,"\N",8
10,"2024-12-09","RT-D01","NYC DC to Boston Dist.","DC-NYC","DST-BOS","FINISHED","TRUCK",1,40.6501,-74.0139,42.3601,-71.0589,1,0,25,74,false,"\N",0
15,"2025-01-13","RT-B01","Brooklyn Brewery to NYC DC","BRW-01","DC-NYC","FINISHED","TRUCK",1,40.6782,-73.9442,40.6501,-74.0139,2,0.3,11.4,140.12,true,"Ukraine-Russia War - Grain Export Disruption",37
22,"2025-03-03","RT-D11","Dallas DC to Phoenix Dist.","DC-DAL","DST-PHX","FINISHED","TRUCK",2,32.7767,-96.7970,33.4484,-112.0740,2,0,16,130,false,"\N",0
34,"2025-05-26","RT-B05","Chicago Brewery to Dallas DC","BRW-02","DC-DAL","FINISHED","TRUCK",3,41.8881,-87.6298,32.7767,-96.7970,3,0.25,14.4,138,true,"Ukraine-Russia War - Grain Export Disruption",40
84,"2026-05-11","RT-D07","Chicago DC to Minneapolis Dist.","DC-CHI","DST-MSP","FINISHED","TRUCK",1,41.8525,-87.6514,44.9778,-93.2650,2,0,20,85,false,"\N",4
23,"2025-03-10","RT-D14","Seattle DC to LA Dist.","DC-SEA","DST-LAX","FINISHED","TRUCK",3,47.6062,-122.3321,34.0522,-118.2437,4,0,21,105,false,"\N",10
26,"2025-03-31","RT-S07","Hops: Yakima to Portland Brewery","SUP-WA","BRW-03","HOPS","TRUCK",1,46.6021,-120.5059,45.5152,-122.6784,1,0,26,72,false,"\N",2
74,"2026-03-02","RT-B03","Brooklyn Brewery to Toronto DC","BRW-01","DC-TOR","FINISHED","TRUCK",2,40.6782,-73.9442,43.6532,-79.3832,3,0.18,27.8,123.55,true,"EU Export Controls on Hop Extracts",32
28,"2025-04-14","RT-D01","NYC DC to Boston Dist.","DC-NYC","DST-BOS","FINISHED","TRUCK",1,40.6501,-74.0139,42.3601,-71.0589,1,0,15,74,false,"\N",0
80,"2026-04-13","RT-S07","Hops: Yakima to Portland Brewery","SUP-WA","BRW-03","HOPS","TRUCK",1,46.6021,-120.5059,45.5152,-122.6784,2,0,17,108,false,"\N",7
40,"2025-07-07","RT-B05","Chicago Brewery to Dallas DC","BRW-02","DC-DAL","FINISHED","TRUCK",3,41.8881,-87.6298,32.7767,-96.7970,4,0.15,22.6,80.64,false,"Black Sea Grain Corridor Collapse",19
50,"2025-09-15","RT-B04","Chicago Brewery to Chicago DC","BRW-02","DC-CHI","FINISHED","TRUCK",1,41.8881,-87.6298,41.8525,-87.6514,1,0.15,20.7,118.72,false,"Black Sea Grain Corridor Collapse",25
36,"2025-06-09","RT-D12","Seattle DC to Portland Dist.","DC-SEA","DST-PDX","FINISHED","TRUCK",1,47.6062,-122.3321,45.5152,-122.6784,1,0,20,122,false,"\N",2
27,"2025-04-07","RT-D10","Dallas DC to Denver Dist.","DC-DAL","DST-DEN","FINISHED","TRUCK",2,32.7767,-96.7970,39.7392,-104.9903,2,0,18,90,false,"\N",10
87,"2026-06-01","RT-D03","Atlanta DC to Miami Dist.","DC-ATL","DST-MIA","FINISHED","TRUCK",2,33.7537,-84.3863,25.7617,-80.1918,2,0,13,116,false,"\N",3
30,"2025-04-28","RT-D13","Seattle DC to SF Dist.","DC-SEA","DST-SFO","FINISHED","TRUCK",2,47.6062,-122.3321,37.7749,-122.4194,3,0,14,94,false,"\N",7
22,"2025-03-03","RT-S05","Hops: Yakima to Brooklyn Brewery","SUP-WA","BRW-01","HOPS","TRUCK",7,46.6021,-120.5059,40.6782,-73.9442,7,0,18,92,false,"\N",8
40,"2025-07-07","RT-B06","Portland Brewery to Seattle DC","BRW-03","DC-SEA","FINISHED","TRUCK",1,45.5152,-122.6784,47.6062,-122.3321,1,0.15,16.9,117.6,false,"Black Sea Grain Corridor Collapse",26
92,"2026-07-06","RT-D05","Atlanta DC to Nashville Dist.","DC-ATL","DST-NSH","FINISHED","TRUCK",1,33.7537,-84.3863,36.1627,-86.7816,1,0,15,118,false,"\N",8
62,"2025-12-08","RT-D06","Chicago DC to Detroit Dist.","DC-CHI","DST-DET","FINISHED","TRUCK",1,41.8525,-87.6514,42.3314,-83.0458,1,0,14,101,false,"\N",0
104,"2026-09-28","RT-D08","Chicago DC to St.Louis Dist.","DC-CHI","DST-STL","FINISHED","TRUCK",1,41.8525,-87.6514,38.6270,-90.1994,1,0,10,101,false,"\N",10
101,"2026-09-07","RT-D04","Atlanta DC to Tampa Dist.","DC-ATL","DST-TPA","FINISHED","TRUCK",1,33.7537,-84.3863,27.9506,-82.4572,2,0,24,105,false,"\N",4
104,"2026-09-28","RT-S02","Barley: N.Dakota to Chicago Brewery","SUP-ND","BRW-02","BARLEY","RAIL",3,46.8772,-96.7898,41.8881,-87.6298,3,0,11,98,false,"\N",4
6,"2024-11-11","RT-B06","Portland Brewery to Seattle DC","BRW-03","DC-SEA","FINISHED","TRUCK",1,45.5152,-122.6784,47.6062,-122.3321,1,0.25,13.5,122.4,true,"Ukraine-Russia War - Grain Export Disruption",33
13,"2024-12-30","RT-S06","Hops: Yakima to Chicago Brewery","SUP-WA","BRW-02","HOPS","TRUCK",5,46.6021,-120.5059,41.8881,-87.6298,5,0,27,93,false,"\N",7
15,"2025-01-13","RT-B02","Brooklyn Brewery to Atlanta DC","BRW-01","DC-ATL","FINISHED","TRUCK",3,40.6782,-73.9442,33.7537,-84.3863,5,0.25,26.1,135.6,true,"Ukraine-Russia War - Grain Export Disruption",40
15,"2025-01-13","RT-B05","Chicago Brewery to Dallas DC","BRW-02","DC-DAL","FINISHED","TRUCK",3,41.8881,-87.6298,32.7767,-96.7970,5,0.25,20.7,100.8,true,"Ukraine-Russia War - Grain Export Disruption",38
21,"2025-02-24","RT-D10","Dallas DC to Denver Dist.","DC-DAL","DST-DEN","FINISHED","TRUCK",2,32.7767,-96.7970,39.7392,-104.9903,2,0,23,118,false,"\N",5
48,"2025-09-01","RT-D08","Chicago DC to St.Louis Dist.","DC-CHI","DST-STL","FINISHED","TRUCK",1,41.8525,-87.6514,38.6270,-90.1994,2,0,24,104,false,"\N",4
48,"2025-09-01","RT-D02","NYC DC to Philadelphia Dist.","DC-NYC","DST-PHL","FINISHED","TRUCK",1,40.6501,-74.0139,39.9526,-75.1652,1,0,23,121,false,"\N",0
14,"2025-01-06","RT-D12","Seattle DC to Portland Dist.","DC-SEA","DST-PDX","FINISHED","TRUCK",1,47.6062,-122.3321,45.5152,-122.6784,1,0,17,129,false,"\N",8
31,"2025-05-05","RT-S01","Barley: Montana to Brooklyn Brewery","SUP-MT","BRW-01","BARLEY","RAIL",5,47.5063,-111.2813,40.6782,-73.9442,7,0.125,17.1,134.2,false,"\N",17
37,"2025-06-16","RT-D11","Dallas DC to Phoenix Dist.","DC-DAL","DST-PHX","FINISHED","TRUCK",2,32.7767,-96.7970,33.4484,-112.0740,3,0,14,119,false,"\N",1
41,"2025-07-14","RT-S04","Barley: Saskatchewan to Brooklyn","SUP-SK","BRW-01","BARLEY","RAIL",6,50.4452,-104.6189,40.6782,-73.9442,7,0.075,26.2,85.86,false,"\N",13
29,"2025-04-21","RT-B01","Brooklyn Brewery to NYC DC","BRW-01","DC-NYC","FINISHED","TRUCK",1,40.6782,-73.9442,40.6501,-74.0139,1,0.3,22.9,131.44,true,"Ukraine-Russia War - Grain Export Disruption",44
42,"2025-07-21","RT-B05","Chicago Brewery to Dallas DC","BRW-02","DC-DAL","FINISHED","TRUCK",3,41.8881,-87.6298,32.7767,-96.7970,4,0.15,16,127.68,false,"Black Sea Grain Corridor Collapse",26
45,"2025-08-11","RT-D04","Atlanta DC to Tampa Dist.","DC-ATL","DST-TPA","FINISHED","TRUCK",1,33.7537,-84.3863,27.9506,-82.4572,1,0,30,124,false,"\N",7
82,"2026-04-27","RT-S02","Barley: N.Dakota to Chicago Brewery","SUP-ND","BRW-02","BARLEY","RAIL",3,46.8772,-96.7898,41.8881,-87.6298,4,0,21,111,false,"\N",8
44,"2025-08-04","RT-S06","Hops: Yakima to Chicago Brewery","SUP-WA","BRW-02","HOPS","TRUCK",5,46.6021,-120.5059,41.8881,-87.6298,5,0,18,99,false,"\N",3
19,"2025-02-10","RT-B01","Brooklyn Brewery to NYC DC","BRW-01","DC-NYC","FINISHED","TRUCK",1,40.6782,-73.9442,40.6501,-74.0139,1,0.3,25.5,161.2,true,"Ukraine-Russia War - Grain Export Disruption",45
81,"2026-04-20","RT-D12","Seattle DC to Portland Dist.","DC-SEA","DST-PDX","FINISHED","TRUCK",1,47.6062,-122.3321,45.5152,-122.6784,2,0,10,73,false,"\N",9
44,"2025-08-04","RT-D09","Dallas DC to Houston Dist.","DC-DAL","DST-HOU","FINISHED","TRUCK",1,32.7767,-96.7970,29.7604,-95.3698,1,0,16,107,false,"\N",10
85,"2026-05-18","RT-D01","NYC DC to Boston Dist.","DC-NYC","DST-BOS","FINISHED","TRUCK",1,40.6501,-74.0139,42.3601,-71.0589,1,0,24,90,false,"\N",0
97,"2026-08-10","RT-D06","Chicago DC to Detroit Dist.","DC-CHI","DST-DET","FINISHED","TRUCK",1,41.8525,-87.6514,42.3314,-83.0458,2,0,13,96,false,"\N",8
68,"2026-01-19","RT-D06","Chicago DC to Detroit Dist.","DC-CHI","DST-DET","FINISHED","TRUCK",1,41.8525,-87.6514,42.3314,-83.0458,1,0,26,113,false,"\N",3
57,"2025-11-03","RT-B05","Chicago Brewery to Dallas DC","BRW-02","DC-DAL","FINISHED","TRUCK",3,41.8881,-87.6298,32.7767,-96.7970,3,0,29,75,false,"\N",2
8,"2024-11-25","RT-D10","Dallas DC to Denver Dist.","DC-DAL","DST-DEN","FINISHED","TRUCK",2,32.7767,-96.7970,39.7392,-104.9903,3,0,18,129,false,"\N",6
13,"2024-12-30","RT-B01","Brooklyn Brewery to NYC DC","BRW-01","DC-NYC","FINISHED","TRUCK",1,40.6782,-73.9442,40.6501,-74.0139,1,0.3,16.7,120.28,true,"Ukraine-Russia War - Grain Export Disruption",37
16,"2025-01-20","RT-D01","NYC DC to Boston Dist.","DC-NYC","DST-BOS","FINISHED","TRUCK",1,40.6501,-74.0139,42.3601,-71.0589,1,0,29,104,false,"\N",5
88,"2026-06-08","RT-B02","Brooklyn Brewery to Atlanta DC","BRW-01","DC-ATL","FINISHED","TRUCK",3,40.6782,-73.9442,33.7537,-84.3863,4,0,12,70,false,"\N",7
27,"2025-04-07","RT-D13","Seattle DC to SF Dist.","DC-SEA","DST-SFO","FINISHED","TRUCK",2,47.6062,-122.3321,37.7749,-122.4194,2,0,13,98,false,"\N",6
50,"2025-09-15","RT-B06","Portland Brewery to Seattle DC","BRW-03","DC-SEA","FINISHED","TRUCK",1,45.5152,-122.6784,47.6062,-122.3321,1,0.35,21.5,110.08,true,"Pacific NW Wildfires - Hop Country",52
99,"2026-08-24","RT-B06","Portland Brewery to Seattle DC","BRW-03","DC-SEA","FINISHED","TRUCK",1,45.5152,-122.6784,47.6062,-122.3321,2,0.12,21.9,122.75,false,"Midwest Drought - Domestic Barley Belt",23
23,"2025-03-10","RT-D01","NYC DC to Boston Dist.","DC-NYC","DST-BOS","FINISHED","TRUCK",1,40.6501,-74.0139,42.3601,-71.0589,1,0,29,93,false,"\N",4
32,"2025-05-12","RT-S07","Hops: Yakima to Portland Brewery","SUP-WA","BRW-03","HOPS","TRUCK",1,46.6021,-120.5059,45.5152,-122.6784,2,0,21,75,false,"\N",1
41,"2025-07-14","RT-D02","NYC DC to Philadelphia Dist.","DC-NYC","DST-PHL","FINISHED","TRUCK",1,40.6501,-74.0139,39.9526,-75.1652,1,0,23,124,false,"\N",4
54,"2025-10-13","RT-S04","Barley: Saskatchewan to Brooklyn","SUP-SK","BRW-01","BARLEY","RAIL",6,50.4452,-104.6189,40.6782,-73.9442,6,0.075,27.2,87.98,false,"\N",15
54,"2025-10-13","RT-S02","Barley: N.Dakota to Chicago Brewery","SUP-ND","BRW-02","BARLEY","RAIL",3,46.8772,-96.7898,41.8881,-87.6298,4,0.075,22.3,108.12,false,"\N",13
94,"2026-07-20","RT-S02","Barley: N.Dakota to Chicago Brewery","SUP-ND","BRW-02","BARLEY","RAIL",3,46.8772,-96.7898,41.8881,-87.6298,3,0.06,20.5,136.24,false,"\N",7
45,"2025-08-11","RT-D05","Atlanta DC to Nashville Dist.","DC-ATL","DST-NSH","FINISHED","TRUCK",1,33.7537,-84.3863,36.1627,-86.7816,1,0,11,101,false,"\N",5
40,"2025-07-07","RT-D04","Atlanta DC to Tampa Dist.","DC-ATL","DST-TPA","FINISHED","TRUCK",1,33.7537,-84.3863,27.9506,-82.4572,2,0,11,119,false,"\N",1
100,"2026-08-31","RT-B03","Brooklyn Brewery to Toronto DC","BRW-01","DC-TOR","FINISHED","TRUCK",2,40.6782,-73.9442,43.6532,-79.3832,3,0,30,117,false,"\N",1
99,"2026-08-24","RT-B02","Brooklyn Brewery to Atlanta DC","BRW-01","DC-ATL","FINISHED","TRUCK",3,40.6782,-73.9442,33.7537,-84.3863,3,0,23,78,false,"\N",10
12,"2024-12-23","RT-B03","Brooklyn Brewery to Toronto DC","BRW-01","DC-TOR","FINISHED","TRUCK",2,40.6782,-73.9442,43.6532,-79.3832,3,0.3,13.2,120.28,true,"Ukraine-Russia War - Grain Export Disruption",46
23,"2025-03-10","RT-B04","Chicago Brewery to Chicago DC","BRW-02","DC-CHI","FINISHED","TRUCK",1,41.8881,-87.6298,41.8525,-87.6514,2,0.25,18.9,98.4,true,"Ukraine-Russia War - Grain Export Disruption",34
32,"2025-05-12","RT-D03","Atlanta DC to Miami Dist.","DC-ATL","DST-MIA","FINISHED","TRUCK",2,33.7537,-84.3863,25.7617,-80.1918,2,0,19,74,false,"\N",3
99,"2026-08-24","RT-D03","Atlanta DC to Miami Dist.","DC-ATL","DST-MIA","FINISHED","TRUCK",2,33.7537,-84.3863,25.7617,-80.1918,3,0,13,75,false,"\N",10
31,"2025-05-05","RT-B04","Chicago Brewery to Chicago DC","BRW-02","DC-CHI","FINISHED","TRUCK",1,41.8881,-87.6298,41.8525,-87.6514,1,0.4,24.4,96.36,true,"Ukraine-Russia War - Grain Export Disruption",53
88,"2026-06-08","RT-S03","Barley: Idaho to Portland Brewery","SUP-ID","BRW-03","BARLEY","TRUCK",2,43.6150,-116.2023,45.5152,-122.6784,3,0.06,10.7,79.65,false,"\N",11
40,"2025-07-07","RT-D13","Seattle DC to SF Dist.","DC-SEA","DST-SFO","FINISHED","TRUCK",2,47.6062,-122.3321,37.7749,-122.4194,3,0,22,122,false,"\N",1
92,"2026-07-06","RT-S06","Hops: Yakima to Chicago Brewery","SUP-WA","BRW-02","HOPS","TRUCK",5,46.6021,-120.5059,41.8881,-87.6298,5,0,21,106,false,"\N",8
86,"2026-05-25","RT-S05","Hops: Yakima to Brooklyn Brewery","SUP-WA","BRW-01","HOPS","TRUCK",7,46.6021,-120.5059,40.6782,-73.9442,7,0,14,83,false,"\N",0
91,"2026-06-29","RT-B02","Brooklyn Brewery to Atlanta DC","BRW-01","DC-ATL","FINISHED","TRUCK",3,40.6782,-73.9442,33.7537,-84.3863,3,0,18,106,false,"\N",4
64,"2025-12-22","RT-B02","Brooklyn Brewery to Atlanta DC","BRW-01","DC-ATL","FINISHED","TRUCK",3,40.6782,-73.9442,33.7537,-84.3863,3,0,10,96,false,"\N",4
59,"2025-11-17","RT-B01","Brooklyn Brewery to NYC DC","BRW-01","DC-NYC","FINISHED","TRUCK",1,40.6782,-73.9442,40.6501,-74.0139,1,0,27,96,false,"\N",8
59,"2025-11-17","RT-S01","Barley: Montana to Brooklyn Brewery","SUP-MT","BRW-01","BARLEY","RAIL",5,47.5063,-111.2813,40.6782,-73.9442,5,0,26,123,false,"\N",3
61,"2025-12-01","RT-S01","Barley: Montana to Brooklyn Brewery","SUP-MT","BRW-01","BARLEY","RAIL",5,47.5063,-111.2813,40.6782,-73.9442,5,0,10,90,false,"\N",1
66,"2026-01-05","RT-D07","Chicago DC to Minneapolis Dist.","DC-CHI","DST-MSP","FINISHED","TRUCK",1,41.8525,-87.6514,44.9778,-93.2650,2,0,29,108,false,"\N",7
104,"2026-09-28","RT-D04","Atlanta DC to Tampa Dist.","DC-ATL","DST-TPA","FINISHED","TRUCK",1,33.7537,-84.3863,27.9506,-82.4572,2,0,20,127,false,"\N",4
57,"2025-11-03","RT-D12","Seattle DC to Portland Dist.","DC-SEA","DST-PDX","FINISHED","TRUCK",1,47.6062,-122.3321,45.5152,-122.6784,1,0,12,88,false,"\N",0
1,"2024-10-07","RT-D08","Chicago DC to St.Louis Dist.","DC-CHI","DST-STL","FINISHED","TRUCK",1,41.8525,-87.6514,38.6270,-90.1994,1,0,23,87,false,"\N",3
2,"2024-10-14","RT-S04","Barley: Saskatchewan to Brooklyn","SUP-SK","BRW-01","BARLEY","RAIL",6,50.4452,-104.6189,40.6782,-73.9442,8,0.125,12.4,132,false,"\N",25
16,"2025-01-20","RT-D06","Chicago DC to Detroit Dist.","DC-CHI","DST-DET","FINISHED","TRUCK",1,41.8525,-87.6514,42.3314,-83.0458,1,0,10,106,false,"\N",1
13,"2024-12-30","RT-D05","Atlanta DC to Nashville Dist.","DC-ATL","DST-NSH","FINISHED","TRUCK",1,33.7537,-84.3863,36.1627,-86.7816,1,0,20,128,false,"\N",1
18,"2025-02-03","RT-D09","Dallas DC to Houston Dist.","DC-DAL","DST-HOU","FINISHED","TRUCK",1,32.7767,-96.7970,29.7604,-95.3698,2,0,26,123,false,"\N",8
49,"2025-09-08","RT-D13","Seattle DC to SF Dist.","DC-SEA","DST-SFO","FINISHED","TRUCK",2,47.6062,-122.3321,37.7749,-122.4194,2,0,15,93,false,"\N",9
24,"2025-03-17","RT-D05","Atlanta DC to Nashville Dist.","DC-ATL","DST-NSH","FINISHED","TRUCK",1,33.7537,-84.3863,36.1627,-86.7816,1,0,23,106,false,"\N",5
53,"2025-10-06","RT-D14","Seattle DC to LA Dist.","DC-SEA","DST-LAX","FINISHED","TRUCK",3,47.6062,-122.3321,34.0522,-118.2437,3,0,16,115,false,"\N",5
90,"2026-06-22","RT-S02","Barley: N.Dakota to Chicago Brewery","SUP-ND","BRW-02","BARLEY","RAIL",3,46.8772,-96.7898,41.8881,-87.6298,3,0.06,28.3,120.52,false,"\N",17
27,"2025-04-07","RT-D08","Chicago DC to St.Louis Dist.","DC-CHI","DST-STL","FINISHED","TRUCK",1,41.8525,-87.6514,38.6270,-90.1994,1,0,13,77,false,"\N",1
38,"2025-06-23","RT-D14","Seattle DC to LA Dist.","DC-SEA","DST-LAX","FINISHED","TRUCK",3,47.6062,-122.3321,34.0522,-118.2437,3,0,11,128,false,"\N",0
45,"2025-08-11","RT-D08","Chicago DC to St.Louis Dist.","DC-CHI","DST-STL","FINISHED","TRUCK",1,41.8525,-87.6514,38.6270,-90.1994,1,0,13,111,false,"\N",4
89,"2026-06-15","RT-S02","Barley: N.Dakota to Chicago Brewery","SUP-ND","BRW-02","BARLEY","RAIL",3,46.8772,-96.7898,41.8881,-87.6298,3,0.06,26.4,112.14,false,"\N",10
95,"2026-07-27","RT-D03","Atlanta DC to Miami Dist.","DC-ATL","DST-MIA","FINISHED","TRUCK",2,33.7537,-84.3863,25.7617,-80.1918,2,0,25,108,false,"\N",6
44,"2025-08-04","RT-D01","NYC DC to Boston Dist.","DC-NYC","DST-BOS","FINISHED","TRUCK",1,40.6501,-74.0139,42.3601,-71.0589,2,0,27,120,false,"\N",5
99,"2026-08-24","RT-S03","Barley: Idaho to Portland Brewery","SUP-ID","BRW-03","BARLEY","TRUCK",2,43.6150,-116.2023,45.5152,-122.6784,2,0.06,9.8,78.6,false,"\N",14
75,"2026-03-09","RT-S06","Hops: Yakima to Chicago Brewery","SUP-WA","BRW-02","HOPS","TRUCK",5,46.6021,-120.5059,41.8881,-87.6298,6,0,12,73,false,"\N",6
95,"2026-07-27","RT-B05","Chicago Brewery to Dallas DC","BRW-02","DC-DAL","FINISHED","TRUCK",3,41.8881,-87.6298,32.7767,-96.7970,4,0.12,21.9,104.12,false,"Midwest Drought - Domestic Barley Belt",24
60,"2025-11-24","RT-D13","Seattle DC to SF Dist.","DC-SEA","DST-SFO","FINISHED","TRUCK",2,47.6062,-122.3321,37.7749,-122.4194,3,0,23,130,false,"\N",7
62,"2025-12-08","RT-B03","Brooklyn Brewery to Toronto DC","BRW-01","DC-TOR","FINISHED","TRUCK",2,40.6782,-73.9442,43.6532,-79.3832,3,0,18,70,false,"\N",4
72,"2026-02-16","RT-D05","Atlanta DC to Nashville Dist.","DC-ATL","DST-NSH","FINISHED","TRUCK",1,33.7537,-84.3863,36.1627,-86.7816,1,0,24,82,false,"\N",9
73,"2026-02-23","RT-D04","Atlanta DC to Tampa Dist.","DC-ATL","DST-TPA","FINISHED","TRUCK",1,33.7537,-84.3863,27.9506,-82.4572,1,0,21,70,false,"\N",4
1,"2024-10-07","RT-S07","Hops: Yakima to Portland Brewery","SUP-WA","BRW-03","HOPS","TRUCK",1,46.6021,-120.5059,45.5152,-122.6784,2,0,30,79,false,"\N",1
4,"2024-10-28","RT-D04","Atlanta DC to Tampa Dist.","DC-ATL","DST-TPA","FINISHED","TRUCK",1,33.7537,-84.3863,27.9506,-82.4572,1,0,12,115,false,"\N",10
10,"2024-12-09","RT-B03","Brooklyn Brewery to Toronto DC","BRW-01","DC-TOR","FINISHED","TRUCK",2,40.6782,-73.9442,43.6532,-79.3832,2,0.3,12.3,124,true,"Ukraine-Russia War - Grain Export Disruption",36
11,"2024-12-16","RT-B02","Brooklyn Brewery to Atlanta DC","BRW-01","DC-ATL","FINISHED","TRUCK",3,40.6782,-73.9442,33.7537,-84.3863,4,0.25,25.2,128.4,true,"Ukraine-Russia War - Grain Export Disruption",32
53,"2025-10-06","RT-D06","Chicago DC to Detroit Dist.","DC-CHI","DST-DET","FINISHED","TRUCK",1,41.8525,-87.6514,42.3314,-83.0458,2,0,27,98,false,"\N",7
20,"2025-02-17","RT-D03","Atlanta DC to Miami Dist.","DC-ATL","DST-MIA","FINISHED","TRUCK",2,33.7537,-84.3863,25.7617,-80.1918,2,0,19,122,false,"\N",2
51,"2025-09-22","RT-D08","Chicago DC to St.Louis Dist.","DC-CHI","DST-STL","FINISHED","TRUCK",1,41.8525,-87.6514,38.6270,-90.1994,1,0,18,112,false,"\N",2
85,"2026-05-18","RT-D07","Chicago DC to Minneapolis Dist.","DC-CHI","DST-MSP","FINISHED","TRUCK",1,41.8525,-87.6514,44.9778,-93.2650,1,0,10,89,false,"\N",4
74,"2026-03-02","RT-S03","Barley: Idaho to Portland Brewery","SUP-ID","BRW-03","BARLEY","TRUCK",2,43.6150,-116.2023,45.5152,-122.6784,3,0,18,74,false,"\N",2
9,"2024-12-02","RT-B01","Brooklyn Brewery to NYC DC","BRW-01","DC-NYC","FINISHED","TRUCK",1,40.6782,-73.9442,40.6501,-74.0139,1,0.3,14.1,135.16,true,"Ukraine-Russia War - Grain Export Disruption",42
32,"2025-05-12","RT-S01","Barley: Montana to Brooklyn Brewery","SUP-MT","BRW-01","BARLEY","RAIL",5,47.5063,-111.2813,40.6782,-73.9442,5,0.125,21.8,93.5,false,"\N",16
48,"2025-09-01","RT-S06","Hops: Yakima to Chicago Brewery","SUP-WA","BRW-02","HOPS","TRUCK",5,46.6021,-120.5059,41.8881,-87.6298,6,0.35,9.5,135.68,true,"\N",48
88,"2026-06-08","RT-D08","Chicago DC to St.Louis Dist.","DC-CHI","DST-STL","FINISHED","TRUCK",1,41.8525,-87.6514,38.6270,-90.1994,1,0,21,89,false,"\N",4
96,"2026-08-03","RT-S07","Hops: Yakima to Portland Brewery","SUP-WA","BRW-03","HOPS","TRUCK",1,46.6021,-120.5059,45.5152,-122.6784,2,0,29,80,false,"\N",8
33,"2025-05-19","RT-D08","Chicago DC to St.Louis Dist.","DC-CHI","DST-STL","FINISHED","TRUCK",1,41.8525,-87.6514,38.6270,-90.1994,1,0,20,78,false,"\N",4
46,"2025-08-18","RT-B06","Portland Brewery to Seattle DC","BRW-03","DC-SEA","FINISHED","TRUCK",1,45.5152,-122.6784,47.6062,-122.3321,2,0.35,18.9,166.4,true,"Pacific NW Wildfires - Hop Country",46
85,"2026-05-18","RT-S02","Barley: N.Dakota to Chicago Brewery","SUP-ND","BRW-02","BARLEY","RAIL",3,46.8772,-96.7898,41.8881,-87.6298,3,0,19,83,false,"\N",5
25,"2025-03-24","RT-D11","Dallas DC to Phoenix Dist.","DC-DAL","DST-PHX","FINISHED","TRUCK",2,32.7767,-96.7970,33.4484,-112.0740,2,0,17,77,false,"\N",2
42,"2025-07-21","RT-B03","Brooklyn Brewery to Toronto DC","BRW-01","DC-TOR","FINISHED","TRUCK",2,40.6782,-73.9442,43.6532,-79.3832,2,0.15,20.7,143.36,false,"Black Sea Grain Corridor Collapse",27
30,"2025-04-28","RT-D01","NYC DC to Boston Dist.","DC-NYC","DST-BOS","FINISHED","TRUCK",1,40.6501,-74.0139,42.3601,-71.0589,1,0,14,102,false,"\N",9
99,"2026-08-24","RT-D14","Seattle DC to LA Dist.","DC-SEA","DST-LAX","FINISHED","TRUCK",3,47.6062,-122.3321,34.0522,-118.2437,3,0,11,95,false,"\N",4
75,"2026-03-09","RT-D05","Atlanta DC to Nashville Dist.","DC-ATL","DST-NSH","FINISHED","TRUCK",1,33.7537,-84.3863,36.1627,-86.7816,1,0,24,96,false,"\N",0
1,"2024-10-07","RT-D14","Seattle DC to LA Dist.","DC-SEA","DST-LAX","FINISHED","TRUCK",3,47.6062,-122.3321,34.0522,-118.2437,3,0,17,77,false,"\N",8
1,"2024-10-07","RT-D03","Atlanta DC to Miami Dist.","DC-ATL","DST-MIA","FINISHED","TRUCK",2,33.7537,-84.3863,25.7617,-80.1918,3,0,17,84,false,"\N",7
4,"2024-10-28","RT-D08","Chicago DC to St.Louis Dist.","DC-CHI","DST-STL","FINISHED","TRUCK",1,41.8525,-87.6514,38.6270,-90.1994,1,0,19,87,false,"\N",5
13,"2024-12-30","RT-D04","Atlanta DC to Tampa Dist.","DC-ATL","DST-TPA","FINISHED","TRUCK",1,33.7537,-84.3863,27.9506,-82.4572,1,0,20,103,false,"\N",4
15,"2025-01-13","RT-D05","Atlanta DC to Nashville Dist.","DC-ATL","DST-NSH","FINISHED","TRUCK",1,33.7537,-84.3863,36.1627,-86.7816,1,0,12,104,false,"\N",5
21,"2025-02-24","RT-S08","Hops: Germany (via Newark) to Brooklyn","SUP-DE","BRW-01","HOPS","OCEAN+TRUCK",21,40.7282,-74.1534,40.6782,-73.9442,21,0,12,97,false,"\N",0
48,"2025-09-01","RT-D11","Dallas DC to Phoenix Dist.","DC-DAL","DST-PHX","FINISHED","TRUCK",2,32.7767,-96.7970,33.4484,-112.0740,3,0,23,122,false,"\N",0
94,"2026-07-20","RT-S04","Barley: Saskatchewan to Brooklyn","SUP-SK","BRW-01","BARLEY","RAIL",6,50.4452,-104.6189,40.6782,-73.9442,7,0.06,9.8,90.13,false,"\N",13
23,"2025-03-10","RT-B01","Brooklyn Brewery to NYC DC","BRW-01","DC-NYC","FINISHED","TRUCK",1,40.6782,-73.9442,40.6501,-74.0139,1,0.4,9.2,158.4,true,"Ukraine-Russia War - Grain Export Disruption",49
88,"2026-06-08","RT-D07","Chicago DC to Minneapolis Dist.","DC-CHI","DST-MSP","FINISHED","TRUCK",1,41.8525,-87.6514,44.9778,-93.2650,2,0,12,96,false,"\N",6
45,"2025-08-11","RT-D11","Dallas DC to Phoenix Dist.","DC-DAL","DST-PHX","FINISHED","TRUCK",2,32.7767,-96.7970,33.4484,-112.0740,2,0,23,102,false,"\N",0
33,"2025-05-19","RT-S05","Hops: Yakima to Brooklyn Brewery","SUP-WA","BRW-01","HOPS","TRUCK",7,46.6021,-120.5059,40.6782,-73.9442,7,0,10,99,false,"\N",0
52,"2025-09-29","RT-D06","Chicago DC to Detroit Dist.","DC-CHI","DST-DET","FINISHED","TRUCK",1,41.8525,-87.6514,42.3314,-83.0458,1,0,10,79,false,"\N",6
81,"2026-04-20","RT-D13","Seattle DC to SF Dist.","DC-SEA","DST-SFO","FINISHED","TRUCK",2,47.6062,-122.3321,37.7749,-122.4194,3,0,15,111,false,"\N",4
99,"2026-08-24","RT-S05","Hops: Yakima to Brooklyn Brewery","SUP-WA","BRW-01","HOPS","TRUCK",7,46.6021,-120.5059,40.6782,-73.9442,7,0,20,75,false,"\N",9
25,"2025-03-24","RT-B06","Portland Brewery to Seattle DC","BRW-03","DC-SEA","FINISHED","TRUCK",1,45.5152,-122.6784,47.6062,-122.3321,1,0.25,18,105.6,true,"Ukraine-Russia War - Grain Export Disruption",40
76,"2026-03-16","RT-D13","Seattle DC to SF Dist.","DC-SEA","DST-SFO","FINISHED","TRUCK",2,47.6062,-122.3321,37.7749,-122.4194,3,0,22,87,false,"\N",2
76,"2026-03-16","RT-B03","Brooklyn Brewery to Toronto DC","BRW-01","DC-TOR","FINISHED","TRUCK",2,40.6782,-73.9442,43.6532,-79.3832,3,0.18,26,94.95,true,"EU Export Controls on Hop Extracts",25
41,"2025-07-14","RT-D06","Chicago DC to Detroit Dist.","DC-CHI","DST-DET","FINISHED","TRUCK",1,41.8525,-87.6514,42.3314,-83.0458,1,0,17,122,false,"\N",10
75,"2026-03-09","RT-S03","Barley: Idaho to Portland Brewery","SUP-ID","BRW-03","BARLEY","TRUCK",2,43.6150,-116.2023,45.5152,-122.6784,3,0,15,74,false,"\N",0
34,"2025-05-26","RT-D13","Seattle DC to SF Dist.","DC-SEA","DST-SFO","FINISHED","TRUCK",2,47.6062,-122.3321,37.7749,-122.4194,2,0,11,112,false,"\N",10
48,"2025-09-01","RT-S05","Hops: Yakima to Brooklyn Brewery","SUP-WA","BRW-01","HOPS","TRUCK",7,46.6021,-120.5059,40.6782,-73.9442,9,0.35,14.6,119.04,true,"\N",43
92,"2026-07-06","RT-D12","Seattle DC to Portland Dist.","DC-SEA","DST-PDX","FINISHED","TRUCK",1,47.6062,-122.3321,45.5152,-122.6784,1,0,12,117,false,"\N",3
97,"2026-08-10","RT-S02","Barley: N.Dakota to Chicago Brewery","SUP-ND","BRW-02","BARLEY","RAIL",3,46.8772,-96.7898,41.8881,-87.6298,3,0.06,16.6,129.95,false,"\N",17
92,"2026-07-06","RT-S05","Hops: Yakima to Brooklyn Brewery","SUP-WA","BRW-01","HOPS","TRUCK",7,46.6021,-120.5059,40.6782,-73.9442,7,0,13,90,false,"\N",7
72,"2026-02-16","RT-S01","Barley: Montana to Brooklyn Brewery","SUP-MT","BRW-01","BARLEY","RAIL",5,47.5063,-111.2813,40.6782,-73.9442,5,0,22,73,false,"\N",9
102,"2026-09-14","RT-D14","Seattle DC to LA Dist.","DC-SEA","DST-LAX","FINISHED","TRUCK",3,47.6062,-122.3321,34.0522,-118.2437,3,0,19,82,false,"\N",9
3,"2024-10-21","RT-S01","Barley: Montana to Brooklyn Brewery","SUP-MT","BRW-01","BARLEY","RAIL",5,47.5063,-111.2813,40.6782,-73.9442,5,0.125,13.3,135.3,false,"\N",25
1,"2024-10-07","RT-B03","Brooklyn Brewery to Toronto DC","BRW-01","DC-TOR","FINISHED","TRUCK",2,40.6782,-73.9442,43.6532,-79.3832,3,0.25,18,91.2,true,"Ukraine-Russia War - Grain Export Disruption",39
14,"2025-01-06","RT-D11","Dallas DC to Phoenix Dist.","DC-DAL","DST-PHX","FINISHED","TRUCK",2,32.7767,-96.7970,33.4484,-112.0740,2,0,17,87,false,"\N",8
10,"2024-12-09","RT-D10","Dallas DC to Denver Dist.","DC-DAL","DST-DEN","FINISHED","TRUCK",2,32.7767,-96.7970,39.7392,-104.9903,2,0,19,105,false,"\N",4
17,"2025-01-27","RT-D11","Dallas DC to Phoenix Dist.","DC-DAL","DST-PHX","FINISHED","TRUCK",2,32.7767,-96.7970,33.4484,-112.0740,3,0,25,73,false,"\N",0
49,"2025-09-08","RT-D03","Atlanta DC to Miami Dist.","DC-ATL","DST-MIA","FINISHED","TRUCK",2,33.7537,-84.3863,25.7617,-80.1918,2,0,26,129,false,"\N",5
11,"2024-12-16","RT-S08","Hops: Germany (via Newark) to Brooklyn","SUP-DE","BRW-01","HOPS","OCEAN+TRUCK",21,40.7282,-74.1534,40.6782,-73.9442,22,0,14,72,false,"\N",4
26,"2025-03-31","RT-D06","Chicago DC to Detroit Dist.","DC-CHI","DST-DET","FINISHED","TRUCK",1,41.8525,-87.6514,42.3314,-83.0458,2,0,28,93,false,"\N",6
37,"2025-06-16","RT-D13","Seattle DC to SF Dist.","DC-SEA","DST-SFO","FINISHED","TRUCK",2,47.6062,-122.3321,37.7749,-122.4194,2,0,25,128,false,"\N",3
28,"2025-04-14","RT-D07","Chicago DC to Minneapolis Dist.","DC-CHI","DST-MSP","FINISHED","TRUCK",1,41.8525,-87.6514,44.9778,-93.2650,2,0,21,112,false,"\N",6
27,"2025-04-07","RT-S05","Hops: Yakima to Brooklyn Brewery","SUP-WA","BRW-01","HOPS","TRUCK",7,46.6021,-120.5059,40.6782,-73.9442,8,0,24,105,false,"\N",9
84,"2026-05-11","RT-B03","Brooklyn Brewery to Toronto DC","BRW-01","DC-TOR","FINISHED","TRUCK",2,40.6782,-73.9442,43.6532,-79.3832,2,0.18,22.3,81.22,true,"EU Export Controls on Hop Extracts",24
83,"2026-05-04","RT-S04","Barley: Saskatchewan to Brooklyn","SUP-SK","BRW-01","BARLEY","RAIL",6,50.4452,-104.6189,40.6782,-73.9442,6,0,28,114,false,"\N",3
85,"2026-05-18","RT-S04","Barley: Saskatchewan to Brooklyn","SUP-SK","BRW-01","BARLEY","RAIL",6,50.4452,-104.6189,40.6782,-73.9442,6,0,17,122,false,"\N",5
77,"2026-03-23","RT-D09","Dallas DC to Houston Dist.","DC-DAL","DST-HOU","FINISHED","TRUCK",1,32.7767,-96.7970,29.7604,-95.3698,2,0,26,79,false,"\N",3
53,"2025-10-06","RT-D05","Atlanta DC to Nashville Dist.","DC-ATL","DST-NSH","FINISHED","TRUCK",1,33.7537,-84.3863,36.1627,-86.7816,2,0,23,76,false,"\N",2
88,"2026-06-08","RT-B01","Brooklyn Brewery to NYC DC","BRW-01","DC-NYC","FINISHED","TRUCK",1,40.6782,-73.9442,40.6501,-74.0139,2,0.18,14.8,93.81,true,"EU Export Controls on Hop Extracts",27
80,"2026-04-13","RT-B05","Chicago Brewery to Dallas DC","BRW-02","DC-DAL","FINISHED","TRUCK",3,41.8881,-87.6298,32.7767,-96.7970,3,0,20,105,false,"\N",8
47,"2025-08-25","RT-S07","Hops: Yakima to Portland Brewery","SUP-WA","BRW-03","HOPS","TRUCK",1,46.6021,-120.5059,45.5152,-122.6784,1,0.35,13.8,126.72,true,"\N",47
98,"2026-08-17","RT-B02","Brooklyn Brewery to Atlanta DC","BRW-01","DC-ATL","FINISHED","TRUCK",3,40.6782,-73.9442,33.7537,-84.3863,4,0,19,85,false,"\N",6
97,"2026-08-10","RT-D08","Chicago DC to St.Louis Dist.","DC-CHI","DST-STL","FINISHED","TRUCK",1,41.8525,-87.6514,38.6270,-90.1994,1,0,28,116,false,"\N",10
75,"2026-03-09","RT-B06","Portland Brewery to Seattle DC","BRW-03","DC-SEA","FINISHED","TRUCK",1,45.5152,-122.6784,47.6062,-122.3321,1,0.18,26,147.58,true,"EU Export Controls on Hop Extracts",24
96,"2026-08-03","RT-D13","Seattle DC to SF Dist.","DC-SEA","DST-SFO","FINISHED","TRUCK",2,47.6062,-122.3321,37.7749,-122.4194,2,0,26,85,false,"\N",6
57,"2025-11-03","RT-B02","Brooklyn Brewery to Atlanta DC","BRW-01","DC-ATL","FINISHED","TRUCK",3,40.6782,-73.9442,33.7537,-84.3863,3,0,24,107,false,"\N",1
63,"2025-12-15","RT-S07","Hops: Yakima to Portland Brewery","SUP-WA","BRW-03","HOPS","TRUCK",1,46.6021,-120.5059,45.5152,-122.6784,1,0,28,124,false,"\N",6
99,"2026-08-24","RT-D06","Chicago DC to Detroit Dist.","DC-CHI","DST-DET","FINISHED","TRUCK",1,41.8525,-87.6514,42.3314,-83.0458,1,0,20,96,false,"\N",3
18,"2025-02-03","RT-D10","Dallas DC to Denver Dist.","DC-DAL","DST-DEN","FINISHED","TRUCK",2,32.7767,-96.7970,39.7392,-104.9903,3,0,20,98,false,"\N",5
41,"2025-07-14","RT-B03","Brooklyn Brewery to Toronto DC","BRW-01","DC-TOR","FINISHED","TRUCK",2,40.6782,-73.9442,43.6532,-79.3832,3,0.15,16.9,119.84,false,"Black Sea Grain Corridor Collapse",27
51,"2025-09-22","RT-S08","Hops: Germany (via Newark) to Brooklyn","SUP-DE","BRW-01","HOPS","OCEAN+TRUCK",21,40.7282,-74.1534,40.6782,-73.9442,29,0.35,20.6,125.44,true,"\N",45
8,"2024-11-25","RT-S04","Barley: Saskatchewan to Brooklyn","SUP-SK","BRW-01","BARLEY","RAIL",6,50.4452,-104.6189,40.6782,-73.9442,7,0.125,23.8,126.5,false,"\N",18
12,"2024-12-23","RT-D06","Chicago DC to Detroit Dist.","DC-CHI","DST-DET","FINISHED","TRUCK",1,41.8525,-87.6514,42.3314,-83.0458,1,0,27,98,false,"\N",7
37,"2025-06-16","RT-D02","NYC DC to Philadelphia Dist.","DC-NYC","DST-PHL","FINISHED","TRUCK",1,40.6501,-74.0139,39.9526,-75.1652,2,0,28,89,false,"\N",8
74,"2026-03-02","RT-B06","Portland Brewery to Seattle DC","BRW-03","DC-SEA","FINISHED","TRUCK",1,45.5152,-122.6784,47.6062,-122.3321,2,0.18,18.6,90.38,true,"EU Export Controls on Hop Extracts",26
51,"2025-09-22","RT-B01","Brooklyn Brewery to NYC DC","BRW-01","DC-NYC","FINISHED","TRUCK",1,40.6782,-73.9442,40.6501,-74.0139,1,0.15,24.4,118.72,false,"Black Sea Grain Corridor Collapse",23
56,"2025-10-27","RT-B06","Portland Brewery to Seattle DC","BRW-03","DC-SEA","FINISHED","TRUCK",1,45.5152,-122.6784,47.6062,-122.3321,2,0.15,21.6,96.32,false,"Black Sea Grain Corridor Collapse",25
27,"2025-04-07","RT-D07","Chicago DC to Minneapolis Dist.","DC-CHI","DST-MSP","FINISHED","TRUCK",1,41.8525,-87.6514,44.9778,-93.2650,1,0,14,117,false,"\N",7
27,"2025-04-07","RT-D14","Seattle DC to LA Dist.","DC-SEA","DST-LAX","FINISHED","TRUCK",3,47.6062,-122.3321,34.0522,-118.2437,3,0,22,75,false,"\N",9
45,"2025-08-11","RT-B06","Portland Brewery to Seattle DC","BRW-03","DC-SEA","FINISHED","TRUCK",1,45.5152,-122.6784,47.6062,-122.3321,2,0.15,13.2,85.12,false,"Black Sea Grain Corridor Collapse",18
78,"2026-03-30","RT-D10","Dallas DC to Denver Dist.","DC-DAL","DST-DEN","FINISHED","TRUCK",2,32.7767,-96.7970,39.7392,-104.9903,2,0,25,91,false,"\N",8
98,"2026-08-17","RT-S07","Hops: Yakima to Portland Brewery","SUP-WA","BRW-03","HOPS","TRUCK",1,46.6021,-120.5059,45.5152,-122.6784,1,0,10,98,false,"\N",8
46,"2025-08-18","RT-B03","Brooklyn Brewery to Toronto DC","BRW-01","DC-TOR","FINISHED","TRUCK",2,40.6782,-73.9442,43.6532,-79.3832,3,0.15,14.1,90.72,false,"Black Sea Grain Corridor Collapse",25
91,"2026-06-29","RT-D09","Dallas DC to Houston Dist.","DC-DAL","DST-HOU","FINISHED","TRUCK",1,32.7767,-96.7970,29.7604,-95.3698,1,0,23,92,false,"\N",0
97,"2026-08-10","RT-S08","Hops: Germany (via Newark) to Brooklyn","SUP-DE","BRW-01","HOPS","OCEAN+TRUCK",21,40.7282,-74.1534,40.6782,-73.9442,21,0,29,122,false,"\N",3
23,"2025-03-10","RT-S02","Barley: N.Dakota to Chicago Brewery","SUP-ND","BRW-02","BARLEY","RAIL",3,46.8772,-96.7898,41.8881,-87.6298,3,0.125,16.2,96.8,false,"\N",24
29,"2025-04-21","RT-S06","Hops: Yakima to Chicago Brewery","SUP-WA","BRW-02","HOPS","TRUCK",5,46.6021,-120.5059,41.8881,-87.6298,6,0,25,101,false,"\N",5
33,"2025-05-19","RT-S02","Barley: N.Dakota to Chicago Brewery","SUP-ND","BRW-02","BARLEY","RAIL",3,46.8772,-96.7898,41.8881,-87.6298,3,0.125,26.6,88,false,"\N",16
25,"2025-03-24","RT-S08","Hops: Germany (via Newark) to Brooklyn","SUP-DE","BRW-01","HOPS","OCEAN+TRUCK",21,40.7282,-74.1534,40.6782,-73.9442,21,0,14,130,false,"\N",9
85,"2026-05-18","RT-D11","Dallas DC to Phoenix Dist.","DC-DAL","DST-PHX","FINISHED","TRUCK",2,32.7767,-96.7970,33.4484,-112.0740,3,0,16,92,false,"\N",8
89,"2026-06-15","RT-B02","Brooklyn Brewery to Atlanta DC","BRW-01","DC-ATL","FINISHED","TRUCK",3,40.6782,-73.9442,33.7537,-84.3863,4,0,27,119,false,"\N",0
89,"2026-06-15","RT-D01","NYC DC to Boston Dist.","DC-NYC","DST-BOS","FINISHED","TRUCK",1,40.6501,-74.0139,42.3601,-71.0589,2,0,19,129,false,"\N",2
95,"2026-07-27","RT-B06","Portland Brewery to Seattle DC","BRW-03","DC-SEA","FINISHED","TRUCK",1,45.5152,-122.6784,47.6062,-122.3321,1,0.12,15.2,117.27,false,"Midwest Drought - Domestic Barley Belt",21
25,"2025-03-24","RT-D05","Atlanta DC to Nashville Dist.","DC-ATL","DST-NSH","FINISHED","TRUCK",1,33.7537,-84.3863,36.1627,-86.7816,1,0,18,126,false,"\N",4
64,"2025-12-22","RT-D08","Chicago DC to St.Louis Dist.","DC-CHI","DST-STL","FINISHED","TRUCK",1,41.8525,-87.6514,38.6270,-90.1994,2,0,13,129,false,"\N",5
68,"2026-01-19","RT-D05","Atlanta DC to Nashville Dist.","DC-ATL","DST-NSH","FINISHED","TRUCK",1,33.7537,-84.3863,36.1627,-86.7816,2,0,14,109,false,"\N",7
59,"2025-11-17","RT-S03","Barley: Idaho to Portland Brewery","SUP-ID","BRW-03","BARLEY","TRUCK",2,43.6150,-116.2023,45.5152,-122.6784,3,0,15,72,false,"\N",5
73,"2026-02-23","RT-D06","Chicago DC to Detroit Dist.","DC-CHI","DST-DET","FINISHED","TRUCK",1,41.8525,-87.6514,42.3314,-83.0458,1,0,10,88,false,"\N",7
71,"2026-02-09","RT-D04","Atlanta DC to Tampa Dist.","DC-ATL","DST-TPA","FINISHED","TRUCK",1,33.7537,-84.3863,27.9506,-82.4572,1,0,17,115,false,"\N",8
1,"2024-10-07","RT-D05","Atlanta DC to Nashville Dist.","DC-ATL","DST-NSH","FINISHED","TRUCK",1,33.7537,-84.3863,36.1627,-86.7816,1,0,26,123,false,"\N",9
7,"2024-11-18","RT-S03","Barley: Idaho to Portland Brewery","SUP-ID","BRW-03","BARLEY","TRUCK",2,43.6150,-116.2023,45.5152,-122.6784,2,0.125,18.1,106.7,false,"\N",19
16,"2025-01-20","RT-S05","Hops: Yakima to Brooklyn Brewery","SUP-WA","BRW-01","HOPS","TRUCK",7,46.6021,-120.5059,40.6782,-73.9442,8,0,13,122,false,"\N",6
10,"2024-12-09","RT-D12","Seattle DC to Portland Dist.","DC-SEA","DST-PDX","FINISHED","TRUCK",1,47.6062,-122.3321,45.5152,-122.6784,1,0,14,97,false,"\N",1
14,"2025-01-06","RT-S08","Hops: Germany (via Newark) to Brooklyn","SUP-DE","BRW-01","HOPS","OCEAN+TRUCK",21,40.7282,-74.1534,40.6782,-73.9442,21,0,15,90,false,"\N",5
15,"2025-01-13","RT-D07","Chicago DC to Minneapolis Dist.","DC-CHI","DST-MSP","FINISHED","TRUCK",1,41.8525,-87.6514,44.9778,-93.2650,2,0,29,122,false,"\N",1
23,"2025-03-10","RT-B06","Portland Brewery to Seattle DC","BRW-03","DC-SEA","FINISHED","TRUCK",1,45.5152,-122.6784,47.6062,-122.3321,1,0.25,17.1,140.4,true,"Ukraine-Russia War - Grain Export Disruption",39
95,"2026-07-27","RT-D02","NYC DC to Philadelphia Dist.","DC-NYC","DST-PHL","FINISHED","TRUCK",1,40.6501,-74.0139,39.9526,-75.1652,1,0,23,102,false,"\N",4
21,"2025-02-24","RT-B05","Chicago Brewery to Dallas DC","BRW-02","DC-DAL","FINISHED","TRUCK",3,41.8881,-87.6298,32.7767,-96.7970,5,0.25,23.4,147.6,true,"Ukraine-Russia War - Grain Export Disruption",35
74,"2026-03-02","RT-D04","Atlanta DC to Tampa Dist.","DC-ATL","DST-TPA","FINISHED","TRUCK",1,33.7537,-84.3863,27.9506,-82.4572,1,0,25,119,false,"\N",4
89,"2026-06-15","RT-S05","Hops: Yakima to Brooklyn Brewery","SUP-WA","BRW-01","HOPS","TRUCK",7,46.6021,-120.5059,40.6782,-73.9442,7,0,28,114,false,"\N",0
96,"2026-08-03","RT-S03","Barley: Idaho to Portland Brewery","SUP-ID","BRW-03","BARLEY","TRUCK",2,43.6150,-116.2023,45.5152,-122.6784,2,0.06,19.5,92.22,false,"\N",16
22,"2025-03-03","RT-S03","Barley: Idaho to Portland Brewery","SUP-ID","BRW-03","BARLEY","TRUCK",2,43.6150,-116.2023,45.5152,-122.6784,2,0.125,20,140.8,false,"\N",15
27,"2025-04-07","RT-D02","NYC DC to Philadelphia Dist.","DC-NYC","DST-PHL","FINISHED","TRUCK",1,40.6501,-74.0139,39.9526,-75.1652,1,0,20,126,false,"\N",7
33,"2025-05-19","RT-S07","Hops: Yakima to Portland Brewery","SUP-WA","BRW-03","HOPS","TRUCK",1,46.6021,-120.5059,45.5152,-122.6784,2,0,14,130,false,"\N",1
83,"2026-05-04","RT-D12","Seattle DC to Portland Dist.","DC-SEA","DST-PDX","FINISHED","TRUCK",1,47.6062,-122.3321,45.5152,-122.6784,1,0,23,84,false,"\N",8
33,"2025-05-19","RT-B03","Brooklyn Brewery to Toronto DC","BRW-01","DC-TOR","FINISHED","TRUCK",2,40.6782,-73.9442,43.6532,-79.3832,3,0.4,13.4,170.28,true,"Ukraine-Russia War - Grain Export Disruption",55
91,"2026-06-29","RT-B06","Portland Brewery to Seattle DC","BRW-03","DC-SEA","FINISHED","TRUCK",1,45.5152,-122.6784,47.6062,-122.3321,2,0.18,13.9,91.52,true,"Midwest Drought - Domestic Barley Belt",29
84,"2026-05-11","RT-D11","Dallas DC to Phoenix Dist.","DC-DAL","DST-PHX","FINISHED","TRUCK",2,32.7767,-96.7970,33.4484,-112.0740,2,0,24,124,false,"\N",8
60,"2025-11-24","RT-D02","NYC DC to Philadelphia Dist.","DC-NYC","DST-PHL","FINISHED","TRUCK",1,40.6501,-74.0139,39.9526,-75.1652,2,0,28,72,false,"\N",0
66,"2026-01-05","RT-D14","Seattle DC to LA Dist.","DC-SEA","DST-LAX","FINISHED","TRUCK",3,47.6062,-122.3321,34.0522,-118.2437,4,0,27,124,false,"\N",8
64,"2025-12-22","RT-D06","Chicago DC to Detroit Dist.","DC-CHI","DST-DET","FINISHED","TRUCK",1,41.8525,-87.6514,42.3314,-83.0458,1,0,22,118,false,"\N",0
7,"2024-11-18","RT-D07","Chicago DC to Minneapolis Dist.","DC-CHI","DST-MSP","FINISHED","TRUCK",1,41.8525,-87.6514,44.9778,-93.2650,1,0,12,128,false,"\N",2
14,"2025-01-06","RT-B04","Chicago Brewery to Chicago DC","BRW-02","DC-CHI","FINISHED","TRUCK",1,41.8881,-87.6298,41.8525,-87.6514,2,0.25,24.3,90,true,"Ukraine-Russia War - Grain Export Disruption",40
8,"2024-11-25","RT-D06","Chicago DC to Detroit Dist.","DC-CHI","DST-DET","FINISHED","TRUCK",1,41.8525,-87.6514,42.3314,-83.0458,2,0,28,109,false,"\N",2
21,"2025-02-24","RT-D06","Chicago DC to Detroit Dist.","DC-CHI","DST-DET","FINISHED","TRUCK",1,41.8525,-87.6514,42.3314,-83.0458,1,0,28,80,false,"\N",3
19,"2025-02-10","RT-B02","Brooklyn Brewery to Atlanta DC","BRW-01","DC-ATL","FINISHED","TRUCK",3,40.6782,-73.9442,33.7537,-84.3863,3,0.25,20.7,104.4,true,"Ukraine-Russia War - Grain Export Disruption",32
85,"2026-05-18","RT-D09","Dallas DC to Houston Dist.","DC-DAL","DST-HOU","FINISHED","TRUCK",1,32.7767,-96.7970,29.7604,-95.3698,2,0,17,111,false,"\N",2
13,"2024-12-30","RT-B04","Chicago Brewery to Chicago DC","BRW-02","DC-CHI","FINISHED","TRUCK",1,41.8881,-87.6298,41.8525,-87.6514,1,0.25,11.7,97.2,true,"Ukraine-Russia War - Grain Export Disruption",33
18,"2025-02-03","RT-D04","Atlanta DC to Tampa Dist.","DC-ATL","DST-TPA","FINISHED","TRUCK",1,33.7537,-84.3863,27.9506,-82.4572,1,0,15,79,false,"\N",3
21,"2025-02-24","RT-D11","Dallas DC to Phoenix Dist.","DC-DAL","DST-PHX","FINISHED","TRUCK",2,32.7767,-96.7970,33.4484,-112.0740,3,0,15,96,false,"\N",0
39,"2025-06-30","RT-D06","Chicago DC to Detroit Dist.","DC-CHI","DST-DET","FINISHED","TRUCK",1,41.8525,-87.6514,42.3314,-83.0458,1,0,19,129,false,"\N",2
32,"2025-05-12","RT-S06","Hops: Yakima to Chicago Brewery","SUP-WA","BRW-02","HOPS","TRUCK",5,46.6021,-120.5059,41.8881,-87.6298,6,0,26,125,false,"\N",9
32,"2025-05-12","RT-D10","Dallas DC to Denver Dist.","DC-DAL","DST-DEN","FINISHED","TRUCK",2,32.7767,-96.7970,39.7392,-104.9903,2,0,26,89,false,"\N",3
48,"2025-09-01","RT-D09","Dallas DC to Houston Dist.","DC-DAL","DST-HOU","FINISHED","TRUCK",1,32.7767,-96.7970,29.7604,-95.3698,1,0,20,96,false,"\N",1
19,"2025-02-10","RT-B04","Chicago Brewery to Chicago DC","BRW-02","DC-CHI","FINISHED","TRUCK",1,41.8881,-87.6298,41.8525,-87.6514,1,0.45,13.9,100.64,true,"Ukraine-Russia War - Grain Export Disruption",60
27,"2025-04-07","RT-D12","Seattle DC to Portland Dist.","DC-SEA","DST-PDX","FINISHED","TRUCK",1,47.6062,-122.3321,45.5152,-122.6784,1,0,25,105,false,"\N",0
42,"2025-07-21","RT-D10","Dallas DC to Denver Dist.","DC-DAL","DST-DEN","FINISHED","TRUCK",2,32.7767,-96.7970,39.7392,-104.9903,2,0,28,99,false,"\N",8
79,"2026-04-06","RT-B04","Chicago Brewery to Chicago DC","BRW-02","DC-CHI","FINISHED","TRUCK",1,41.8881,-87.6298,41.8525,-87.6514,1,0,26,121,false,"\N",8
79,"2026-04-06","RT-D14","Seattle DC to LA Dist.","DC-SEA","DST-LAX","FINISHED","TRUCK",3,47.6062,-122.3321,34.0522,-118.2437,4,0,26,85,false,"\N",1
97,"2026-08-10","RT-S07","Hops: Yakima to Portland Brewery","SUP-WA","BRW-03","HOPS","TRUCK",1,46.6021,-120.5059,45.5152,-122.6784,1,0,10,128,false,"\N",1
30,"2025-04-28","RT-D03","Atlanta DC to Miami Dist.","DC-ATL","DST-MIA","FINISHED","TRUCK",2,33.7537,-84.3863,25.7617,-80.1918,3,0,21,124,false,"\N",0
25,"2025-03-24","RT-D10","Dallas DC to Denver Dist.","DC-DAL","DST-DEN","FINISHED","TRUCK",2,32.7767,-96.7970,39.7392,-104.9903,2,0,12,102,false,"\N",2
16,"2025-01-20","RT-S02","Barley: N.Dakota to Chicago Brewery","SUP-ND","BRW-02","BARLEY","RAIL",3,46.8772,-96.7898,41.8881,-87.6298,3,0.125,24.7,118.8,false,"\N",23
39,"2025-06-30","RT-S04","Barley: Saskatchewan to Brooklyn","SUP-SK","BRW-01","BARLEY","RAIL",6,50.4452,-104.6189,40.6782,-73.9442,7,0.125,15.2,116.6,false,"\N",16
53,"2025-10-06","RT-S02","Barley: N.Dakota to Chicago Brewery","SUP-ND","BRW-02","BARLEY","RAIL",3,46.8772,-96.7898,41.8881,-87.6298,4,0.075,10.7,102.82,false,"\N",12
56,"2025-10-27","RT-S05","Hops: Yakima to Brooklyn Brewery","SUP-WA","BRW-01","HOPS","TRUCK",7,46.6021,-120.5059,40.6782,-73.9442,8,0,23,107,false,"\N",2
27,"2025-04-07","RT-B05","Chicago Brewery to Dallas DC","BRW-02","DC-DAL","FINISHED","TRUCK",3,41.8881,-87.6298,32.7767,-96.7970,5,0.25,11.7,94.8,true,"Ukraine-Russia War - Grain Export Disruption",30
38,"2025-06-23","RT-S02","Barley: N.Dakota to Chicago Brewery","SUP-ND","BRW-02","BARLEY","RAIL",3,46.8772,-96.7898,41.8881,-87.6298,3,0.125,28.5,137.5,false,"\N",24
42,"2025-07-21","RT-S04","Barley: Saskatchewan to Brooklyn","SUP-SK","BRW-01","BARLEY","RAIL",6,50.4452,-104.6189,40.6782,-73.9442,7,0.075,27.2,79.5,false,"\N",17
84,"2026-05-11","RT-D04","Atlanta DC to Tampa Dist.","DC-ATL","DST-TPA","FINISHED","TRUCK",1,33.7537,-84.3863,27.9506,-82.4572,1,0,14,114,false,"\N",2
60,"2025-11-24","RT-S02","Barley: N.Dakota to Chicago Brewery","SUP-ND","BRW-02","BARLEY","RAIL",3,46.8772,-96.7898,41.8881,-87.6298,4,0,27,89,false,"\N",6
64,"2025-12-22","RT-B05","Chicago Brewery to Dallas DC","BRW-02","DC-DAL","FINISHED","TRUCK",3,41.8881,-87.6298,32.7767,-96.7970,3,0,17,84,false,"\N",9
71,"2026-02-09","RT-S05","Hops: Yakima to Brooklyn Brewery","SUP-WA","BRW-01","HOPS","TRUCK",7,46.6021,-120.5059,40.6782,-73.9442,7,0,23,87,false,"\N",4
71,"2026-02-09","RT-D12","Seattle DC to Portland Dist.","DC-SEA","DST-PDX","FINISHED","TRUCK",1,47.6062,-122.3321,45.5152,-122.6784,2,0,27,101,false,"\N",5
66,"2026-01-05","RT-B03","Brooklyn Brewery to Toronto DC","BRW-01","DC-TOR","FINISHED","TRUCK",2,40.6782,-73.9442,43.6532,-79.3832,2,0,22,81,false,"\N",2
69,"2026-01-26","RT-D08","Chicago DC to St.Louis Dist.","DC-CHI","DST-STL","FINISHED","TRUCK",1,41.8525,-87.6514,38.6270,-90.1994,1,0,12,93,false,"\N",3
2,"2024-10-14","RT-S06","Hops: Yakima to Chicago Brewery","SUP-WA","BRW-02","HOPS","TRUCK",5,46.6021,-120.5059,41.8881,-87.6298,5,0,29,91,false,"\N",3
22,"2025-03-03","RT-D08","Chicago DC to St.Louis Dist.","DC-CHI","DST-STL","FINISHED","TRUCK",1,41.8525,-87.6514,38.6270,-90.1994,2,0,21,88,false,"\N",1
11,"2024-12-16","RT-B01","Brooklyn Brewery to NYC DC","BRW-01","DC-NYC","FINISHED","TRUCK",1,40.6782,-73.9442,40.6501,-74.0139,1,0.3,22,148.8,true,"Ukraine-Russia War - Grain Export Disruption",36
15,"2025-01-13","RT-B04","Chicago Brewery to Chicago DC","BRW-02","DC-CHI","FINISHED","TRUCK",1,41.8881,-87.6298,41.8525,-87.6514,2,0.45,10.7,163.2,true,"Ukraine-Russia War - Grain Export Disruption",62
26,"2025-03-31","RT-S06","Hops: Yakima to Chicago Brewery","SUP-WA","BRW-02","HOPS","TRUCK",5,46.6021,-120.5059,41.8881,-87.6298,5,0,21,97,false,"\N",8
56,"2025-10-27","RT-S06","Hops: Yakima to Chicago Brewery","SUP-WA","BRW-02","HOPS","TRUCK",5,46.6021,-120.5059,41.8881,-87.6298,5,0,19,123,false,"\N",3
53,"2025-10-06","RT-S08","Hops: Germany (via Newark) to Brooklyn","SUP-DE","BRW-01","HOPS","OCEAN+TRUCK",21,40.7282,-74.1534,40.6782,-73.9442,21,0,27,99,false,"\N",1
28,"2025-04-14","RT-B04","Chicago Brewery to Chicago DC","BRW-02","DC-CHI","FINISHED","TRUCK",1,41.8881,-87.6298,41.8525,-87.6514,1,0.25,23.4,100.8,true,"Ukraine-Russia War - Grain Export Disruption",37
54,"2025-10-13","RT-B02","Brooklyn Brewery to Atlanta DC","BRW-01","DC-ATL","FINISHED","TRUCK",3,40.6782,-73.9442,33.7537,-84.3863,3,0.15,13.2,116.48,false,"Black Sea Grain Corridor Collapse",20
80,"2026-04-13","RT-D04","Atlanta DC to Tampa Dist.","DC-ATL","DST-TPA","FINISHED","TRUCK",1,33.7537,-84.3863,27.9506,-82.4572,1,0,25,80,false,"\N",2
27,"2025-04-07","RT-S02","Barley: N.Dakota to Chicago Brewery","SUP-ND","BRW-02","BARLEY","RAIL",3,46.8772,-96.7898,41.8881,-87.6298,3,0.125,27.6,111.1,false,"\N",17
35,"2025-06-02","RT-D08","Chicago DC to St.Louis Dist.","DC-CHI","DST-STL","FINISHED","TRUCK",1,41.8525,-87.6514,38.6270,-90.1994,1,0,13,130,false,"\N",0
52,"2025-09-29","RT-S02","Barley: N.Dakota to Chicago Brewery","SUP-ND","BRW-02","BARLEY","RAIL",3,46.8772,-96.7898,41.8881,-87.6298,3,0.075,16.5,89.04,false,"\N",17
44,"2025-08-04","RT-B04","Chicago Brewery to Chicago DC","BRW-02","DC-CHI","FINISHED","TRUCK",1,41.8881,-87.6298,41.8525,-87.6514,1,0.15,24.4,106.4,false,"Black Sea Grain Corridor Collapse",18
5,"2024-11-04","RT-D13","Seattle DC to SF Dist.","DC-SEA","DST-SFO","FINISHED","TRUCK",2,47.6062,-122.3321,37.7749,-122.4194,2,0,26,76,false,"\N",7
2,"2024-10-14","RT-B06","Portland Brewery to Seattle DC","BRW-03","DC-SEA","FINISHED","TRUCK",1,45.5152,-122.6784,47.6062,-122.3321,2,0.25,18,135.6,true,"Ukraine-Russia War - Grain Export Disruption",38
12,"2024-12-23","RT-D10","Dallas DC to Denver Dist.","DC-DAL","DST-DEN","FINISHED","TRUCK",2,32.7767,-96.7970,39.7392,-104.9903,2,0,26,130,false,"\N",2
18,"2025-02-03","RT-S02","Barley: N.Dakota to Chicago Brewery","SUP-ND","BRW-02","BARLEY","RAIL",3,46.8772,-96.7898,41.8881,-87.6298,3,0.125,24.7,141.9,false,"\N",19
22,"2025-03-03","RT-S01","Barley: Montana to Brooklyn Brewery","SUP-MT","BRW-01","BARLEY","RAIL",5,47.5063,-111.2813,40.6782,-73.9442,5,0.125,27.6,89.1,false,"\N",25
36,"2025-06-09","RT-D05","Atlanta DC to Nashville Dist.","DC-ATL","DST-NSH","FINISHED","TRUCK",1,33.7537,-84.3863,36.1627,-86.7816,1,0,29,93,false,"\N",8
28,"2025-04-14","RT-S05","Hops: Yakima to Brooklyn Brewery","SUP-WA","BRW-01","HOPS","TRUCK",7,46.6021,-120.5059,40.6782,-73.9442,7,0,28,95,false,"\N",5
90,"2026-06-22","RT-S06","Hops: Yakima to Chicago Brewery","SUP-WA","BRW-02","HOPS","TRUCK",5,46.6021,-120.5059,41.8881,-87.6298,6,0,16,100,false,"\N",0
26,"2025-03-31","RT-D11","Dallas DC to Phoenix Dist.","DC-DAL","DST-PHX","FINISHED","TRUCK",2,32.7767,-96.7970,33.4484,-112.0740,2,0,18,89,false,"\N",7
31,"2025-05-05","RT-S02","Barley: N.Dakota to Chicago Brewery","SUP-ND","BRW-02","BARLEY","RAIL",3,46.8772,-96.7898,41.8881,-87.6298,4,0.125,27.6,118.8,false,"\N",18
48,"2025-09-01","RT-S01","Barley: Montana to Brooklyn Brewery","SUP-MT","BRW-01","BARLEY","RAIL",5,47.5063,-111.2813,40.6782,-73.9442,6,0.075,24.3,82.68,false,"\N",9
38,"2025-06-23","RT-D12","Seattle DC to Portland Dist.","DC-SEA","DST-PDX","FINISHED","TRUCK",1,47.6062,-122.3321,45.5152,-122.6784,1,0,22,115,false,"\N",7
42,"2025-07-21","RT-D09","Dallas DC to Houston Dist.","DC-DAL","DST-HOU","FINISHED","TRUCK",1,32.7767,-96.7970,29.7604,-95.3698,2,0,29,119,false,"\N",8
96,"2026-08-03","RT-B03","Brooklyn Brewery to Toronto DC","BRW-01","DC-TOR","FINISHED","TRUCK",2,40.6782,-73.9442,43.6532,-79.3832,2,0,25,96,false,"\N",10
95,"2026-07-27","RT-S05","Hops: Yakima to Brooklyn Brewery","SUP-WA","BRW-01","HOPS","TRUCK",7,46.6021,-120.5059,40.6782,-73.9442,8,0,13,80,false,"\N",9
95,"2026-07-27","RT-S02","Barley: N.Dakota to Chicago Brewery","SUP-ND","BRW-02","BARLEY","RAIL",3,46.8772,-96.7898,41.8881,-87.6298,4,0.06,11.7,102.7,false,"\N",11
38,"2025-06-23","RT-D07","Chicago DC to Minneapolis Dist.","DC-CHI","DST-MSP","FINISHED","TRUCK",1,41.8525,-87.6514,44.9778,-93.2650,1,0,25,70,false,"\N",5
98,"2026-08-17","RT-D06","Chicago DC to Detroit Dist.","DC-CHI","DST-DET","FINISHED","TRUCK",1,41.8525,-87.6514,42.3314,-83.0458,1,0,21,90,false,"\N",7
91,"2026-06-29","RT-S02","Barley: N.Dakota to Chicago Brewery","SUP-ND","BRW-02","BARLEY","RAIL",3,46.8772,-96.7898,41.8881,-87.6298,3,0.06,12.7,120.52,false,"\N",10
97,"2026-08-10","RT-S04","Barley: Saskatchewan to Brooklyn","SUP-SK","BRW-01","BARLEY","RAIL",6,50.4452,-104.6189,40.6782,-73.9442,7,0.06,13.7,76.5,false,"\N",16
44,"2025-08-04","RT-B05","Chicago Brewery to Dallas DC","BRW-02","DC-DAL","FINISHED","TRUCK",3,41.8881,-87.6298,32.7767,-96.7970,3,0.15,16.9,145.6,false,"Black Sea Grain Corridor Collapse",23
50,"2025-09-15","RT-S02","Barley: N.Dakota to Chicago Brewery","SUP-ND","BRW-02","BARLEY","RAIL",3,46.8772,-96.7898,41.8881,-87.6298,4,0.075,11.6,125.08,false,"\N",11
55,"2025-10-20","RT-D09","Dallas DC to Houston Dist.","DC-DAL","DST-HOU","FINISHED","TRUCK",1,32.7767,-96.7970,29.7604,-95.3698,2,0,28,107,false,"\N",4
58,"2025-11-10","RT-B06","Portland Brewery to Seattle DC","BRW-03","DC-SEA","FINISHED","TRUCK",1,45.5152,-122.6784,47.6062,-122.3321,1,0,21,89,false,"\N",4
60,"2025-11-24","RT-S07","Hops: Yakima to Portland Brewery","SUP-WA","BRW-03","HOPS","TRUCK",1,46.6021,-120.5059,45.5152,-122.6784,1,0,19,125,false,"\N",8
67,"2026-01-12","RT-S04","Barley: Saskatchewan to Brooklyn","SUP-SK","BRW-01","BARLEY","RAIL",6,50.4452,-104.6189,40.6782,-73.9442,6,0,20,73,false,"\N",4
68,"2026-01-19","RT-S05","Hops: Yakima to Brooklyn Brewery","SUP-WA","BRW-01","HOPS","TRUCK",7,46.6021,-120.5059,40.6782,-73.9442,8,0,14,85,false,"\N",2
66,"2026-01-05","RT-D05","Atlanta DC to Nashville Dist.","DC-ATL","DST-NSH","FINISHED","TRUCK",1,33.7537,-84.3863,36.1627,-86.7816,1,0,17,92,false,"\N",7
70,"2026-02-02","RT-S04","Barley: Saskatchewan to Brooklyn","SUP-SK","BRW-01","BARLEY","RAIL",6,50.4452,-104.6189,40.6782,-73.9442,6,0,15,89,false,"\N",7
63,"2025-12-15","RT-S04","Barley: Saskatchewan to Brooklyn","SUP-SK","BRW-01","BARLEY","RAIL",6,50.4452,-104.6189,40.6782,-73.9442,6,0,14,118,false,"\N",10
7,"2024-11-18","RT-D13","Seattle DC to SF Dist.","DC-SEA","DST-SFO","FINISHED","TRUCK",2,47.6062,-122.3321,37.7749,-122.4194,3,0,10,70,false,"\N",6
44,"2025-08-04","RT-D03","Atlanta DC to Miami Dist.","DC-ATL","DST-MIA","FINISHED","TRUCK",2,33.7537,-84.3863,25.7617,-80.1918,3,0,20,90,false,"\N",8
23,"2025-03-10","RT-D09","Dallas DC to Houston Dist.","DC-DAL","DST-HOU","FINISHED","TRUCK",1,32.7767,-96.7970,29.7604,-95.3698,1,0,25,100,false,"\N",9
36,"2025-06-09","RT-D13","Seattle DC to SF Dist.","DC-SEA","DST-SFO","FINISHED","TRUCK",2,47.6062,-122.3321,37.7749,-122.4194,3,0,10,112,false,"\N",4
51,"2025-09-22","RT-D05","Atlanta DC to Nashville Dist.","DC-ATL","DST-NSH","FINISHED","TRUCK",1,33.7537,-84.3863,36.1627,-86.7816,2,0,22,77,false,"\N",0
79,"2026-04-06","RT-D08","Chicago DC to St.Louis Dist.","DC-CHI","DST-STL","FINISHED","TRUCK",1,41.8525,-87.6514,38.6270,-90.1994,1,0,28,112,false,"\N",0
92,"2026-07-06","RT-D11","Dallas DC to Phoenix Dist.","DC-DAL","DST-PHX","FINISHED","TRUCK",2,32.7767,-96.7970,33.4484,-112.0740,2,0,23,112,false,"\N",5
92,"2026-07-06","RT-D10","Dallas DC to Denver Dist.","DC-DAL","DST-DEN","FINISHED","TRUCK",2,32.7767,-96.7970,39.7392,-104.9903,2,0,11,95,false,"\N",8
43,"2025-07-28","RT-D07","Chicago DC to Minneapolis Dist.","DC-CHI","DST-MSP","FINISHED","TRUCK",1,41.8525,-87.6514,44.9778,-93.2650,2,0,29,112,false,"\N",1
86,"2026-05-25","RT-S02","Barley: N.Dakota to Chicago Brewery","SUP-ND","BRW-02","BARLEY","RAIL",3,46.8772,-96.7898,41.8881,-87.6298,3,0,27,95,false,"\N",4
103,"2026-09-21","RT-S06","Hops: Yakima to Chicago Brewery","SUP-WA","BRW-02","HOPS","TRUCK",5,46.6021,-120.5059,41.8881,-87.6298,5,0,17,101,false,"\N",2
1,"2024-10-07","RT-D13","Seattle DC to SF Dist.","DC-SEA","DST-SFO","FINISHED","TRUCK",2,47.6062,-122.3321,37.7749,-122.4194,3,0,19,88,false,"\N",6
6,"2024-11-11","RT-D12","Seattle DC to Portland Dist.","DC-SEA","DST-PDX","FINISHED","TRUCK",1,47.6062,-122.3321,45.5152,-122.6784,1,0,27,83,false,"\N",5
16,"2025-01-20","RT-D02","NYC DC to Philadelphia Dist.","DC-NYC","DST-PHL","FINISHED","TRUCK",1,40.6501,-74.0139,39.9526,-75.1652,2,0,14,77,false,"\N",1
41,"2025-07-14","RT-B04","Chicago Brewery to Chicago DC","BRW-02","DC-CHI","FINISHED","TRUCK",1,41.8881,-87.6298,41.8525,-87.6514,2,0.15,26.3,131.04,false,"Black Sea Grain Corridor Collapse",25
15,"2025-01-13","RT-S03","Barley: Idaho to Portland Brewery","SUP-ID","BRW-03","BARLEY","TRUCK",2,43.6150,-116.2023,45.5152,-122.6784,2,0.125,20,81.4,false,"\N",24
39,"2025-06-30","RT-B06","Portland Brewery to Seattle DC","BRW-03","DC-SEA","FINISHED","TRUCK",1,45.5152,-122.6784,47.6062,-122.3321,1,0.25,18.9,140.4,true,"Ukraine-Russia War - Grain Export Disruption",32
51,"2025-09-22","RT-D02","NYC DC to Philadelphia Dist.","DC-NYC","DST-PHL","FINISHED","TRUCK",1,40.6501,-74.0139,39.9526,-75.1652,1,0,29,99,false,"\N",8
88,"2026-06-08","RT-D01","NYC DC to Boston Dist.","DC-NYC","DST-BOS","FINISHED","TRUCK",1,40.6501,-74.0139,42.3601,-71.0589,1,0,11,130,false,"\N",3
29,"2025-04-21","RT-D01","NYC DC to Boston Dist.","DC-NYC","DST-BOS","FINISHED","TRUCK",1,40.6501,-74.0139,42.3601,-71.0589,2,0,19,114,false,"\N",6
38,"2025-06-23","RT-D08","Chicago DC to St.Louis Dist.","DC-CHI","DST-STL","FINISHED","TRUCK",1,41.8525,-87.6514,38.6270,-90.1994,1,0,13,127,false,"\N",8
35,"2025-06-02","RT-S04","Barley: Saskatchewan to Brooklyn","SUP-SK","BRW-01","BARLEY","RAIL",6,50.4452,-104.6189,40.6782,-73.9442,7,0.125,26.6,126.5,false,"\N",20
55,"2025-10-20","RT-S04","Barley: Saskatchewan to Brooklyn","SUP-SK","BRW-01","BARLEY","RAIL",6,50.4452,-104.6189,40.6782,-73.9442,7,0.075,20.4,92.22,false,"\N",18
93,"2026-07-13","RT-B02","Brooklyn Brewery to Atlanta DC","BRW-01","DC-ATL","FINISHED","TRUCK",3,40.6782,-73.9442,33.7537,-84.3863,3,0,29,82,false,"\N",7
97,"2026-08-10","RT-D09","Dallas DC to Houston Dist.","DC-DAL","DST-HOU","FINISHED","TRUCK",1,32.7767,-96.7970,29.7604,-95.3698,2,0,29,77,false,"\N",8
83,"2026-05-04","RT-B06","Portland Brewery to Seattle DC","BRW-03","DC-SEA","FINISHED","TRUCK",1,45.5152,-122.6784,47.6062,-122.3321,1,0.18,10.2,145.29,true,"EU Export Controls on Hop Extracts",24
82,"2026-04-27","RT-D05","Atlanta DC to Nashville Dist.","DC-ATL","DST-NSH","FINISHED","TRUCK",1,33.7537,-84.3863,36.1627,-86.7816,1,0,15,121,false,"\N",7
100,"2026-08-31","RT-S08","Hops: Germany (via Newark) to Brooklyn","SUP-DE","BRW-01","HOPS","OCEAN+TRUCK",21,40.7282,-74.1534,40.6782,-73.9442,21,0,16,74,false,"\N",6
86,"2026-05-25","RT-D09","Dallas DC to Houston Dist.","DC-DAL","DST-HOU","FINISHED","TRUCK",1,32.7767,-96.7970,29.7604,-95.3698,2,0,16,86,false,"\N",3
86,"2026-05-25","RT-D14","Seattle DC to LA Dist.","DC-SEA","DST-LAX","FINISHED","TRUCK",3,47.6062,-122.3321,34.0522,-118.2437,3,0,21,72,false,"\N",10
51,"2025-09-22","RT-D13","Seattle DC to SF Dist.","DC-SEA","DST-SFO","FINISHED","TRUCK",2,47.6062,-122.3321,37.7749,-122.4194,2,0,15,78,false,"\N",7
42,"2025-07-21","RT-S06","Hops: Yakima to Chicago Brewery","SUP-WA","BRW-02","HOPS","TRUCK",5,46.6021,-120.5059,41.8881,-87.6298,5,0,18,95,false,"\N",3
87,"2026-06-01","RT-D08","Chicago DC to St.Louis Dist.","DC-CHI","DST-STL","FINISHED","TRUCK",1,41.8525,-87.6514,38.6270,-90.1994,2,0,22,114,false,"\N",1
93,"2026-07-13","RT-B03","Brooklyn Brewery to Toronto DC","BRW-01","DC-TOR","FINISHED","TRUCK",2,40.6782,-73.9442,43.6532,-79.3832,2,0,27,123,false,"\N",7
52,"2025-09-29","RT-S07","Hops: Yakima to Portland Brewery","SUP-WA","BRW-03","HOPS","TRUCK",1,46.6021,-120.5059,45.5152,-122.6784,1,0.35,24.9,140.8,true,"\N",42
66,"2026-01-05","RT-B04","Chicago Brewery to Chicago DC","BRW-02","DC-CHI","FINISHED","TRUCK",1,41.8881,-87.6298,41.8525,-87.6514,2,0,27,86,false,"\N",0
72,"2026-02-16","RT-S04","Barley: Saskatchewan to Brooklyn","SUP-SK","BRW-01","BARLEY","RAIL",6,50.4452,-104.6189,40.6782,-73.9442,6,0,14,83,false,"\N",1
73,"2026-02-23","RT-S02","Barley: N.Dakota to Chicago Brewery","SUP-ND","BRW-02","BARLEY","RAIL",3,46.8772,-96.7898,41.8881,-87.6298,4,0,26,103,false,"\N",7
102,"2026-09-14","RT-D09","Dallas DC to Houston Dist.","DC-DAL","DST-HOU","FINISHED","TRUCK",1,32.7767,-96.7970,29.7604,-95.3698,2,0,11,105,false,"\N",9
15,"2025-01-13","RT-D13","Seattle DC to SF Dist.","DC-SEA","DST-SFO","FINISHED","TRUCK",2,47.6062,-122.3321,37.7749,-122.4194,2,0,30,74,false,"\N",1
13,"2024-12-30","RT-D09","Dallas DC to Houston Dist.","DC-DAL","DST-HOU","FINISHED","TRUCK",1,32.7767,-96.7970,29.7604,-95.3698,1,0,26,96,false,"\N",4
14,"2025-01-06","RT-D10","Dallas DC to Denver Dist.","DC-DAL","DST-DEN","FINISHED","TRUCK",2,32.7767,-96.7970,39.7392,-104.9903,2,0,25,84,false,"\N",6
22,"2025-03-03","RT-D13","Seattle DC to SF Dist.","DC-SEA","DST-SFO","FINISHED","TRUCK",2,47.6062,-122.3321,37.7749,-122.4194,3,0,21,75,false,"\N",1
34,"2025-05-26","RT-D12","Seattle DC to Portland Dist.","DC-SEA","DST-PDX","FINISHED","TRUCK",1,47.6062,-122.3321,45.5152,-122.6784,1,0,29,110,false,"\N",8
39,"2025-06-30","RT-S02","Barley: N.Dakota to Chicago Brewery","SUP-ND","BRW-02","BARLEY","RAIL",3,46.8772,-96.7898,41.8881,-87.6298,3,0.125,11.4,107.8,false,"\N",24
28,"2025-04-14","RT-S06","Hops: Yakima to Chicago Brewery","SUP-WA","BRW-02","HOPS","TRUCK",5,46.6021,-120.5059,41.8881,-87.6298,5,0,30,84,false,"\N",8
92,"2026-07-06","RT-S07","Hops: Yakima to Portland Brewery","SUP-WA","BRW-03","HOPS","TRUCK",1,46.6021,-120.5059,45.5152,-122.6784,1,0,27,101,false,"\N",9
15,"2025-01-13","RT-B06","Portland Brewery to Seattle DC","BRW-03","DC-SEA","FINISHED","TRUCK",1,45.5152,-122.6784,47.6062,-122.3321,1,0.25,9,106.8,true,"Ukraine-Russia War - Grain Export Disruption",30
17,"2025-01-27","RT-D08","Chicago DC to St.Louis Dist.","DC-CHI","DST-STL","FINISHED","TRUCK",1,41.8525,-87.6514,38.6270,-90.1994,1,0,11,93,false,"\N",4
23,"2025-03-10","RT-D11","Dallas DC to Phoenix Dist.","DC-DAL","DST-PHX","FINISHED","TRUCK",2,32.7767,-96.7970,33.4484,-112.0740,2,0,10,83,false,"\N",7
83,"2026-05-04","RT-S05","Hops: Yakima to Brooklyn Brewery","SUP-WA","BRW-01","HOPS","TRUCK",7,46.6021,-120.5059,40.6782,-73.9442,8,0,20,101,false,"\N",1
25,"2025-03-24","RT-D08","Chicago DC to St.Louis Dist.","DC-CHI","DST-STL","FINISHED","TRUCK",1,41.8525,-87.6514,38.6270,-90.1994,2,0,21,71,false,"\N",4
36,"2025-06-09","RT-D02","NYC DC to Philadelphia Dist.","DC-NYC","DST-PHL","FINISHED","TRUCK",1,40.6501,-74.0139,39.9526,-75.1652,1,0,15,78,false,"\N",2
89,"2026-06-15","RT-D05","Atlanta DC to Nashville Dist.","DC-ATL","DST-NSH","FINISHED","TRUCK",1,33.7537,-84.3863,36.1627,-86.7816,2,0,20,109,false,"\N",5
33,"2025-05-19","RT-B01","Brooklyn Brewery to NYC DC","BRW-01","DC-NYC","FINISHED","TRUCK",1,40.6782,-73.9442,40.6501,-74.0139,1,0.25,21.6,150,true,"Ukraine-Russia War - Grain Export Disruption",35
92,"2026-07-06","RT-S03","Barley: Idaho to Portland Brewery","SUP-ID","BRW-03","BARLEY","TRUCK",2,43.6150,-116.2023,45.5152,-122.6784,2,0.06,9.8,113.18,false,"\N",8
3,"2024-10-21","RT-D14","Seattle DC to LA Dist.","DC-SEA","DST-LAX","FINISHED","TRUCK",3,47.6062,-122.3321,34.0522,-118.2437,3,0,24,89,false,"\N",5
21,"2025-02-24","RT-D14","Seattle DC to LA Dist.","DC-SEA","DST-LAX","FINISHED","TRUCK",3,47.6062,-122.3321,34.0522,-118.2437,3,0,18,86,false,"\N",8
26,"2025-03-31","RT-D14","Seattle DC to LA Dist.","DC-SEA","DST-LAX","FINISHED","TRUCK",3,47.6062,-122.3321,34.0522,-118.2437,3,0,30,78,false,"\N",1
34,"2025-05-26","RT-D02","NYC DC to Philadelphia Dist.","DC-NYC","DST-PHL","FINISHED","TRUCK",1,40.6501,-74.0139,39.9526,-75.1652,2,0,21,129,false,"\N",0
32,"2025-05-12","RT-B06","Portland Brewery to Seattle DC","BRW-03","DC-SEA","FINISHED","TRUCK",1,45.5152,-122.6784,47.6062,-122.3321,1,0.25,9.9,118.8,true,"Ukraine-Russia War - Grain Export Disruption",31
56,"2025-10-27","RT-S07","Hops: Yakima to Portland Brewery","SUP-WA","BRW-03","HOPS","TRUCK",1,46.6021,-120.5059,45.5152,-122.6784,1,0,28,70,false,"\N",2
45,"2025-08-11","RT-S07","Hops: Yakima to Portland Brewery","SUP-WA","BRW-03","HOPS","TRUCK",1,46.6021,-120.5059,45.5152,-122.6784,2,0,20,92,false,"\N",1
84,"2026-05-11","RT-D03","Atlanta DC to Miami Dist.","DC-ATL","DST-MIA","FINISHED","TRUCK",2,33.7537,-84.3863,25.7617,-80.1918,2,0,27,80,false,"\N",0
85,"2026-05-18","RT-S05","Hops: Yakima to Brooklyn Brewery","SUP-WA","BRW-01","HOPS","TRUCK",7,46.6021,-120.5059,40.6782,-73.9442,7,0,19,100,false,"\N",8
88,"2026-06-08","RT-B05","Chicago Brewery to Dallas DC","BRW-02","DC-DAL","FINISHED","TRUCK",3,41.8881,-87.6298,32.7767,-96.7970,4,0.12,28.6,103.02,false,"Midwest Drought - Domestic Barley Belt",20
96,"2026-08-03","RT-D11","Dallas DC to Phoenix Dist.","DC-DAL","DST-PHX","FINISHED","TRUCK",2,32.7767,-96.7970,33.4484,-112.0740,2,0,11,130,false,"\N",8
97,"2026-08-10","RT-B06","Portland Brewery to Seattle DC","BRW-03","DC-SEA","FINISHED","TRUCK",1,45.5152,-122.6784,47.6062,-122.3321,1,0.12,10.5,78.91,false,"Midwest Drought - Domestic Barley Belt",17
25,"2025-03-24","RT-S06","Hops: Yakima to Chicago Brewery","SUP-WA","BRW-02","HOPS","TRUCK",5,46.6021,-120.5059,41.8881,-87.6298,5,0,29,92,false,"\N",6
64,"2025-12-22","RT-S05","Hops: Yakima to Brooklyn Brewery","SUP-WA","BRW-01","HOPS","TRUCK",7,46.6021,-120.5059,40.6782,-73.9442,7,0,18,125,false,"\N",6
64,"2025-12-22","RT-B04","Chicago Brewery to Chicago DC","BRW-02","DC-CHI","FINISHED","TRUCK",1,41.8881,-87.6298,41.8525,-87.6514,1,0,28,107,false,"\N",8
63,"2025-12-15","RT-S08","Hops: Germany (via Newark) to Brooklyn","SUP-DE","BRW-01","HOPS","OCEAN+TRUCK",21,40.7282,-74.1534,40.6782,-73.9442,22,0,28,77,false,"\N",5
63,"2025-12-15","RT-B05","Chicago Brewery to Dallas DC","BRW-02","DC-DAL","FINISHED","TRUCK",3,41.8881,-87.6298,32.7767,-96.7970,3,0,30,88,false,"\N",6
102,"2026-09-14","RT-S02","Barley: N.Dakota to Chicago Brewery","SUP-ND","BRW-02","BARLEY","RAIL",3,46.8772,-96.7898,41.8881,-87.6298,4,0,30,70,false,"\N",7
4,"2024-10-28","RT-S03","Barley: Idaho to Portland Brewery","SUP-ID","BRW-03","BARLEY","TRUCK",2,43.6150,-116.2023,45.5152,-122.6784,2,0.125,28.5,132,false,"\N",19
11,"2024-12-16","RT-D12","Seattle DC to Portland Dist.","DC-SEA","DST-PDX","FINISHED","TRUCK",1,47.6062,-122.3321,45.5152,-122.6784,2,0,14,83,false,"\N",10
22,"2025-03-03","RT-D12","Seattle DC to Portland Dist.","DC-SEA","DST-PDX","FINISHED","TRUCK",1,47.6062,-122.3321,45.5152,-122.6784,2,0,23,93,false,"\N",2
49,"2025-09-08","RT-S03","Barley: Idaho to Portland Brewery","SUP-ID","BRW-03","BARLEY","TRUCK",2,43.6150,-116.2023,45.5152,-122.6784,2,0.075,22.3,106,false,"\N",16
49,"2025-09-08","RT-B06","Portland Brewery to Seattle DC","BRW-03","DC-SEA","FINISHED","TRUCK",1,45.5152,-122.6784,47.6062,-122.3321,1,0.35,19.8,103.68,true,"Pacific NW Wildfires - Hop Country",49
51,"2025-09-22","RT-D14","Seattle DC to LA Dist.","DC-SEA","DST-LAX","FINISHED","TRUCK",3,47.6062,-122.3321,34.0522,-118.2437,4,0,17,123,false,"\N",6
74,"2026-03-02","RT-D11","Dallas DC to Phoenix Dist.","DC-DAL","DST-PHX","FINISHED","TRUCK",2,32.7767,-96.7970,33.4484,-112.0740,2,0,17,113,false,"\N",4
48,"2025-09-01","RT-B02","Brooklyn Brewery to Atlanta DC","BRW-01","DC-ATL","FINISHED","TRUCK",3,40.6782,-73.9442,33.7537,-84.3863,3,0.15,16.9,78.4,false,"Black Sea Grain Corridor Collapse",27
56,"2025-10-27","RT-D04","Atlanta DC to Tampa Dist.","DC-ATL","DST-TPA","FINISHED","TRUCK",1,33.7537,-84.3863,27.9506,-82.4572,2,0,17,90,false,"\N",2
90,"2026-06-22","RT-S04","Barley: Saskatchewan to Brooklyn","SUP-SK","BRW-01","BARLEY","RAIL",6,50.4452,-104.6189,40.6782,-73.9442,7,0.06,12.7,119.47,false,"\N",12
19,"2025-02-10","RT-D03","Atlanta DC to Miami Dist.","DC-ATL","DST-MIA","FINISHED","TRUCK",2,33.7537,-84.3863,25.7617,-80.1918,3,0,23,88,false,"\N",7
81,"2026-04-20","RT-B02","Brooklyn Brewery to Atlanta DC","BRW-01","DC-ATL","FINISHED","TRUCK",3,40.6782,-73.9442,33.7537,-84.3863,3,0,10,106,false,"\N",1
76,"2026-03-16","RT-D03","Atlanta DC to Miami Dist.","DC-ATL","DST-MIA","FINISHED","TRUCK",2,33.7537,-84.3863,25.7617,-80.1918,2,0,18,108,false,"\N",1
45,"2025-08-11","RT-B04","Chicago Brewery to Chicago DC","BRW-02","DC-CHI","FINISHED","TRUCK",1,41.8881,-87.6298,41.8525,-87.6514,1,0.15,16,107.52,false,"Black Sea Grain Corridor Collapse",27
44,"2025-08-04","RT-S07","Hops: Yakima to Portland Brewery","SUP-WA","BRW-03","HOPS","TRUCK",1,46.6021,-120.5059,45.5152,-122.6784,2,0,12,114,false,"\N",3
76,"2026-03-16","RT-D05","Atlanta DC to Nashville Dist.","DC-ATL","DST-NSH","FINISHED","TRUCK",1,33.7537,-84.3863,36.1627,-86.7816,1,0,14,125,false,"\N",3
93,"2026-07-13","RT-S02","Barley: N.Dakota to Chicago Brewery","SUP-ND","BRW-02","BARLEY","RAIL",3,46.8772,-96.7898,41.8881,-87.6298,3,0.06,9.8,117.38,false,"\N",7
64,"2025-12-22","RT-D04","Atlanta DC to Tampa Dist.","DC-ATL","DST-TPA","FINISHED","TRUCK",1,33.7537,-84.3863,27.9506,-82.4572,1,0,27,95,false,"\N",5
59,"2025-11-17","RT-B02","Brooklyn Brewery to Atlanta DC","BRW-01","DC-ATL","FINISHED","TRUCK",3,40.6782,-73.9442,33.7537,-84.3863,3,0,15,89,false,"\N",10
61,"2025-12-01","RT-D10","Dallas DC to Denver Dist.","DC-DAL","DST-DEN","FINISHED","TRUCK",2,32.7767,-96.7970,39.7392,-104.9903,3,0,21,128,false,"\N",0
72,"2026-02-16","RT-S07","Hops: Yakima to Portland Brewery","SUP-WA","BRW-03","HOPS","TRUCK",1,46.6021,-120.5059,45.5152,-122.6784,2,0,20,73,false,"\N",1
101,"2026-09-07","RT-D12","Seattle DC to Portland Dist.","DC-SEA","DST-PDX","FINISHED","TRUCK",1,47.6062,-122.3321,45.5152,-122.6784,2,0,21,79,false,"\N",2
1,"2024-10-07","RT-S06","Hops: Yakima to Chicago Brewery","SUP-WA","BRW-02","HOPS","TRUCK",5,46.6021,-120.5059,41.8881,-87.6298,5,0,11,103,false,"\N",1
12,"2024-12-23","RT-D03","Atlanta DC to Miami Dist.","DC-ATL","DST-MIA","FINISHED","TRUCK",2,33.7537,-84.3863,25.7617,-80.1918,2,0,22,87,false,"\N",6
14,"2025-01-06","RT-B06","Portland Brewery to Seattle DC","BRW-03","DC-SEA","FINISHED","TRUCK",1,45.5152,-122.6784,47.6062,-122.3321,1,0.25,18.9,93.6,true,"Ukraine-Russia War - Grain Export Disruption",34
20,"2025-02-17","RT-S01","Barley: Montana to Brooklyn Brewery","SUP-MT","BRW-01","BARLEY","RAIL",5,47.5063,-111.2813,40.6782,-73.9442,7,0.125,22.8,135.3,false,"\N",24
22,"2025-03-03","RT-S06","Hops: Yakima to Chicago Brewery","SUP-WA","BRW-02","HOPS","TRUCK",5,46.6021,-120.5059,41.8881,-87.6298,5,0,25,111,false,"\N",1
19,"2025-02-10","RT-S08","Hops: Germany (via Newark) to Brooklyn","SUP-DE","BRW-01","HOPS","OCEAN+TRUCK",21,40.7282,-74.1534,40.6782,-73.9442,22,0,14,97,false,"\N",2
42,"2025-07-21","RT-D13","Seattle DC to SF Dist.","DC-SEA","DST-SFO","FINISHED","TRUCK",2,47.6062,-122.3321,37.7749,-122.4194,3,0,28,116,false,"\N",9
43,"2025-07-28","RT-S05","Hops: Yakima to Brooklyn Brewery","SUP-WA","BRW-01","HOPS","TRUCK",7,46.6021,-120.5059,40.6782,-73.9442,8,0,30,73,false,"\N",1
89,"2026-06-15","RT-S03","Barley: Idaho to Portland Brewery","SUP-ID","BRW-03","BARLEY","TRUCK",2,43.6150,-116.2023,45.5152,-122.6784,3,0.06,25.4,112.14,false,"\N",17
95,"2026-07-27","RT-B01","Brooklyn Brewery to NYC DC","BRW-01","DC-NYC","FINISHED","TRUCK",1,40.6782,-73.9442,40.6501,-74.0139,2,0,16,84,false,"\N",8
99,"2026-08-24","RT-D02","NYC DC to Philadelphia Dist.","DC-NYC","DST-PHL","FINISHED","TRUCK",1,40.6501,-74.0139,39.9526,-75.1652,1,0,21,109,false,"\N",2
88,"2026-06-08","RT-D12","Seattle DC to Portland Dist.","DC-SEA","DST-PDX","FINISHED","TRUCK",1,47.6062,-122.3321,45.5152,-122.6784,2,0,30,130,false,"\N",9
78,"2026-03-30","RT-D07","Chicago DC to Minneapolis Dist.","DC-CHI","DST-MSP","FINISHED","TRUCK",1,41.8525,-87.6514,44.9778,-93.2650,2,0,14,130,false,"\N",8
43,"2025-07-28","RT-S04","Barley: Saskatchewan to Brooklyn","SUP-SK","BRW-01","BARLEY","RAIL",6,50.4452,-104.6189,40.6782,-73.9442,6,0.075,15.5,87.98,false,"\N",12
86,"2026-05-25","RT-S08","Hops: Germany (via Newark) to Brooklyn","SUP-DE","BRW-01","HOPS","OCEAN+TRUCK",21,40.7282,-74.1534,40.6782,-73.9442,21,0,18,114,false,"\N",10
94,"2026-07-20","RT-S05","Hops: Yakima to Brooklyn Brewery","SUP-WA","BRW-01","HOPS","TRUCK",7,46.6021,-120.5059,40.6782,-73.9442,7,0,27,104,false,"\N",6
43,"2025-07-28","RT-S06","Hops: Yakima to Chicago Brewery","SUP-WA","BRW-02","HOPS","TRUCK",5,46.6021,-120.5059,41.8881,-87.6298,6,0,21,82,false,"\N",2
60,"2025-11-24","RT-B03","Brooklyn Brewery to Toronto DC","BRW-01","DC-TOR","FINISHED","TRUCK",2,40.6782,-73.9442,43.6532,-79.3832,2,0,12,95,false,"\N",5
62,"2025-12-08","RT-D05","Atlanta DC to Nashville Dist.","DC-ATL","DST-NSH","FINISHED","TRUCK",1,33.7537,-84.3863,36.1627,-86.7816,1,0,30,93,false,"\N",8
65,"2025-12-29","RT-S06","Hops: Yakima to Chicago Brewery","SUP-WA","BRW-02","HOPS","TRUCK",5,46.6021,-120.5059,41.8881,-87.6298,6,0,20,84,false,"\N",1
101,"2026-09-07","RT-S04","Barley: Saskatchewan to Brooklyn","SUP-SK","BRW-01","BARLEY","RAIL",6,50.4452,-104.6189,40.6782,-73.9442,6,0,16,71,false,"\N",1
102,"2026-09-14","RT-S07","Hops: Yakima to Portland Brewery","SUP-WA","BRW-03","HOPS","TRUCK",1,46.6021,-120.5059,45.5152,-122.6784,1,0,26,98,false,"\N",6
1,"2024-10-07","RT-S02","Barley: N.Dakota to Chicago Brewery","SUP-ND","BRW-02","BARLEY","RAIL",3,46.8772,-96.7898,41.8881,-87.6298,3,0.125,10.5,99,false,"\N",19
2,"2024-10-14","RT-D01","NYC DC to Boston Dist.","DC-NYC","DST-BOS","FINISHED","TRUCK",1,40.6501,-74.0139,42.3601,-71.0589,1,0,26,107,false,"\N",1
7,"2024-11-18","RT-B01","Brooklyn Brewery to NYC DC","BRW-01","DC-NYC","FINISHED","TRUCK",1,40.6782,-73.9442,40.6501,-74.0139,2,0.3,15.8,117.8,true,"Ukraine-Russia War - Grain Export Disruption",43
5,"2024-11-04","RT-D14","Seattle DC to LA Dist.","DC-SEA","DST-LAX","FINISHED","TRUCK",3,47.6062,-122.3321,34.0522,-118.2437,3,0,22,89,false,"\N",7
16,"2025-01-20","RT-D08","Chicago DC to St.Louis Dist.","DC-CHI","DST-STL","FINISHED","TRUCK",1,41.8525,-87.6514,38.6270,-90.1994,1,0,26,127,false,"\N",3
20,"2025-02-17","RT-B06","Portland Brewery to Seattle DC","BRW-03","DC-SEA","FINISHED","TRUCK",1,45.5152,-122.6784,47.6062,-122.3321,1,0.25,13.5,127.2,true,"Ukraine-Russia War - Grain Export Disruption",30
80,"2026-04-13","RT-B03","Brooklyn Brewery to Toronto DC","BRW-01","DC-TOR","FINISHED","TRUCK",2,40.6782,-73.9442,43.6532,-79.3832,2,0.18,27.8,129.27,true,"EU Export Controls on Hop Extracts",26
90,"2026-06-22","RT-B03","Brooklyn Brewery to Toronto DC","BRW-01","DC-TOR","FINISHED","TRUCK",2,40.6782,-73.9442,43.6532,-79.3832,3,0.18,16.7,116.69,true,"EU Export Controls on Hop Extracts",25
27,"2025-04-07","RT-B04","Chicago Brewery to Chicago DC","BRW-02","DC-CHI","FINISHED","TRUCK",1,41.8881,-87.6298,41.8525,-87.6514,2,0.25,20.7,109.2,true,"Ukraine-Russia War - Grain Export Disruption",31
10,"2024-12-09","RT-D14","Seattle DC to LA Dist.","DC-SEA","DST-LAX","FINISHED","TRUCK",3,47.6062,-122.3321,34.0522,-118.2437,3,0,25,108,false,"\N",4
21,"2025-02-24","RT-D02","NYC DC to Philadelphia Dist.","DC-NYC","DST-PHL","FINISHED","TRUCK",1,40.6501,-74.0139,39.9526,-75.1652,1,0,16,128,false,"\N",4
28,"2025-04-14","RT-S02","Barley: N.Dakota to Chicago Brewery","SUP-ND","BRW-02","BARLEY","RAIL",3,46.8772,-96.7898,41.8881,-87.6298,3,0.125,19,106.7,false,"\N",19
11,"2024-12-16","RT-D08","Chicago DC to St.Louis Dist.","DC-CHI","DST-STL","FINISHED","TRUCK",1,41.8525,-87.6514,38.6270,-90.1994,1,0,25,101,false,"\N",5
21,"2025-02-24","RT-S05","Hops: Yakima to Brooklyn Brewery","SUP-WA","BRW-01","HOPS","TRUCK",7,46.6021,-120.5059,40.6782,-73.9442,8,0,28,103,false,"\N",4
36,"2025-06-09","RT-S04","Barley: Saskatchewan to Brooklyn","SUP-SK","BRW-01","BARLEY","RAIL",6,50.4452,-104.6189,40.6782,-73.9442,6,0.125,13.3,126.5,false,"\N",22
36,"2025-06-09","RT-D03","Atlanta DC to Miami Dist.","DC-ATL","DST-MIA","FINISHED","TRUCK",2,33.7537,-84.3863,25.7617,-80.1918,2,0,20,87,false,"\N",5
9,"2024-12-02","RT-D07","Chicago DC to Minneapolis Dist.","DC-CHI","DST-MSP","FINISHED","TRUCK",1,41.8525,-87.6514,44.9778,-93.2650,1,0,17,79,false,"\N",0
29,"2025-04-21","RT-D05","Atlanta DC to Nashville Dist.","DC-ATL","DST-NSH","FINISHED","TRUCK",1,33.7537,-84.3863,36.1627,-86.7816,1,0,14,99,false,"\N",8
44,"2025-08-04","RT-D13","Seattle DC to SF Dist.","DC-SEA","DST-SFO","FINISHED","TRUCK",2,47.6062,-122.3321,37.7749,-122.4194,2,0,16,123,false,"\N",7
76,"2026-03-16","RT-B04","Chicago Brewery to Chicago DC","BRW-02","DC-CHI","FINISHED","TRUCK",1,41.8881,-87.6298,41.8525,-87.6514,1,0,10,90,false,"\N",10
50,"2025-09-15","RT-D08","Chicago DC to St.Louis Dist.","DC-CHI","DST-STL","FINISHED","TRUCK",1,41.8525,-87.6514,38.6270,-90.1994,1,0,21,73,false,"\N",7
93,"2026-07-13","RT-S08","Hops: Germany (via Newark) to Brooklyn","SUP-DE","BRW-01","HOPS","OCEAN+TRUCK",21,40.7282,-74.1534,40.6782,-73.9442,21,0,20,86,false,"\N",10
85,"2026-05-18","RT-B06","Portland Brewery to Seattle DC","BRW-03","DC-SEA","FINISHED","TRUCK",1,45.5152,-122.6784,47.6062,-122.3321,2,0.18,27.8,116.69,true,"EU Export Controls on Hop Extracts",22
58,"2025-11-10","RT-S07","Hops: Yakima to Portland Brewery","SUP-WA","BRW-03","HOPS","TRUCK",1,46.6021,-120.5059,45.5152,-122.6784,1,0,28,115,false,"\N",7
64,"2025-12-22","RT-B03","Brooklyn Brewery to Toronto DC","BRW-01","DC-TOR","FINISHED","TRUCK",2,40.6782,-73.9442,43.6532,-79.3832,2,0,27,70,false,"\N",5
69,"2026-01-26","RT-D04","Atlanta DC to Tampa Dist.","DC-ATL","DST-TPA","FINISHED","TRUCK",1,33.7537,-84.3863,27.9506,-82.4572,1,0,12,95,false,"\N",3
4,"2024-10-28","RT-D12","Seattle DC to Portland Dist.","DC-SEA","DST-PDX","FINISHED","TRUCK",1,47.6062,-122.3321,45.5152,-122.6784,1,0,15,118,false,"\N",0
12,"2024-12-23","RT-B02","Brooklyn Brewery to Atlanta DC","BRW-01","DC-ATL","FINISHED","TRUCK",3,40.6782,-73.9442,33.7537,-84.3863,3,0.25,14.4,142.8,true,"Ukraine-Russia War - Grain Export Disruption",36
16,"2025-01-20","RT-D04","Atlanta DC to Tampa Dist.","DC-ATL","DST-TPA","FINISHED","TRUCK",1,33.7537,-84.3863,27.9506,-82.4572,1,0,12,73,false,"\N",7
24,"2025-03-17","RT-S05","Hops: Yakima to Brooklyn Brewery","SUP-WA","BRW-01","HOPS","TRUCK",7,46.6021,-120.5059,40.6782,-73.9442,8,0,14,94,false,"\N",8
51,"2025-09-22","RT-D10","Dallas DC to Denver Dist.","DC-DAL","DST-DEN","FINISHED","TRUCK",2,32.7767,-96.7970,39.7392,-104.9903,2,0,19,89,false,"\N",6
54,"2025-10-13","RT-D14","Seattle DC to LA Dist.","DC-SEA","DST-LAX","FINISHED","TRUCK",3,47.6062,-122.3321,34.0522,-118.2437,4,0,30,70,false,"\N",6
38,"2025-06-23","RT-S03","Barley: Idaho to Portland Brewery","SUP-ID","BRW-03","BARLEY","TRUCK",2,43.6150,-116.2023,45.5152,-122.6784,2,0.125,17.1,80.3,false,"\N",25
47,"2025-08-25","RT-S02","Barley: N.Dakota to Chicago Brewery","SUP-ND","BRW-02","BARLEY","RAIL",3,46.8772,-96.7898,41.8881,-87.6298,3,0.075,15.5,130.38,false,"\N",9
28,"2025-04-14","RT-D10","Dallas DC to Denver Dist.","DC-DAL","DST-DEN","FINISHED","TRUCK",2,32.7767,-96.7970,39.7392,-104.9903,2,0,14,100,false,"\N",8
32,"2025-05-12","RT-B03","Brooklyn Brewery to Toronto DC","BRW-01","DC-TOR","FINISHED","TRUCK",2,40.6782,-73.9442,43.6532,-79.3832,3,0.4,16,165,true,"Ukraine-Russia War - Grain Export Disruption",57
41,"2025-07-14","RT-B06","Portland Brewery to Seattle DC","BRW-03","DC-SEA","FINISHED","TRUCK",1,45.5152,-122.6784,47.6062,-122.3321,1,0.15,25.4,86.24,false,"Black Sea Grain Corridor Collapse",18
91,"2026-06-29","RT-S07","Hops: Yakima to Portland Brewery","SUP-WA","BRW-03","HOPS","TRUCK",1,46.6021,-120.5059,45.5152,-122.6784,1,0,20,84,false,"\N",6
84,"2026-05-11","RT-S07","Hops: Yakima to Portland Brewery","SUP-WA","BRW-03","HOPS","TRUCK",1,46.6021,-120.5059,45.5152,-122.6784,2,0,17,90,false,"\N",10
44,"2025-08-04","RT-B01","Brooklyn Brewery to NYC DC","BRW-01","DC-NYC","FINISHED","TRUCK",1,40.6782,-73.9442,40.6501,-74.0139,1,0.15,19.7,94.08,false,"Black Sea Grain Corridor Collapse",27
86,"2026-05-25","RT-D01","NYC DC to Boston Dist.","DC-NYC","DST-BOS","FINISHED","TRUCK",1,40.6501,-74.0139,42.3601,-71.0589,2,0,11,119,false,"\N",4
74,"2026-03-02","RT-B02","Brooklyn Brewery to Atlanta DC","BRW-01","DC-ATL","FINISHED","TRUCK",3,40.6782,-73.9442,33.7537,-84.3863,4,0,23,103,false,"\N",9
54,"2025-10-13","RT-D03","Atlanta DC to Miami Dist.","DC-ATL","DST-MIA","FINISHED","TRUCK",2,33.7537,-84.3863,25.7617,-80.1918,2,0,14,113,false,"\N",2
27,"2025-04-07","RT-S07","Hops: Yakima to Portland Brewery","SUP-WA","BRW-03","HOPS","TRUCK",1,46.6021,-120.5059,45.5152,-122.6784,1,0,14,109,false,"\N",10
96,"2026-08-03","RT-D09","Dallas DC to Houston Dist.","DC-DAL","DST-HOU","FINISHED","TRUCK",1,32.7767,-96.7970,29.7604,-95.3698,2,0,16,109,false,"\N",0
47,"2025-08-25","RT-D09","Dallas DC to Houston Dist.","DC-DAL","DST-HOU","FINISHED","TRUCK",1,32.7767,-96.7970,29.7604,-95.3698,1,0,11,88,false,"\N",1
71,"2026-02-09","RT-D09","Dallas DC to Houston Dist.","DC-DAL","DST-HOU","FINISHED","TRUCK",1,32.7767,-96.7970,29.7604,-95.3698,2,0,29,76,false,"\N",1
102,"2026-09-14","RT-D01","NYC DC to Boston Dist.","DC-NYC","DST-BOS","FINISHED","TRUCK",1,40.6501,-74.0139,42.3601,-71.0589,1,0,19,79,false,"\N",4
1,"2024-10-07","RT-B06","Portland Brewery to Seattle DC","BRW-03","DC-SEA","FINISHED","TRUCK",1,45.5152,-122.6784,47.6062,-122.3321,1,0.25,17.1,126,true,"Ukraine-Russia War - Grain Export Disruption",35
4,"2024-10-28","RT-D05","Atlanta DC to Nashville Dist.","DC-ATL","DST-NSH","FINISHED","TRUCK",1,33.7537,-84.3863,36.1627,-86.7816,1,0,20,80,false,"\N",1
6,"2024-11-11","RT-D08","Chicago DC to St.Louis Dist.","DC-CHI","DST-STL","FINISHED","TRUCK",1,41.8525,-87.6514,38.6270,-90.1994,1,0,12,118,false,"\N",2
8,"2024-11-25","RT-D12","Seattle DC to Portland Dist.","DC-SEA","DST-PDX","FINISHED","TRUCK",1,47.6062,-122.3321,45.5152,-122.6784,2,0,15,108,false,"\N",3
34,"2025-05-26","RT-S08","Hops: Germany (via Newark) to Brooklyn","SUP-DE","BRW-01","HOPS","OCEAN+TRUCK",21,40.7282,-74.1534,40.6782,-73.9442,22,0,23,120,false,"\N",10
49,"2025-09-08","RT-B01","Brooklyn Brewery to NYC DC","BRW-01","DC-NYC","FINISHED","TRUCK",1,40.6782,-73.9442,40.6501,-74.0139,1,0.15,15,126.56,false,"Black Sea Grain Corridor Collapse",20
16,"2025-01-20","RT-S06","Hops: Yakima to Chicago Brewery","SUP-WA","BRW-02","HOPS","TRUCK",5,46.6021,-120.5059,41.8881,-87.6298,5,0,17,107,false,"\N",7
56,"2025-10-27","RT-S08","Hops: Germany (via Newark) to Brooklyn","SUP-DE","BRW-01","HOPS","OCEAN+TRUCK",21,40.7282,-74.1534,40.6782,-73.9442,22,0,21,78,false,"\N",7
78,"2026-03-30","RT-D01","NYC DC to Boston Dist.","DC-NYC","DST-BOS","FINISHED","TRUCK",1,40.6501,-74.0139,42.3601,-71.0589,2,0,20,120,false,"\N",1
78,"2026-03-30","RT-D06","Chicago DC to Detroit Dist.","DC-CHI","DST-DET","FINISHED","TRUCK",1,41.8525,-87.6514,42.3314,-83.0458,2,0,13,78,false,"\N",8
87,"2026-06-01","RT-D13","Seattle DC to SF Dist.","DC-SEA","DST-SFO","FINISHED","TRUCK",2,47.6062,-122.3321,37.7749,-122.4194,2,0,18,120,false,"\N",1
83,"2026-05-04","RT-D13","Seattle DC to SF Dist.","DC-SEA","DST-SFO","FINISHED","TRUCK",2,47.6062,-122.3321,37.7749,-122.4194,2,0,24,118,false,"\N",3
85,"2026-05-18","RT-D08","Chicago DC to St.Louis Dist.","DC-CHI","DST-STL","FINISHED","TRUCK",1,41.8525,-87.6514,38.6270,-90.1994,2,0,14,124,false,"\N",7
29,"2025-04-21","RT-B06","Portland Brewery to Seattle DC","BRW-03","DC-SEA","FINISHED","TRUCK",1,45.5152,-122.6784,47.6062,-122.3321,1,0.25,26.1,124.8,true,"Ukraine-Russia War - Grain Export Disruption",32
93,"2026-07-13","RT-D10","Dallas DC to Denver Dist.","DC-DAL","DST-DEN","FINISHED","TRUCK",2,32.7767,-96.7970,39.7392,-104.9903,3,0,16,96,false,"\N",8
83,"2026-05-04","RT-B02","Brooklyn Brewery to Atlanta DC","BRW-01","DC-ATL","FINISHED","TRUCK",3,40.6782,-73.9442,33.7537,-84.3863,3,0,27,121,false,"\N",4
18,"2025-02-03","RT-D01","NYC DC to Boston Dist.","DC-NYC","DST-BOS","FINISHED","TRUCK",1,40.6501,-74.0139,42.3601,-71.0589,1,0,28,94,false,"\N",5
78,"2026-03-30","RT-B01","Brooklyn Brewery to NYC DC","BRW-01","DC-NYC","FINISHED","TRUCK",1,40.6782,-73.9442,40.6501,-74.0139,2,0.18,10.2,116.69,true,"EU Export Controls on Hop Extracts",22
86,"2026-05-25","RT-S04","Barley: Saskatchewan to Brooklyn","SUP-SK","BRW-01","BARLEY","RAIL",6,50.4452,-104.6189,40.6782,-73.9442,6,0,15,96,false,"\N",10
97,"2026-08-10","RT-D14","Seattle DC to LA Dist.","DC-SEA","DST-LAX","FINISHED","TRUCK",3,47.6062,-122.3321,34.0522,-118.2437,4,0,20,128,false,"\N",9
59,"2025-11-17","RT-S05","Hops: Yakima to Brooklyn Brewery","SUP-WA","BRW-01","HOPS","TRUCK",7,46.6021,-120.5059,40.6782,-73.9442,7,0,13,70,false,"\N",9
72,"2026-02-16","RT-D12","Seattle DC to Portland Dist.","DC-SEA","DST-PDX","FINISHED","TRUCK",1,47.6062,-122.3321,45.5152,-122.6784,1,0,30,97,false,"\N",8
69,"2026-01-26","RT-D02","NYC DC to Philadelphia Dist.","DC-NYC","DST-PHL","FINISHED","TRUCK",1,40.6501,-74.0139,39.9526,-75.1652,2,0,21,112,false,"\N",2
4,"2024-10-28","RT-S06","Hops: Yakima to Chicago Brewery","SUP-WA","BRW-02","HOPS","TRUCK",5,46.6021,-120.5059,41.8881,-87.6298,5,0,10,72,false,"\N",1
17,"2025-01-27","RT-D10","Dallas DC to Denver Dist.","DC-DAL","DST-DEN","FINISHED","TRUCK",2,32.7767,-96.7970,39.7392,-104.9903,2,0,17,100,false,"\N",7
18,"2025-02-03","RT-B01","Brooklyn Brewery to NYC DC","BRW-01","DC-NYC","FINISHED","TRUCK",1,40.6782,-73.9442,40.6501,-74.0139,1,0.3,25.5,101.68,true,"Ukraine-Russia War - Grain Export Disruption",37
24,"2025-03-17","RT-S03","Barley: Idaho to Portland Brewery","SUP-ID","BRW-03","BARLEY","TRUCK",2,43.6150,-116.2023,45.5152,-122.6784,2,0.125,25.7,105.6,false,"\N",20
37,"2025-06-16","RT-D07","Chicago DC to Minneapolis Dist.","DC-CHI","DST-MSP","FINISHED","TRUCK",1,41.8525,-87.6514,44.9778,-93.2650,2,0,19,111,false,"\N",1
49,"2025-09-08","RT-D09","Dallas DC to Houston Dist.","DC-DAL","DST-HOU","FINISHED","TRUCK",1,32.7767,-96.7970,29.7604,-95.3698,2,0,20,103,false,"\N",5
53,"2025-10-06","RT-D01","NYC DC to Boston Dist.","DC-NYC","DST-BOS","FINISHED","TRUCK",1,40.6501,-74.0139,42.3601,-71.0589,1,0,12,80,false,"\N",4
32,"2025-05-12","RT-B04","Chicago Brewery to Chicago DC","BRW-02","DC-CHI","FINISHED","TRUCK",1,41.8881,-87.6298,41.8525,-87.6514,2,0.4,23.5,135.96,true,"Ukraine-Russia War - Grain Export Disruption",55
48,"2025-09-01","RT-B06","Portland Brewery to Seattle DC","BRW-03","DC-SEA","FINISHED","TRUCK",1,45.5152,-122.6784,47.6062,-122.3321,1,0.35,22.4,111.36,true,"Pacific NW Wildfires - Hop Country",46
38,"2025-06-23","RT-S04","Barley: Saskatchewan to Brooklyn","SUP-SK","BRW-01","BARLEY","RAIL",6,50.4452,-104.6189,40.6782,-73.9442,7,0.125,19,100.1,false,"\N",24
42,"2025-07-21","RT-S08","Hops: Germany (via Newark) to Brooklyn","SUP-DE","BRW-01","HOPS","OCEAN+TRUCK",21,40.7282,-74.1534,40.6782,-73.9442,22,0,27,101,false,"\N",2
55,"2025-10-20","RT-S08","Hops: Germany (via Newark) to Brooklyn","SUP-DE","BRW-01","HOPS","OCEAN+TRUCK",21,40.7282,-74.1534,40.6782,-73.9442,21,0,21,86,false,"\N",2
30,"2025-04-28","RT-D06","Chicago DC to Detroit Dist.","DC-CHI","DST-DET","FINISHED","TRUCK",1,41.8525,-87.6514,42.3314,-83.0458,1,0,11,73,false,"\N",5
86,"2026-05-25","RT-D13","Seattle DC to SF Dist.","DC-SEA","DST-SFO","FINISHED","TRUCK",2,47.6062,-122.3321,37.7749,-122.4194,3,0,18,103,false,"\N",6
76,"2026-03-16","RT-S01","Barley: Montana to Brooklyn Brewery","SUP-MT","BRW-01","BARLEY","RAIL",5,47.5063,-111.2813,40.6782,-73.9442,5,0,30,81,false,"\N",4
90,"2026-06-22","RT-D14","Seattle DC to LA Dist.","DC-SEA","DST-LAX","FINISHED","TRUCK",3,47.6062,-122.3321,34.0522,-118.2437,3,0,18,111,false,"\N",9
77,"2026-03-23","RT-S06","Hops: Yakima to Chicago Brewery","SUP-WA","BRW-02","HOPS","TRUCK",5,46.6021,-120.5059,41.8881,-87.6298,6,0,18,81,false,"\N",3
69,"2026-01-26","RT-B04","Chicago Brewery to Chicago DC","BRW-02","DC-CHI","FINISHED","TRUCK",1,41.8881,-87.6298,41.8525,-87.6514,2,0,11,92,false,"\N",1
4,"2024-10-28","RT-S01","Barley: Montana to Brooklyn Brewery","SUP-MT","BRW-01","BARLEY","RAIL",5,47.5063,-111.2813,40.6782,-73.9442,6,0.125,24.7,103.4,false,"\N",16
12,"2024-12-23","RT-S01","Barley: Montana to Brooklyn Brewery","SUP-MT","BRW-01","BARLEY","RAIL",5,47.5063,-111.2813,40.6782,-73.9442,7,0.125,24.7,139.7,false,"\N",22
37,"2025-06-16","RT-B03","Brooklyn Brewery to Toronto DC","BRW-01","DC-TOR","FINISHED","TRUCK",2,40.6782,-73.9442,43.6532,-79.3832,3,0.25,11.7,108,true,"Ukraine-Russia War - Grain Export Disruption",39
21,"2025-02-24","RT-B04","Chicago Brewery to Chicago DC","BRW-02","DC-CHI","FINISHED","TRUCK",1,41.8881,-87.6298,41.8525,-87.6514,1,0.25,9.9,141.6,true,"Ukraine-Russia War - Grain Export Disruption",33
23,"2025-03-10","RT-S07","Hops: Yakima to Portland Brewery","SUP-WA","BRW-03","HOPS","TRUCK",1,46.6021,-120.5059,45.5152,-122.6784,1,0,19,120,false,"\N",8
37,"2025-06-16","RT-D04","Atlanta DC to Tampa Dist.","DC-ATL","DST-TPA","FINISHED","TRUCK",1,33.7537,-84.3863,27.9506,-82.4572,2,0,29,93,false,"\N",10
27,"2025-04-07","RT-D06","Chicago DC to Detroit Dist.","DC-CHI","DST-DET","FINISHED","TRUCK",1,41.8525,-87.6514,42.3314,-83.0458,1,0,28,94,false,"\N",5
29,"2025-04-21","RT-S04","Barley: Saskatchewan to Brooklyn","SUP-SK","BRW-01","BARLEY","RAIL",6,50.4452,-104.6189,40.6782,-73.9442,6,0.125,14.3,96.8,false,"\N",21
42,"2025-07-21","RT-D11","Dallas DC to Phoenix Dist.","DC-DAL","DST-PHX","FINISHED","TRUCK",2,32.7767,-96.7970,33.4484,-112.0740,2,0,22,84,false,"\N",9
80,"2026-04-13","RT-S05","Hops: Yakima to Brooklyn Brewery","SUP-WA","BRW-01","HOPS","TRUCK",7,46.6021,-120.5059,40.6782,-73.9442,7,0,22,104,false,"\N",7
29,"2025-04-21","RT-B04","Chicago Brewery to Chicago DC","BRW-02","DC-CHI","FINISHED","TRUCK",1,41.8881,-87.6298,41.8525,-87.6514,1,0.25,14.4,117.6,true,"Ukraine-Russia War - Grain Export Disruption",40
52,"2025-09-29","RT-S06","Hops: Yakima to Chicago Brewery","SUP-WA","BRW-02","HOPS","TRUCK",5,46.6021,-120.5059,41.8881,-87.6298,6,0.35,20.6,101.12,true,"\N",50
87,"2026-06-01","RT-B01","Brooklyn Brewery to NYC DC","BRW-01","DC-NYC","FINISHED","TRUCK",1,40.6782,-73.9442,40.6501,-74.0139,1,0.18,12.1,88.09,true,"EU Export Controls on Hop Extracts",22
30,"2025-04-28","RT-B01","Brooklyn Brewery to NYC DC","BRW-01","DC-NYC","FINISHED","TRUCK",1,40.6782,-73.9442,40.6501,-74.0139,1,0.3,14.1,152.52,true,"Ukraine-Russia War - Grain Export Disruption",45
79,"2026-04-06","RT-B01","Brooklyn Brewery to NYC DC","BRW-01","DC-NYC","FINISHED","TRUCK",1,40.6782,-73.9442,40.6501,-74.0139,2,0.18,20.4,104.1,true,"EU Export Controls on Hop Extracts",31
58,"2025-11-10","RT-D14","Seattle DC to LA Dist.","DC-SEA","DST-LAX","FINISHED","TRUCK",3,47.6062,-122.3321,34.0522,-118.2437,3,0,29,73,false,"\N",5
67,"2026-01-12","RT-S05","Hops: Yakima to Brooklyn Brewery","SUP-WA","BRW-01","HOPS","TRUCK",7,46.6021,-120.5059,40.6782,-73.9442,7,0,28,128,false,"\N",6
68,"2026-01-19","RT-B03","Brooklyn Brewery to Toronto DC","BRW-01","DC-TOR","FINISHED","TRUCK",2,40.6782,-73.9442,43.6532,-79.3832,3,0,17,98,false,"\N",0
103,"2026-09-21","RT-B01","Brooklyn Brewery to NYC DC","BRW-01","DC-NYC","FINISHED","TRUCK",1,40.6782,-73.9442,40.6501,-74.0139,1,0,24,70,false,"\N",0
59,"2025-11-17","RT-B04","Chicago Brewery to Chicago DC","BRW-02","DC-CHI","FINISHED","TRUCK",1,41.8881,-87.6298,41.8525,-87.6514,1,0,24,113,false,"\N",9
65,"2025-12-29","RT-S05","Hops: Yakima to Brooklyn Brewery","SUP-WA","BRW-01","HOPS","TRUCK",7,46.6021,-120.5059,40.6782,-73.9442,7,0,11,104,false,"\N",8
104,"2026-09-28","RT-S01","Barley: Montana to Brooklyn Brewery","SUP-MT","BRW-01","BARLEY","RAIL",5,47.5063,-111.2813,40.6782,-73.9442,5,0,24,97,false,"\N",4
101,"2026-09-07","RT-B04","Chicago Brewery to Chicago DC","BRW-02","DC-CHI","FINISHED","TRUCK",1,41.8881,-87.6298,41.8525,-87.6514,2,0,23,127,false,"\N",10
59,"2025-11-17","RT-B06","Portland Brewery to Seattle DC","BRW-03","DC-SEA","FINISHED","TRUCK",1,45.5152,-122.6784,47.6062,-122.3321,2,0,20,78,false,"\N",3
73,"2026-02-23","RT-S05","Hops: Yakima to Brooklyn Brewery","SUP-WA","BRW-01","HOPS","TRUCK",7,46.6021,-120.5059,40.6782,-73.9442,8,0,29,98,false,"\N",3
13,"2024-12-30","RT-D08","Chicago DC to St.Louis Dist.","DC-CHI","DST-STL","FINISHED","TRUCK",1,41.8525,-87.6514,38.6270,-90.1994,1,0,22,122,false,"\N",3
29,"2025-04-21","RT-S01","Barley: Montana to Brooklyn Brewery","SUP-MT","BRW-01","BARLEY","RAIL",5,47.5063,-111.2813,40.6782,-73.9442,7,0.125,19,118.8,false,"\N",25
30,"2025-04-28","RT-D02","NYC DC to Philadelphia Dist.","DC-NYC","DST-PHL","FINISHED","TRUCK",1,40.6501,-74.0139,39.9526,-75.1652,1,0,23,71,false,"\N",9
54,"2025-10-13","RT-S07","Hops: Yakima to Portland Brewery","SUP-WA","BRW-03","HOPS","TRUCK",1,46.6021,-120.5059,45.5152,-122.6784,1,0,22,83,false,"\N",2
54,"2025-10-13","RT-D13","Seattle DC to SF Dist.","DC-SEA","DST-SFO","FINISHED","TRUCK",2,47.6062,-122.3321,37.7749,-122.4194,2,0,25,73,false,"\N",3
94,"2026-07-20","RT-D09","Dallas DC to Houston Dist.","DC-DAL","DST-HOU","FINISHED","TRUCK",1,32.7767,-96.7970,29.7604,-95.3698,1,0,26,126,false,"\N",2
43,"2025-07-28","RT-B03","Brooklyn Brewery to Toronto DC","BRW-01","DC-TOR","FINISHED","TRUCK",2,40.6782,-73.9442,43.6532,-79.3832,2,0.15,28.2,140,false,"Black Sea Grain Corridor Collapse",18
79,"2026-04-06","RT-D07","Chicago DC to Minneapolis Dist.","DC-CHI","DST-MSP","FINISHED","TRUCK",1,41.8525,-87.6514,44.9778,-93.2650,1,0,24,87,false,"\N",9
84,"2026-05-11","RT-B01","Brooklyn Brewery to NYC DC","BRW-01","DC-NYC","FINISHED","TRUCK",1,40.6782,-73.9442,40.6501,-74.0139,1,0.18,10.2,88.09,true,"EU Export Controls on Hop Extracts",32
98,"2026-08-17","RT-B06","Portland Brewery to Seattle DC","BRW-03","DC-SEA","FINISHED","TRUCK",1,45.5152,-122.6784,47.6062,-122.3321,1,0.12,11.4,123.85,false,"Midwest Drought - Domestic Barley Belt",16
55,"2025-10-20","RT-D02","NYC DC to Philadelphia Dist.","DC-NYC","DST-PHL","FINISHED","TRUCK",1,40.6501,-74.0139,39.9526,-75.1652,2,0,11,117,false,"\N",2
92,"2026-07-06","RT-B03","Brooklyn Brewery to Toronto DC","BRW-01","DC-TOR","FINISHED","TRUCK",2,40.6782,-73.9442,43.6532,-79.3832,2,0,29,105,false,"\N",7
79,"2026-04-06","RT-S04","Barley: Saskatchewan to Brooklyn","SUP-SK","BRW-01","BARLEY","RAIL",6,50.4452,-104.6189,40.6782,-73.9442,7,0,16,127,false,"\N",10
76,"2026-03-16","RT-D12","Seattle DC to Portland Dist.","DC-SEA","DST-PDX","FINISHED","TRUCK",1,47.6062,-122.3321,45.5152,-122.6784,2,0,28,128,false,"\N",9
86,"2026-05-25","RT-D12","Seattle DC to Portland Dist.","DC-SEA","DST-PDX","FINISHED","TRUCK",1,47.6062,-122.3321,45.5152,-122.6784,1,0,15,122,false,"\N",6
58,"2025-11-10","RT-D06","Chicago DC to Detroit Dist.","DC-CHI","DST-DET","FINISHED","TRUCK",1,41.8525,-87.6514,42.3314,-83.0458,2,0,17,80,false,"\N",6
67,"2026-01-12","RT-S06","Hops: Yakima to Chicago Brewery","SUP-WA","BRW-02","HOPS","TRUCK",5,46.6021,-120.5059,41.8881,-87.6298,6,0,23,84,false,"\N",5
65,"2025-12-29","RT-B04","Chicago Brewery to Chicago DC","BRW-02","DC-CHI","FINISHED","TRUCK",1,41.8881,-87.6298,41.8525,-87.6514,1,0,19,127,false,"\N",8
66,"2026-01-05","RT-B01","Brooklyn Brewery to NYC DC","BRW-01","DC-NYC","FINISHED","TRUCK",1,40.6782,-73.9442,40.6501,-74.0139,2,0,29,89,false,"\N",0
1,"2024-10-07","RT-D09","Dallas DC to Houston Dist.","DC-DAL","DST-HOU","FINISHED","TRUCK",1,32.7767,-96.7970,29.7604,-95.3698,2,0,29,110,false,"\N",9
12,"2024-12-23","RT-D07","Chicago DC to Minneapolis Dist.","DC-CHI","DST-MSP","FINISHED","TRUCK",1,41.8525,-87.6514,44.9778,-93.2650,1,0,13,87,false,"\N",8
31,"2025-05-05","RT-B05","Chicago Brewery to Dallas DC","BRW-02","DC-DAL","FINISHED","TRUCK",3,41.8881,-87.6298,32.7767,-96.7970,5,0.25,14.4,108,true,"Ukraine-Russia War - Grain Export Disruption",33
9,"2024-12-02","RT-S02","Barley: N.Dakota to Chicago Brewery","SUP-ND","BRW-02","BARLEY","RAIL",3,46.8772,-96.7898,41.8881,-87.6298,3,0.125,16.2,110,false,"\N",24
82,"2026-04-27","RT-S08","Hops: Germany (via Newark) to Brooklyn","SUP-DE","BRW-01","HOPS","OCEAN+TRUCK",21,40.7282,-74.1534,40.6782,-73.9442,21,0,18,121,false,"\N",5
11,"2024-12-16","RT-D13","Seattle DC to SF Dist.","DC-SEA","DST-SFO","FINISHED","TRUCK",2,47.6062,-122.3321,37.7749,-122.4194,2,0,23,119,false,"\N",3
17,"2025-01-27","RT-B06","Portland Brewery to Seattle DC","BRW-03","DC-SEA","FINISHED","TRUCK",1,45.5152,-122.6784,47.6062,-122.3321,1,0.25,9.9,132,true,"Ukraine-Russia War - Grain Export Disruption",33
31,"2025-05-05","RT-S05","Hops: Yakima to Brooklyn Brewery","SUP-WA","BRW-01","HOPS","TRUCK",7,46.6021,-120.5059,40.6782,-73.9442,8,0,11,94,false,"\N",0
37,"2025-06-16","RT-D08","Chicago DC to St.Louis Dist.","DC-CHI","DST-STL","FINISHED","TRUCK",1,41.8525,-87.6514,38.6270,-90.1994,1,0,24,76,false,"\N",2
74,"2026-03-02","RT-D09","Dallas DC to Houston Dist.","DC-DAL","DST-HOU","FINISHED","TRUCK",1,32.7767,-96.7970,29.7604,-95.3698,2,0,14,118,false,"\N",6
90,"2026-06-22","RT-B02","Brooklyn Brewery to Atlanta DC","BRW-01","DC-ATL","FINISHED","TRUCK",3,40.6782,-73.9442,33.7537,-84.3863,3,0,25,102,false,"\N",5
80,"2026-04-13","RT-B01","Brooklyn Brewery to NYC DC","BRW-01","DC-NYC","FINISHED","TRUCK",1,40.6782,-73.9442,40.6501,-74.0139,2,0.18,13.9,130.42,true,"EU Export Controls on Hop Extracts",23
38,"2025-06-23","RT-S07","Hops: Yakima to Portland Brewery","SUP-WA","BRW-03","HOPS","TRUCK",1,46.6021,-120.5059,45.5152,-122.6784,1,0,20,96,false,"\N",8
79,"2026-04-06","RT-D06","Chicago DC to Detroit Dist.","DC-CHI","DST-DET","FINISHED","TRUCK",1,41.8525,-87.6514,42.3314,-83.0458,2,0,26,95,false,"\N",6
84,"2026-05-11","RT-S03","Barley: Idaho to Portland Brewery","SUP-ID","BRW-03","BARLEY","TRUCK",2,43.6150,-116.2023,45.5152,-122.6784,3,0,20,75,false,"\N",9
33,"2025-05-19","RT-D02","NYC DC to Philadelphia Dist.","DC-NYC","DST-PHL","FINISHED","TRUCK",1,40.6501,-74.0139,39.9526,-75.1652,1,0,19,88,false,"\N",9
52,"2025-09-29","RT-D07","Chicago DC to Minneapolis Dist.","DC-CHI","DST-MSP","FINISHED","TRUCK",1,41.8525,-87.6514,44.9778,-93.2650,1,0,19,92,false,"\N",8
25,"2025-03-24","RT-D06","Chicago DC to Detroit Dist.","DC-CHI","DST-DET","FINISHED","TRUCK",1,41.8525,-87.6514,42.3314,-83.0458,2,0,10,76,false,"\N",4
46,"2025-08-18","RT-D04","Atlanta DC to Tampa Dist.","DC-ATL","DST-TPA","FINISHED","TRUCK",1,33.7537,-84.3863,27.9506,-82.4572,1,0,18,71,false,"\N",6
78,"2026-03-30","RT-D09","Dallas DC to Houston Dist.","DC-DAL","DST-HOU","FINISHED","TRUCK",1,32.7767,-96.7970,29.7604,-95.3698,2,0,25,126,false,"\N",7
67,"2026-01-12","RT-D07","Chicago DC to Minneapolis Dist.","DC-CHI","DST-MSP","FINISHED","TRUCK",1,41.8525,-87.6514,44.9778,-93.2650,1,0,24,88,false,"\N",8
71,"2026-02-09","RT-D13","Seattle DC to SF Dist.","DC-SEA","DST-SFO","FINISHED","TRUCK",2,47.6062,-122.3321,37.7749,-122.4194,2,0,27,127,false,"\N",10
70,"2026-02-02","RT-S07","Hops: Yakima to Portland Brewery","SUP-WA","BRW-03","HOPS","TRUCK",1,46.6021,-120.5059,45.5152,-122.6784,1,0,12,78,false,"\N",8
101,"2026-09-07","RT-D06","Chicago DC to Detroit Dist.","DC-CHI","DST-DET","FINISHED","TRUCK",1,41.8525,-87.6514,42.3314,-83.0458,1,0,11,107,false,"\N",7
3,"2024-10-21","RT-D07","Chicago DC to Minneapolis Dist.","DC-CHI","DST-MSP","FINISHED","TRUCK",1,41.8525,-87.6514,44.9778,-93.2650,1,0,28,75,false,"\N",1
3,"2024-10-21","RT-B02","Brooklyn Brewery to Atlanta DC","BRW-01","DC-ATL","FINISHED","TRUCK",3,40.6782,-73.9442,33.7537,-84.3863,4,0.25,10.8,100.8,true,"Ukraine-Russia War - Grain Export Disruption",36
12,"2024-12-23","RT-D04","Atlanta DC to Tampa Dist.","DC-ATL","DST-TPA","FINISHED","TRUCK",1,33.7537,-84.3863,27.9506,-82.4572,1,0,11,110,false,"\N",6
31,"2025-05-05","RT-D08","Chicago DC to St.Louis Dist.","DC-CHI","DST-STL","FINISHED","TRUCK",1,41.8525,-87.6514,38.6270,-90.1994,1,0,24,93,false,"\N",6
36,"2025-06-09","RT-S01","Barley: Montana to Brooklyn Brewery","SUP-MT","BRW-01","BARLEY","RAIL",5,47.5063,-111.2813,40.6782,-73.9442,6,0.125,20.9,100.1,false,"\N",24
74,"2026-03-02","RT-D07","Chicago DC to Minneapolis Dist.","DC-CHI","DST-MSP","FINISHED","TRUCK",1,41.8525,-87.6514,44.9778,-93.2650,2,0,23,88,false,"\N",6
32,"2025-05-12","RT-D04","Atlanta DC to Tampa Dist.","DC-ATL","DST-TPA","FINISHED","TRUCK",1,33.7537,-84.3863,27.9506,-82.4572,1,0,12,106,false,"\N",1
43,"2025-07-28","RT-B06","Portland Brewery to Seattle DC","BRW-03","DC-SEA","FINISHED","TRUCK",1,45.5152,-122.6784,47.6062,-122.3321,1,0.15,16,138.88,false,"Black Sea Grain Corridor Collapse",21
3,"2024-10-21","RT-S07","Hops: Yakima to Portland Brewery","SUP-WA","BRW-03","HOPS","TRUCK",1,46.6021,-120.5059,45.5152,-122.6784,1,0,26,94,false,"\N",7
5,"2024-11-04","RT-D03","Atlanta DC to Miami Dist.","DC-ATL","DST-MIA","FINISHED","TRUCK",2,33.7537,-84.3863,25.7617,-80.1918,3,0,27,88,false,"\N",1
23,"2025-03-10","RT-D10","Dallas DC to Denver Dist.","DC-DAL","DST-DEN","FINISHED","TRUCK",2,32.7767,-96.7970,39.7392,-104.9903,3,0,17,89,false,"\N",10
14,"2025-01-06","RT-D01","NYC DC to Boston Dist.","DC-NYC","DST-BOS","FINISHED","TRUCK",1,40.6501,-74.0139,42.3601,-71.0589,1,0,30,106,false,"\N",6
9,"2024-12-02","RT-S03","Barley: Idaho to Portland Brewery","SUP-ID","BRW-03","BARLEY","TRUCK",2,43.6150,-116.2023,45.5152,-122.6784,2,0.125,17.1,95.7,false,"\N",16
98,"2026-08-17","RT-B05","Chicago Brewery to Dallas DC","BRW-02","DC-DAL","FINISHED","TRUCK",3,41.8881,-87.6298,32.7767,-96.7970,3,0.12,21.9,121.66,false,"Midwest Drought - Domestic Barley Belt",20
81,"2026-04-20","RT-D09","Dallas DC to Houston Dist.","DC-DAL","DST-HOU","FINISHED","TRUCK",1,32.7767,-96.7970,29.7604,-95.3698,2,0,14,115,false,"\N",10
8,"2024-11-25","RT-B01","Brooklyn Brewery to NYC DC","BRW-01","DC-NYC","FINISHED","TRUCK",1,40.6782,-73.9442,40.6501,-74.0139,2,0.3,13.2,93,true,"Ukraine-Russia War - Grain Export Disruption",40
49,"2025-09-08","RT-S05","Hops: Yakima to Brooklyn Brewery","SUP-WA","BRW-01","HOPS","TRUCK",7,46.6021,-120.5059,40.6782,-73.9442,8,0.35,22.4,117.76,true,"\N",50
9,"2024-12-02","RT-D02","NYC DC to Philadelphia Dist.","DC-NYC","DST-PHL","FINISHED","TRUCK",1,40.6501,-74.0139,39.9526,-75.1652,1,0,22,78,false,"\N",9
48,"2025-09-01","RT-D14","Seattle DC to LA Dist.","DC-SEA","DST-LAX","FINISHED","TRUCK",3,47.6062,-122.3321,34.0522,-118.2437,3,0,27,101,false,"\N",5
56,"2025-10-27","RT-B01","Brooklyn Brewery to NYC DC","BRW-01","DC-NYC","FINISHED","TRUCK",1,40.6782,-73.9442,40.6501,-74.0139,1,0.15,11.3,96.32,false,"Black Sea Grain Corridor Collapse",26
80,"2026-04-13","RT-D03","Atlanta DC to Miami Dist.","DC-ATL","DST-MIA","FINISHED","TRUCK",2,33.7537,-84.3863,25.7617,-80.1918,2,0,18,100,false,"\N",10
99,"2026-08-24","RT-B04","Chicago Brewery to Chicago DC","BRW-02","DC-CHI","FINISHED","TRUCK",1,41.8881,-87.6298,41.8525,-87.6514,1,0.12,23.8,140.29,false,"Midwest Drought - Domestic Barley Belt",17
25,"2025-03-24","RT-S01","Barley: Montana to Brooklyn Brewery","SUP-MT","BRW-01","BARLEY","RAIL",5,47.5063,-111.2813,40.6782,-73.9442,7,0.125,24.7,118.8,false,"\N",19
80,"2026-04-13","RT-D09","Dallas DC to Houston Dist.","DC-DAL","DST-HOU","FINISHED","TRUCK",1,32.7767,-96.7970,29.7604,-95.3698,1,0,20,130,false,"\N",3
30,"2025-04-28","RT-S08","Hops: Germany (via Newark) to Brooklyn","SUP-DE","BRW-01","HOPS","OCEAN+TRUCK",21,40.7282,-74.1534,40.6782,-73.9442,21,0,22,98,false,"\N",1
92,"2026-07-06","RT-B02","Brooklyn Brewery to Atlanta DC","BRW-01","DC-ATL","FINISHED","TRUCK",3,40.6782,-73.9442,33.7537,-84.3863,3,0,30,81,false,"\N",5
44,"2025-08-04","RT-S05","Hops: Yakima to Brooklyn Brewery","SUP-WA","BRW-01","HOPS","TRUCK",7,46.6021,-120.5059,40.6782,-73.9442,7,0,17,115,false,"\N",4
60,"2025-11-24","RT-D14","Seattle DC to LA Dist.","DC-SEA","DST-LAX","FINISHED","TRUCK",3,47.6062,-122.3321,34.0522,-118.2437,3,0,17,93,false,"\N",3
61,"2025-12-01","RT-D02","NYC DC to Philadelphia Dist.","DC-NYC","DST-PHL","FINISHED","TRUCK",1,40.6501,-74.0139,39.9526,-75.1652,1,0,14,99,false,"\N",1
62,"2025-12-08","RT-D01","NYC DC to Boston Dist.","DC-NYC","DST-BOS","FINISHED","TRUCK",1,40.6501,-74.0139,42.3601,-71.0589,1,0,19,103,false,"\N",1
101,"2026-09-07","RT-B02","Brooklyn Brewery to Atlanta DC","BRW-01","DC-ATL","FINISHED","TRUCK",3,40.6782,-73.9442,33.7537,-84.3863,3,0,13,116,false,"\N",4
1,"2024-10-07","RT-D07","Chicago DC to Minneapolis Dist.","DC-CHI","DST-MSP","FINISHED","TRUCK",1,41.8525,-87.6514,44.9778,-93.2650,1,0,22,71,false,"\N",3
5,"2024-11-04","RT-D10","Dallas DC to Denver Dist.","DC-DAL","DST-DEN","FINISHED","TRUCK",2,32.7767,-96.7970,39.7392,-104.9903,2,0,21,97,false,"\N",1
34,"2025-05-26","RT-D11","Dallas DC to Phoenix Dist.","DC-DAL","DST-PHX","FINISHED","TRUCK",2,32.7767,-96.7970,33.4484,-112.0740,2,0,30,121,false,"\N",10
34,"2025-05-26","RT-D04","Atlanta DC to Tampa Dist.","DC-ATL","DST-TPA","FINISHED","TRUCK",1,33.7537,-84.3863,27.9506,-82.4572,1,0,13,87,false,"\N",8
20,"2025-02-17","RT-S03","Barley: Idaho to Portland Brewery","SUP-ID","BRW-03","BARLEY","TRUCK",2,43.6150,-116.2023,45.5152,-122.6784,3,0.125,16.2,107.8,false,"\N",15
28,"2025-04-14","RT-S04","Barley: Saskatchewan to Brooklyn","SUP-SK","BRW-01","BARLEY","RAIL",6,50.4452,-104.6189,40.6782,-73.9442,7,0.125,12.4,139.7,false,"\N",15
28,"2025-04-14","RT-D11","Dallas DC to Phoenix Dist.","DC-DAL","DST-PHX","FINISHED","TRUCK",2,32.7767,-96.7970,33.4484,-112.0740,2,0,17,78,false,"\N",4
51,"2025-09-22","RT-D12","Seattle DC to Portland Dist.","DC-SEA","DST-PDX","FINISHED","TRUCK",1,47.6062,-122.3321,45.5152,-122.6784,2,0,24,116,false,"\N",2
54,"2025-10-13","RT-D07","Chicago DC to Minneapolis Dist.","DC-CHI","DST-MSP","FINISHED","TRUCK",1,41.8525,-87.6514,44.9778,-93.2650,1,0,10,94,false,"\N",2
90,"2026-06-22","RT-D12","Seattle DC to Portland Dist.","DC-SEA","DST-PDX","FINISHED","TRUCK",1,47.6062,-122.3321,45.5152,-122.6784,1,0,28,89,false,"\N",0
100,"2026-08-31","RT-D13","Seattle DC to SF Dist.","DC-SEA","DST-SFO","FINISHED","TRUCK",2,47.6062,-122.3321,37.7749,-122.4194,2,0,26,116,false,"\N",4
37,"2025-06-16","RT-S07","Hops: Yakima to Portland Brewery","SUP-WA","BRW-03","HOPS","TRUCK",1,46.6021,-120.5059,45.5152,-122.6784,1,0,13,97,false,"\N",10
29,"2025-04-21","RT-D09","Dallas DC to Houston Dist.","DC-DAL","DST-HOU","FINISHED","TRUCK",1,32.7767,-96.7970,29.7604,-95.3698,1,0,27,93,false,"\N",2
79,"2026-04-06","RT-B05","Chicago Brewery to Dallas DC","BRW-02","DC-DAL","FINISHED","TRUCK",3,41.8881,-87.6298,32.7767,-96.7970,4,0,21,78,false,"\N",1
46,"2025-08-18","RT-B05","Chicago Brewery to Dallas DC","BRW-02","DC-DAL","FINISHED","TRUCK",3,41.8881,-87.6298,32.7767,-96.7970,4,0.15,16,134.4,false,"Black Sea Grain Corridor Collapse",18
52,"2025-09-29","RT-D12","Seattle DC to Portland Dist.","DC-SEA","DST-PDX","FINISHED","TRUCK",1,47.6062,-122.3321,45.5152,-122.6784,1,0,28,114,false,"\N",8
100,"2026-08-31","RT-D08","Chicago DC to St.Louis Dist.","DC-CHI","DST-STL","FINISHED","TRUCK",1,41.8525,-87.6514,38.6270,-90.1994,1,0,10,71,false,"\N",3
55,"2025-10-20","RT-B03","Brooklyn Brewery to Toronto DC","BRW-01","DC-TOR","FINISHED","TRUCK",2,40.6782,-73.9442,43.6532,-79.3832,2,0.15,16,142.24,false,"Black Sea Grain Corridor Collapse",28
68,"2026-01-19","RT-S06","Hops: Yakima to Chicago Brewery","SUP-WA","BRW-02","HOPS","TRUCK",5,46.6021,-120.5059,41.8881,-87.6298,5,0,14,87,false,"\N",5
72,"2026-02-16","RT-D01","NYC DC to Boston Dist.","DC-NYC","DST-BOS","FINISHED","TRUCK",1,40.6501,-74.0139,42.3601,-71.0589,2,0,29,89,false,"\N",6
101,"2026-09-07","RT-B05","Chicago Brewery to Dallas DC","BRW-02","DC-DAL","FINISHED","TRUCK",3,41.8881,-87.6298,32.7767,-96.7970,3,0,27,119,false,"\N",6
102,"2026-09-14","RT-B03","Brooklyn Brewery to Toronto DC","BRW-01","DC-TOR","FINISHED","TRUCK",2,40.6782,-73.9442,43.6532,-79.3832,3,0,27,127,false,"\N",7
47,"2025-08-25","RT-D07","Chicago DC to Minneapolis Dist.","DC-CHI","DST-MSP","FINISHED","TRUCK",1,41.8525,-87.6514,44.9778,-93.2650,1,0,18,116,false,"\N",5
2,"2024-10-14","RT-D11","Dallas DC to Phoenix Dist.","DC-DAL","DST-PHX","FINISHED","TRUCK",2,32.7767,-96.7970,33.4484,-112.0740,3,0,20,109,false,"\N",10
24,"2025-03-17","RT-S04","Barley: Saskatchewan to Brooklyn","SUP-SK","BRW-01","BARLEY","RAIL",6,50.4452,-104.6189,40.6782,-73.9442,6,0.125,18.1,101.2,false,"\N",18
26,"2025-03-31","RT-D05","Atlanta DC to Nashville Dist.","DC-ATL","DST-NSH","FINISHED","TRUCK",1,33.7537,-84.3863,36.1627,-86.7816,1,0,10,96,false,"\N",1
96,"2026-08-03","RT-D04","Atlanta DC to Tampa Dist.","DC-ATL","DST-TPA","FINISHED","TRUCK",1,33.7537,-84.3863,27.9506,-82.4572,1,0,15,108,false,"\N",1
15,"2025-01-13","RT-S07","Hops: Yakima to Portland Brewery","SUP-WA","BRW-03","HOPS","TRUCK",1,46.6021,-120.5059,45.5152,-122.6784,2,0,15,112,false,"\N",5
24,"2025-03-17","RT-D01","NYC DC to Boston Dist.","DC-NYC","DST-BOS","FINISHED","TRUCK",1,40.6501,-74.0139,42.3601,-71.0589,1,0,24,95,false,"\N",8
99,"2026-08-24","RT-D12","Seattle DC to Portland Dist.","DC-SEA","DST-PDX","FINISHED","TRUCK",1,47.6062,-122.3321,45.5152,-122.6784,2,0,25,73,false,"\N",5
76,"2026-03-16","RT-D11","Dallas DC to Phoenix Dist.","DC-DAL","DST-PHX","FINISHED","TRUCK",2,32.7767,-96.7970,33.4484,-112.0740,2,0,27,108,false,"\N",4
85,"2026-05-18","RT-B04","Chicago Brewery to Chicago DC","BRW-02","DC-CHI","FINISHED","TRUCK",1,41.8881,-87.6298,41.8525,-87.6514,1,0,23,91,false,"\N",9
24,"2025-03-17","RT-D03","Atlanta DC to Miami Dist.","DC-ATL","DST-MIA","FINISHED","TRUCK",2,33.7537,-84.3863,25.7617,-80.1918,2,0,17,125,false,"\N",8
20,"2025-02-17","RT-D02","NYC DC to Philadelphia Dist.","DC-NYC","DST-PHL","FINISHED","TRUCK",1,40.6501,-74.0139,39.9526,-75.1652,1,0,23,116,false,"\N",0
55,"2025-10-20","RT-S06","Hops: Yakima to Chicago Brewery","SUP-WA","BRW-02","HOPS","TRUCK",5,46.6021,-120.5059,41.8881,-87.6298,5,0,20,111,false,"\N",2
58,"2025-11-10","RT-D04","Atlanta DC to Tampa Dist.","DC-ATL","DST-TPA","FINISHED","TRUCK",1,33.7537,-84.3863,27.9506,-82.4572,1,0,30,78,false,"\N",5
71,"2026-02-09","RT-D14","Seattle DC to LA Dist.","DC-SEA","DST-LAX","FINISHED","TRUCK",3,47.6062,-122.3321,34.0522,-118.2437,3,0,11,82,false,"\N",6
65,"2025-12-29","RT-D09","Dallas DC to Houston Dist.","DC-DAL","DST-HOU","FINISHED","TRUCK",1,32.7767,-96.7970,29.7604,-95.3698,2,0,28,80,false,"\N",10
63,"2025-12-15","RT-S03","Barley: Idaho to Portland Brewery","SUP-ID","BRW-03","BARLEY","TRUCK",2,43.6150,-116.2023,45.5152,-122.6784,2,0,18,112,false,"\N",8
102,"2026-09-14","RT-S05","Hops: Yakima to Brooklyn Brewery","SUP-WA","BRW-01","HOPS","TRUCK",7,46.6021,-120.5059,40.6782,-73.9442,7,0,11,99,false,"\N",7
1,"2024-10-07","RT-D12","Seattle DC to Portland Dist.","DC-SEA","DST-PDX","FINISHED","TRUCK",1,47.6062,-122.3321,45.5152,-122.6784,1,0,12,107,false,"\N",5
2,"2024-10-14","RT-S03","Barley: Idaho to Portland Brewery","SUP-ID","BRW-03","BARLEY","TRUCK",2,43.6150,-116.2023,45.5152,-122.6784,2,0.125,22.8,124.3,false,"\N",25
4,"2024-10-28","RT-D06","Chicago DC to Detroit Dist.","DC-CHI","DST-DET","FINISHED","TRUCK",1,41.8525,-87.6514,42.3314,-83.0458,1,0,20,118,false,"\N",3
8,"2024-11-25","RT-D01","NYC DC to Boston Dist.","DC-NYC","DST-BOS","FINISHED","TRUCK",1,40.6501,-74.0139,42.3601,-71.0589,1,0,27,123,false,"\N",7
10,"2024-12-09","RT-S08","Hops: Germany (via Newark) to Brooklyn","SUP-DE","BRW-01","HOPS","OCEAN+TRUCK",21,40.7282,-74.1534,40.6782,-73.9442,21,0,21,104,false,"\N",4
17,"2025-01-27","RT-S08","Hops: Germany (via Newark) to Brooklyn","SUP-DE","BRW-01","HOPS","OCEAN+TRUCK",21,40.7282,-74.1534,40.6782,-73.9442,21,0,22,76,false,"\N",5
18,"2025-02-03","RT-D06","Chicago DC to Detroit Dist.","DC-CHI","DST-DET","FINISHED","TRUCK",1,41.8525,-87.6514,42.3314,-83.0458,2,0,27,119,false,"\N",6
31,"2025-05-05","RT-S06","Hops: Yakima to Chicago Brewery","SUP-WA","BRW-02","HOPS","TRUCK",5,46.6021,-120.5059,41.8881,-87.6298,6,0,20,120,false,"\N",9
31,"2025-05-05","RT-D06","Chicago DC to Detroit Dist.","DC-CHI","DST-DET","FINISHED","TRUCK",1,41.8525,-87.6514,42.3314,-83.0458,2,0,11,111,false,"\N",6
36,"2025-06-09","RT-B03","Brooklyn Brewery to Toronto DC","BRW-01","DC-TOR","FINISHED","TRUCK",2,40.6782,-73.9442,43.6532,-79.3832,2,0.25,11.7,97.2,true,"Ukraine-Russia War - Grain Export Disruption",39
37,"2025-06-16","RT-D01","NYC DC to Boston Dist.","DC-NYC","DST-BOS","FINISHED","TRUCK",1,40.6501,-74.0139,42.3601,-71.0589,2,0,17,71,false,"\N",10
28,"2025-04-14","RT-B01","Brooklyn Brewery to NYC DC","BRW-01","DC-NYC","FINISHED","TRUCK",1,40.6782,-73.9442,40.6501,-74.0139,1,0.3,16.7,115.32,true,"Ukraine-Russia War - Grain Export Disruption",43
56,"2025-10-27","RT-S04","Barley: Saskatchewan to Brooklyn","SUP-SK","BRW-01","BARLEY","RAIL",6,50.4452,-104.6189,40.6782,-73.9442,6,0.075,9.7,114.48,false,"\N",19
56,"2025-10-27","RT-D09","Dallas DC to Houston Dist.","DC-DAL","DST-HOU","FINISHED","TRUCK",1,32.7767,-96.7970,29.7604,-95.3698,1,0,20,124,false,"\N",6
42,"2025-07-21","RT-D05","Atlanta DC to Nashville Dist.","DC-ATL","DST-NSH","FINISHED","TRUCK",1,33.7537,-84.3863,36.1627,-86.7816,1,0,27,70,false,"\N",4
78,"2026-03-30","RT-D11","Dallas DC to Phoenix Dist.","DC-DAL","DST-PHX","FINISHED","TRUCK",2,32.7767,-96.7970,33.4484,-112.0740,2,0,17,123,false,"\N",9
85,"2026-05-18","RT-S08","Hops: Germany (via Newark) to Brooklyn","SUP-DE","BRW-01","HOPS","OCEAN+TRUCK",21,40.7282,-74.1534,40.6782,-73.9442,21,0,15,102,false,"\N",5
48,"2025-09-01","RT-S07","Hops: Yakima to Portland Brewery","SUP-WA","BRW-03","HOPS","TRUCK",1,46.6021,-120.5059,45.5152,-122.6784,1,0.35,19.8,104.96,true,"\N",43
47,"2025-08-25","RT-D05","Atlanta DC to Nashville Dist.","DC-ATL","DST-NSH","FINISHED","TRUCK",1,33.7537,-84.3863,36.1627,-86.7816,1,0,19,80,false,"\N",1
16,"2025-01-20","RT-D14","Seattle DC to LA Dist.","DC-SEA","DST-LAX","FINISHED","TRUCK",3,47.6062,-122.3321,34.0522,-118.2437,3,0,30,87,false,"\N",1
47,"2025-08-25","RT-B03","Brooklyn Brewery to Toronto DC","BRW-01","DC-TOR","FINISHED","TRUCK",2,40.6782,-73.9442,43.6532,-79.3832,2,0.15,11.3,84,false,"Black Sea Grain Corridor Collapse",28
91,"2026-06-29","RT-D03","Atlanta DC to Miami Dist.","DC-ATL","DST-MIA","FINISHED","TRUCK",2,33.7537,-84.3863,25.7617,-80.1918,2,0,21,81,false,"\N",4
54,"2025-10-13","RT-B04","Chicago Brewery to Chicago DC","BRW-02","DC-CHI","FINISHED","TRUCK",1,41.8881,-87.6298,41.8525,-87.6514,1,0.15,18.8,78.4,false,"Black Sea Grain Corridor Collapse",18
68,"2026-01-19","RT-D13","Seattle DC to SF Dist.","DC-SEA","DST-SFO","FINISHED","TRUCK",2,47.6062,-122.3321,37.7749,-122.4194,2,0,22,99,false,"\N",8
103,"2026-09-21","RT-D13","Seattle DC to SF Dist.","DC-SEA","DST-SFO","FINISHED","TRUCK",2,47.6062,-122.3321,37.7749,-122.4194,3,0,12,106,false,"\N",9
61,"2025-12-01","RT-B06","Portland Brewery to Seattle DC","BRW-03","DC-SEA","FINISHED","TRUCK",1,45.5152,-122.6784,47.6062,-122.3321,1,0,13,130,false,"\N",6
66,"2026-01-05","RT-D04","Atlanta DC to Tampa Dist.","DC-ATL","DST-TPA","FINISHED","TRUCK",1,33.7537,-84.3863,27.9506,-82.4572,2,0,18,90,false,"\N",7
70,"2026-02-02","RT-D14","Seattle DC to LA Dist.","DC-SEA","DST-LAX","FINISHED","TRUCK",3,47.6062,-122.3321,34.0522,-118.2437,3,0,29,104,false,"\N",7
104,"2026-09-28","RT-D12","Seattle DC to Portland Dist.","DC-SEA","DST-PDX","FINISHED","TRUCK",1,47.6062,-122.3321,45.5152,-122.6784,1,0,11,97,false,"\N",5
57,"2025-11-03","RT-D02","NYC DC to Philadelphia Dist.","DC-NYC","DST-PHL","FINISHED","TRUCK",1,40.6501,-74.0139,39.9526,-75.1652,2,0,11,83,false,"\N",9
69,"2026-01-26","RT-D06","Chicago DC to Detroit Dist.","DC-CHI","DST-DET","FINISHED","TRUCK",1,41.8525,-87.6514,42.3314,-83.0458,1,0,24,87,false,"\N",7
5,"2024-11-04","RT-S03","Barley: Idaho to Portland Brewery","SUP-ID","BRW-03","BARLEY","TRUCK",2,43.6150,-116.2023,45.5152,-122.6784,2,0.125,9.5,94.6,false,"\N",20
4,"2024-10-28","RT-B04","Chicago Brewery to Chicago DC","BRW-02","DC-CHI","FINISHED","TRUCK",1,41.8881,-87.6298,41.8525,-87.6514,1,0.25,15.3,99.6,true,"Ukraine-Russia War - Grain Export Disruption",32
15,"2025-01-13","RT-D02","NYC DC to Philadelphia Dist.","DC-NYC","DST-PHL","FINISHED","TRUCK",1,40.6501,-74.0139,39.9526,-75.1652,1,0,24,84,false,"\N",5
15,"2025-01-13","RT-S02","Barley: N.Dakota to Chicago Brewery","SUP-ND","BRW-02","BARLEY","RAIL",3,46.8772,-96.7898,41.8881,-87.6298,4,0.125,20.9,140.8,false,"\N",16
18,"2025-02-03","RT-S07","Hops: Yakima to Portland Brewery","SUP-WA","BRW-03","HOPS","TRUCK",1,46.6021,-120.5059,45.5152,-122.6784,1,0,18,101,false,"\N",7
9,"2024-12-02","RT-S08","Hops: Germany (via Newark) to Brooklyn","SUP-DE","BRW-01","HOPS","OCEAN+TRUCK",21,40.7282,-74.1534,40.6782,-73.9442,22,0,29,115,false,"\N",3
88,"2026-06-08","RT-D05","Atlanta DC to Nashville Dist.","DC-ATL","DST-NSH","FINISHED","TRUCK",1,33.7537,-84.3863,36.1627,-86.7816,1,0,10,107,false,"\N",2
17,"2025-01-27","RT-D04","Atlanta DC to Tampa Dist.","DC-ATL","DST-TPA","FINISHED","TRUCK",1,33.7537,-84.3863,27.9506,-82.4572,1,0,14,91,false,"\N",10
24,"2025-03-17","RT-D11","Dallas DC to Phoenix Dist.","DC-DAL","DST-PHX","FINISHED","TRUCK",2,32.7767,-96.7970,33.4484,-112.0740,3,0,16,130,false,"\N",1
53,"2025-10-06","RT-S03","Barley: Idaho to Portland Brewery","SUP-ID","BRW-03","BARLEY","TRUCK",2,43.6150,-116.2023,45.5152,-122.6784,2,0.075,14.6,103.88,false,"\N",16
45,"2025-08-11","RT-S04","Barley: Saskatchewan to Brooklyn","SUP-SK","BRW-01","BARLEY","RAIL",6,50.4452,-104.6189,40.6782,-73.9442,6,0.075,18.4,101.76,false,"\N",17
47,"2025-08-25","RT-B05","Chicago Brewery to Dallas DC","BRW-02","DC-DAL","FINISHED","TRUCK",3,41.8881,-87.6298,32.7767,-96.7970,4,0.15,9.4,143.36,false,"Black Sea Grain Corridor Collapse",21
89,"2026-06-15","RT-D03","Atlanta DC to Miami Dist.","DC-ATL","DST-MIA","FINISHED","TRUCK",2,33.7537,-84.3863,25.7617,-80.1918,3,0,30,92,false,"\N",3
96,"2026-08-03","RT-S06","Hops: Yakima to Chicago Brewery","SUP-WA","BRW-02","HOPS","TRUCK",5,46.6021,-120.5059,41.8881,-87.6298,5,0,18,88,false,"\N",5
100,"2026-08-31","RT-S02","Barley: N.Dakota to Chicago Brewery","SUP-ND","BRW-02","BARLEY","RAIL",3,46.8772,-96.7898,41.8881,-87.6298,3,0.06,11.7,91.18,false,"\N",17
25,"2025-03-24","RT-D14","Seattle DC to LA Dist.","DC-SEA","DST-LAX","FINISHED","TRUCK",3,47.6062,-122.3321,34.0522,-118.2437,4,0,18,114,false,"\N",8
35,"2025-06-02","RT-B01","Brooklyn Brewery to NYC DC","BRW-01","DC-NYC","FINISHED","TRUCK",1,40.6782,-73.9442,40.6501,-74.0139,2,0.25,9,115.2,true,"Ukraine-Russia War - Grain Export Disruption",37
97,"2026-08-10","RT-D01","NYC DC to Boston Dist.","DC-NYC","DST-BOS","FINISHED","TRUCK",1,40.6501,-74.0139,42.3601,-71.0589,1,0,11,127,false,"\N",7
60,"2025-11-24","RT-B01","Brooklyn Brewery to NYC DC","BRW-01","DC-NYC","FINISHED","TRUCK",1,40.6782,-73.9442,40.6501,-74.0139,1,0,30,85,false,"\N",10
62,"2025-12-08","RT-S01","Barley: Montana to Brooklyn Brewery","SUP-MT","BRW-01","BARLEY","RAIL",5,47.5063,-111.2813,40.6782,-73.9442,6,0,28,84,false,"\N",2
66,"2026-01-05","RT-D02","NYC DC to Philadelphia Dist.","DC-NYC","DST-PHL","FINISHED","TRUCK",1,40.6501,-74.0139,39.9526,-75.1652,2,0,16,116,false,"\N",2
104,"2026-09-28","RT-S06","Hops: Yakima to Chicago Brewery","SUP-WA","BRW-02","HOPS","TRUCK",5,46.6021,-120.5059,41.8881,-87.6298,6,0,25,98,false,"\N",2
2,"2024-10-14","RT-S08","Hops: Germany (via Newark) to Brooklyn","SUP-DE","BRW-01","HOPS","OCEAN+TRUCK",21,40.7282,-74.1534,40.6782,-73.9442,22,0,26,98,false,"\N",9
14,"2025-01-06","RT-D05","Atlanta DC to Nashville Dist.","DC-ATL","DST-NSH","FINISHED","TRUCK",1,33.7537,-84.3863,36.1627,-86.7816,1,0,23,115,false,"\N",4
26,"2025-03-31","RT-B04","Chicago Brewery to Chicago DC","BRW-02","DC-CHI","FINISHED","TRUCK",1,41.8881,-87.6298,41.8525,-87.6514,1,0.25,22.5,139.2,true,"Ukraine-Russia War - Grain Export Disruption",31
53,"2025-10-06","RT-D11","Dallas DC to Phoenix Dist.","DC-DAL","DST-PHX","FINISHED","TRUCK",2,32.7767,-96.7970,33.4484,-112.0740,2,0,16,79,false,"\N",3
48,"2025-09-01","RT-D13","Seattle DC to SF Dist.","DC-SEA","DST-SFO","FINISHED","TRUCK",2,47.6062,-122.3321,37.7749,-122.4194,2,0,29,123,false,"\N",5
54,"2025-10-13","RT-S06","Hops: Yakima to Chicago Brewery","SUP-WA","BRW-02","HOPS","TRUCK",5,46.6021,-120.5059,41.8881,-87.6298,5,0,26,114,false,"\N",7
88,"2026-06-08","RT-D02","NYC DC to Philadelphia Dist.","DC-NYC","DST-PHL","FINISHED","TRUCK",1,40.6501,-74.0139,39.9526,-75.1652,1,0,11,118,false,"\N",7
19,"2025-02-10","RT-D13","Seattle DC to SF Dist.","DC-SEA","DST-SFO","FINISHED","TRUCK",2,47.6062,-122.3321,37.7749,-122.4194,2,0,20,105,false,"\N",3
83,"2026-05-04","RT-D06","Chicago DC to Detroit Dist.","DC-CHI","DST-DET","FINISHED","TRUCK",1,41.8525,-87.6514,42.3314,-83.0458,1,0,28,127,false,"\N",1
22,"2025-03-03","RT-D01","NYC DC to Boston Dist.","DC-NYC","DST-BOS","FINISHED","TRUCK",1,40.6501,-74.0139,42.3601,-71.0589,1,0,13,97,false,"\N",6
24,"2025-03-17","RT-D13","Seattle DC to SF Dist.","DC-SEA","DST-SFO","FINISHED","TRUCK",2,47.6062,-122.3321,37.7749,-122.4194,2,0,21,81,false,"\N",8
31,"2025-05-05","RT-D02","NYC DC to Philadelphia Dist.","DC-NYC","DST-PHL","FINISHED","TRUCK",1,40.6501,-74.0139,39.9526,-75.1652,1,0,16,97,false,"\N",2
49,"2025-09-08","RT-D07","Chicago DC to Minneapolis Dist.","DC-CHI","DST-MSP","FINISHED","TRUCK",1,41.8525,-87.6514,44.9778,-93.2650,1,0,21,96,false,"\N",0
28,"2025-04-14","RT-D06","Chicago DC to Detroit Dist.","DC-CHI","DST-DET","FINISHED","TRUCK",1,41.8525,-87.6514,42.3314,-83.0458,1,0,20,100,false,"\N",8
41,"2025-07-14","RT-S06","Hops: Yakima to Chicago Brewery","SUP-WA","BRW-02","HOPS","TRUCK",5,46.6021,-120.5059,41.8881,-87.6298,5,0,27,81,false,"\N",7
45,"2025-08-11","RT-S05","Hops: Yakima to Brooklyn Brewery","SUP-WA","BRW-01","HOPS","TRUCK",7,46.6021,-120.5059,40.6782,-73.9442,8,0,27,97,false,"\N",1
78,"2026-03-30","RT-S04","Barley: Saskatchewan to Brooklyn","SUP-SK","BRW-01","BARLEY","RAIL",6,50.4452,-104.6189,40.6782,-73.9442,7,0,24,70,false,"\N",2
79,"2026-04-06","RT-D10","Dallas DC to Denver Dist.","DC-DAL","DST-DEN","FINISHED","TRUCK",2,32.7767,-96.7970,39.7392,-104.9903,2,0,25,75,false,"\N",2
84,"2026-05-11","RT-D06","Chicago DC to Detroit Dist.","DC-CHI","DST-DET","FINISHED","TRUCK",1,41.8525,-87.6514,42.3314,-83.0458,1,0,26,110,false,"\N",10
96,"2026-08-03","RT-B05","Chicago Brewery to Dallas DC","BRW-02","DC-DAL","FINISHED","TRUCK",3,41.8881,-87.6298,32.7767,-96.7970,4,0.12,19,120.56,false,"Midwest Drought - Domestic Barley Belt",21
33,"2025-05-19","RT-D04","Atlanta DC to Tampa Dist.","DC-ATL","DST-TPA","FINISHED","TRUCK",1,33.7537,-84.3863,27.9506,-82.4572,2,0,12,127,false,"\N",6
97,"2026-08-10","RT-D07","Chicago DC to Minneapolis Dist.","DC-CHI","DST-MSP","FINISHED","TRUCK",1,41.8525,-87.6514,44.9778,-93.2650,1,0,30,70,false,"\N",9
78,"2026-03-30","RT-S01","Barley: Montana to Brooklyn Brewery","SUP-MT","BRW-01","BARLEY","RAIL",5,47.5063,-111.2813,40.6782,-73.9442,5,0,17,98,false,"\N",0
34,"2025-05-26","RT-D03","Atlanta DC to Miami Dist.","DC-ATL","DST-MIA","FINISHED","TRUCK",2,33.7537,-84.3863,25.7617,-80.1918,3,0,22,82,false,"\N",7
40,"2025-07-07","RT-S04","Barley: Saskatchewan to Brooklyn","SUP-SK","BRW-01","BARLEY","RAIL",6,50.4452,-104.6189,40.6782,-73.9442,7,0.075,11.6,136.74,false,"\N",18
25,"2025-03-24","RT-S04","Barley: Saskatchewan to Brooklyn","SUP-SK","BRW-01","BARLEY","RAIL",6,50.4452,-104.6189,40.6782,-73.9442,6,0.125,24.7,124.3,false,"\N",22
82,"2026-04-27","RT-D04","Atlanta DC to Tampa Dist.","DC-ATL","DST-TPA","FINISHED","TRUCK",1,33.7537,-84.3863,27.9506,-82.4572,1,0,24,91,false,"\N",4
61,"2025-12-01","RT-S05","Hops: Yakima to Brooklyn Brewery","SUP-WA","BRW-01","HOPS","TRUCK",7,46.6021,-120.5059,40.6782,-73.9442,7,0,12,75,false,"\N",4
65,"2025-12-29","RT-D12","Seattle DC to Portland Dist.","DC-SEA","DST-PDX","FINISHED","TRUCK",1,47.6062,-122.3321,45.5152,-122.6784,1,0,23,111,false,"\N",6
65,"2025-12-29","RT-D01","NYC DC to Boston Dist.","DC-NYC","DST-BOS","FINISHED","TRUCK",1,40.6501,-74.0139,42.3601,-71.0589,2,0,13,128,false,"\N",7
57,"2025-11-03","RT-S05","Hops: Yakima to Brooklyn Brewery","SUP-WA","BRW-01","HOPS","TRUCK",7,46.6021,-120.5059,40.6782,-73.9442,7,0,13,106,false,"\N",5
3,"2024-10-21","RT-B05","Chicago Brewery to Dallas DC","BRW-02","DC-DAL","FINISHED","TRUCK",3,41.8881,-87.6298,32.7767,-96.7970,5,0.25,14.4,94.8,true,"Ukraine-Russia War - Grain Export Disruption",37
15,"2025-01-13","RT-D09","Dallas DC to Houston Dist.","DC-DAL","DST-HOU","FINISHED","TRUCK",1,32.7767,-96.7970,29.7604,-95.3698,1,0,26,101,false,"\N",6
23,"2025-03-10","RT-B03","Brooklyn Brewery to Toronto DC","BRW-01","DC-TOR","FINISHED","TRUCK",2,40.6782,-73.9442,43.6532,-79.3832,2,0.3,14.1,145.08,true,"Ukraine-Russia War - Grain Export Disruption",45
32,"2025-05-12","RT-D12","Seattle DC to Portland Dist.","DC-SEA","DST-PDX","FINISHED","TRUCK",1,47.6062,-122.3321,45.5152,-122.6784,2,0,25,101,false,"\N",1
23,"2025-03-10","RT-D03","Atlanta DC to Miami Dist.","DC-ATL","DST-MIA","FINISHED","TRUCK",2,33.7537,-84.3863,25.7617,-80.1918,3,0,23,98,false,"\N",5
34,"2025-05-26","RT-S06","Hops: Yakima to Chicago Brewery","SUP-WA","BRW-02","HOPS","TRUCK",5,46.6021,-120.5059,41.8881,-87.6298,6,0,14,82,false,"\N",4
39,"2025-06-30","RT-B04","Chicago Brewery to Chicago DC","BRW-02","DC-CHI","FINISHED","TRUCK",1,41.8881,-87.6298,41.8525,-87.6514,2,0.25,10.8,128.4,true,"Ukraine-Russia War - Grain Export Disruption",30
54,"2025-10-13","RT-S03","Barley: Idaho to Portland Brewery","SUP-ID","BRW-03","BARLEY","TRUCK",2,43.6150,-116.2023,45.5152,-122.6784,2,0.075,12.6,132.5,false,"\N",13
84,"2026-05-11","RT-S02","Barley: N.Dakota to Chicago Brewery","SUP-ND","BRW-02","BARLEY","RAIL",3,46.8772,-96.7898,41.8881,-87.6298,3,0,19,81,false,"\N",0
89,"2026-06-15","RT-S07","Hops: Yakima to Portland Brewery","SUP-WA","BRW-03","HOPS","TRUCK",1,46.6021,-120.5059,45.5152,-122.6784,2,0,11,107,false,"\N",3
5,"2024-11-04","RT-D02","NYC DC to Philadelphia Dist.","DC-NYC","DST-PHL","FINISHED","TRUCK",1,40.6501,-74.0139,39.9526,-75.1652,1,0,24,93,false,"\N",8
6,"2024-11-11","RT-D13","Seattle DC to SF Dist.","DC-SEA","DST-SFO","FINISHED","TRUCK",2,47.6062,-122.3321,37.7749,-122.4194,2,0,20,72,false,"\N",7
11,"2024-12-16","RT-S02","Barley: N.Dakota to Chicago Brewery","SUP-ND","BRW-02","BARLEY","RAIL",3,46.8772,-96.7898,41.8881,-87.6298,3,0.125,27.6,119.9,false,"\N",25
2,"2024-10-14","RT-D06","Chicago DC to Detroit Dist.","DC-CHI","DST-DET","FINISHED","TRUCK",1,41.8525,-87.6514,42.3314,-83.0458,1,0,13,103,false,"\N",4
8,"2024-11-25","RT-S06","Hops: Yakima to Chicago Brewery","SUP-WA","BRW-02","HOPS","TRUCK",5,46.6021,-120.5059,41.8881,-87.6298,6,0,30,88,false,"\N",8
23,"2025-03-10","RT-S04","Barley: Saskatchewan to Brooklyn","SUP-SK","BRW-01","BARLEY","RAIL",6,50.4452,-104.6189,40.6782,-73.9442,8,0.125,28.5,102.3,false,"\N",23
90,"2026-06-22","RT-D10","Dallas DC to Denver Dist.","DC-DAL","DST-DEN","FINISHED","TRUCK",2,32.7767,-96.7970,39.7392,-104.9903,3,0,19,73,false,"\N",7
24,"2025-03-17","RT-B03","Brooklyn Brewery to Toronto DC","BRW-01","DC-TOR","FINISHED","TRUCK",2,40.6782,-73.9442,43.6532,-79.3832,4,0.3,24.6,152.52,true,"Ukraine-Russia War - Grain Export Disruption",44
39,"2025-06-30","RT-S08","Hops: Germany (via Newark) to Brooklyn","SUP-DE","BRW-01","HOPS","OCEAN+TRUCK",21,40.7282,-74.1534,40.6782,-73.9442,21,0,14,72,false,"\N",9
90,"2026-06-22","RT-D07","Chicago DC to Minneapolis Dist.","DC-CHI","DST-MSP","FINISHED","TRUCK",1,41.8525,-87.6514,44.9778,-93.2650,1,0,25,118,false,"\N",7
82,"2026-04-27","RT-S04","Barley: Saskatchewan to Brooklyn","SUP-SK","BRW-01","BARLEY","RAIL",6,50.4452,-104.6189,40.6782,-73.9442,6,0,13,100,false,"\N",9
46,"2025-08-18","RT-S07","Hops: Yakima to Portland Brewery","SUP-WA","BRW-03","HOPS","TRUCK",1,46.6021,-120.5059,45.5152,-122.6784,1,0.35,21.5,144.64,true,"\N",47
92,"2026-07-06","RT-B06","Portland Brewery to Seattle DC","BRW-03","DC-SEA","FINISHED","TRUCK",1,45.5152,-122.6784,47.6062,-122.3321,2,0.12,20,101.93,false,"Midwest Drought - Domestic Barley Belt",14
20,"2025-02-17","RT-S02","Barley: N.Dakota to Chicago Brewery","SUP-ND","BRW-02","BARLEY","RAIL",3,46.8772,-96.7898,41.8881,-87.6298,4,0.125,25.7,85.8,false,"\N",25
94,"2026-07-20","RT-D08","Chicago DC to St.Louis Dist.","DC-CHI","DST-STL","FINISHED","TRUCK",1,41.8525,-87.6514,38.6270,-90.1994,2,0,11,101,false,"\N",0
84,"2026-05-11","RT-D12","Seattle DC to Portland Dist.","DC-SEA","DST-PDX","FINISHED","TRUCK",1,47.6062,-122.3321,45.5152,-122.6784,1,0,12,107,false,"\N",0
93,"2026-07-13","RT-D13","Seattle DC to SF Dist.","DC-SEA","DST-SFO","FINISHED","TRUCK",2,47.6062,-122.3321,37.7749,-122.4194,2,0,19,112,false,"\N",10
83,"2026-05-04","RT-S01","Barley: Montana to Brooklyn Brewery","SUP-MT","BRW-01","BARLEY","RAIL",5,47.5063,-111.2813,40.6782,-73.9442,6,0,17,78,false,"\N",6
50,"2025-09-15","RT-S07","Hops: Yakima to Portland Brewery","SUP-WA","BRW-03","HOPS","TRUCK",1,46.6021,-120.5059,45.5152,-122.6784,1,0.35,12.9,158.72,true,"\N",44
93,"2026-07-13","RT-D02","NYC DC to Philadelphia Dist.","DC-NYC","DST-PHL","FINISHED","TRUCK",1,40.6501,-74.0139,39.9526,-75.1652,1,0,24,79,false,"\N",9
70,"2026-02-02","RT-D03","Atlanta DC to Miami Dist.","DC-ATL","DST-MIA","FINISHED","TRUCK",2,33.7537,-84.3863,25.7617,-80.1918,3,0,29,116,false,"\N",4
102,"2026-09-14","RT-D12","Seattle DC to Portland Dist.","DC-SEA","DST-PDX","FINISHED","TRUCK",1,47.6062,-122.3321,45.5152,-122.6784,1,0,12,126,false,"\N",10
3,"2024-10-21","RT-S08","Hops: Germany (via Newark) to Brooklyn","SUP-DE","BRW-01","HOPS","OCEAN+TRUCK",21,40.7282,-74.1534,40.6782,-73.9442,22,0,20,127,false,"\N",4
6,"2024-11-11","RT-S02","Barley: N.Dakota to Chicago Brewery","SUP-ND","BRW-02","BARLEY","RAIL",3,46.8772,-96.7898,41.8881,-87.6298,3,0.125,12.4,91.3,false,"\N",19
6,"2024-11-11","RT-D06","Chicago DC to Detroit Dist.","DC-CHI","DST-DET","FINISHED","TRUCK",1,41.8525,-87.6514,42.3314,-83.0458,2,0,14,99,false,"\N",8
19,"2025-02-10","RT-S01","Barley: Montana to Brooklyn Brewery","SUP-MT","BRW-01","BARLEY","RAIL",5,47.5063,-111.2813,40.6782,-73.9442,6,0.125,20.9,129.8,false,"\N",20
82,"2026-04-27","RT-D13","Seattle DC to SF Dist.","DC-SEA","DST-SFO","FINISHED","TRUCK",2,47.6062,-122.3321,37.7749,-122.4194,2,0,24,124,false,"\N",4
17,"2025-01-27","RT-S02","Barley: N.Dakota to Chicago Brewery","SUP-ND","BRW-02","BARLEY","RAIL",3,46.8772,-96.7898,41.8881,-87.6298,4,0.125,26.6,110,false,"\N",16
34,"2025-05-26","RT-S05","Hops: Yakima to Brooklyn Brewery","SUP-WA","BRW-01","HOPS","TRUCK",7,46.6021,-120.5059,40.6782,-73.9442,7,0,26,123,false,"\N",3
28,"2025-04-14","RT-S03","Barley: Idaho to Portland Brewery","SUP-ID","BRW-03","BARLEY","TRUCK",2,43.6150,-116.2023,45.5152,-122.6784,2,0.125,17.1,127.6,false,"\N",22
32,"2025-05-12","RT-S02","Barley: N.Dakota to Chicago Brewery","SUP-ND","BRW-02","BARLEY","RAIL",3,46.8772,-96.7898,41.8881,-87.6298,3,0.125,17.1,132,false,"\N",22
29,"2025-04-21","RT-S02","Barley: N.Dakota to Chicago Brewery","SUP-ND","BRW-02","BARLEY","RAIL",3,46.8772,-96.7898,41.8881,-87.6298,3,0.125,11.4,116.6,false,"\N",21
47,"2025-08-25","RT-S04","Barley: Saskatchewan to Brooklyn","SUP-SK","BRW-01","BARLEY","RAIL",6,50.4452,-104.6189,40.6782,-73.9442,7,0.075,11.6,110.24,false,"\N",13
98,"2026-08-17","RT-D10","Dallas DC to Denver Dist.","DC-DAL","DST-DEN","FINISHED","TRUCK",2,32.7767,-96.7970,39.7392,-104.9903,2,0,21,75,false,"\N",8
97,"2026-08-10","RT-D12","Seattle DC to Portland Dist.","DC-SEA","DST-PDX","FINISHED","TRUCK",1,47.6062,-122.3321,45.5152,-122.6784,1,0,13,88,false,"\N",5
97,"2026-08-10","RT-D13","Seattle DC to SF Dist.","DC-SEA","DST-SFO","FINISHED","TRUCK",2,47.6062,-122.3321,37.7749,-122.4194,2,0,26,77,false,"\N",5
76,"2026-03-16","RT-D06","Chicago DC to Detroit Dist.","DC-CHI","DST-DET","FINISHED","TRUCK",1,41.8525,-87.6514,42.3314,-83.0458,1,0,21,98,false,"\N",0
41,"2025-07-14","RT-D03","Atlanta DC to Miami Dist.","DC-ATL","DST-MIA","FINISHED","TRUCK",2,33.7537,-84.3863,25.7617,-80.1918,3,0,17,128,false,"\N",7
54,"2025-10-13","RT-D06","Chicago DC to Detroit Dist.","DC-CHI","DST-DET","FINISHED","TRUCK",1,41.8525,-87.6514,42.3314,-83.0458,2,0,13,74,false,"\N",3
33,"2025-05-19","RT-S03","Barley: Idaho to Portland Brewery","SUP-ID","BRW-03","BARLEY","TRUCK",2,43.6150,-116.2023,45.5152,-122.6784,2,0.125,21.8,129.8,false,"\N",25
91,"2026-06-29","RT-B04","Chicago Brewery to Chicago DC","BRW-02","DC-CHI","FINISHED","TRUCK",1,41.8881,-87.6298,41.8525,-87.6514,1,0.12,28.6,109.6,false,"Midwest Drought - Domestic Barley Belt",17
99,"2026-08-24","RT-D10","Dallas DC to Denver Dist.","DC-DAL","DST-DEN","FINISHED","TRUCK",2,32.7767,-96.7970,39.7392,-104.9903,2,0,29,86,false,"\N",2
62,"2025-12-08","RT-D07","Chicago DC to Minneapolis Dist.","DC-CHI","DST-MSP","FINISHED","TRUCK",1,41.8525,-87.6514,44.9778,-93.2650,1,0,23,130,false,"\N",3
2,"2024-10-14","RT-D14","Seattle DC to LA Dist.","DC-SEA","DST-LAX","FINISHED","TRUCK",3,47.6062,-122.3321,34.0522,-118.2437,3,0,26,94,false,"\N",1
24,"2025-03-17","RT-D04","Atlanta DC to Tampa Dist.","DC-ATL","DST-TPA","FINISHED","TRUCK",1,33.7537,-84.3863,27.9506,-82.4572,1,0,18,97,false,"\N",10
48,"2025-09-01","RT-D07","Chicago DC to Minneapolis Dist.","DC-CHI","DST-MSP","FINISHED","TRUCK",1,41.8525,-87.6514,44.9778,-93.2650,1,0,25,70,false,"\N",5
41,"2025-07-14","RT-D07","Chicago DC to Minneapolis Dist.","DC-CHI","DST-MSP","FINISHED","TRUCK",1,41.8525,-87.6514,44.9778,-93.2650,2,0,21,97,false,"\N",10
51,"2025-09-22","RT-B04","Chicago Brewery to Chicago DC","BRW-02","DC-CHI","FINISHED","TRUCK",1,41.8881,-87.6298,41.8525,-87.6514,1,0.15,23.5,120.96,false,"Black Sea Grain Corridor Collapse",23
94,"2026-07-20","RT-D07","Chicago DC to Minneapolis Dist.","DC-CHI","DST-MSP","FINISHED","TRUCK",1,41.8525,-87.6514,44.9778,-93.2650,1,0,24,88,false,"\N",6
46,"2025-08-18","RT-B02","Brooklyn Brewery to Atlanta DC","BRW-01","DC-ATL","FINISHED","TRUCK",3,40.6782,-73.9442,33.7537,-84.3863,3,0.15,25.4,133.28,false,"Black Sea Grain Corridor Collapse",19
81,"2026-04-20","RT-D10","Dallas DC to Denver Dist.","DC-DAL","DST-DEN","FINISHED","TRUCK",2,32.7767,-96.7970,39.7392,-104.9903,3,0,12,106,false,"\N",7
44,"2025-08-04","RT-S02","Barley: N.Dakota to Chicago Brewery","SUP-ND","BRW-02","BARLEY","RAIL",3,46.8772,-96.7898,41.8881,-87.6298,3,0.075,18.4,117.66,false,"\N",13
85,"2026-05-18","RT-D06","Chicago DC to Detroit Dist.","DC-CHI","DST-DET","FINISHED","TRUCK",1,41.8525,-87.6514,42.3314,-83.0458,2,0,12,98,false,"\N",0
22,"2025-03-03","RT-B02","Brooklyn Brewery to Atlanta DC","BRW-01","DC-ATL","FINISHED","TRUCK",3,40.6782,-73.9442,33.7537,-84.3863,4,0.25,16.2,141.6,true,"Ukraine-Russia War - Grain Export Disruption",35
43,"2025-07-28","RT-S02","Barley: N.Dakota to Chicago Brewery","SUP-ND","BRW-02","BARLEY","RAIL",3,46.8772,-96.7898,41.8881,-87.6298,4,0.075,16.5,85.86,false,"\N",19
77,"2026-03-23","RT-S07","Hops: Yakima to Portland Brewery","SUP-WA","BRW-03","HOPS","TRUCK",1,46.6021,-120.5059,45.5152,-122.6784,1,0,15,72,false,"\N",6
60,"2025-11-24","RT-D07","Chicago DC to Minneapolis Dist.","DC-CHI","DST-MSP","FINISHED","TRUCK",1,41.8525,-87.6514,44.9778,-93.2650,2,0,24,107,false,"\N",4
71,"2026-02-09","RT-S03","Barley: Idaho to Portland Brewery","SUP-ID","BRW-03","BARLEY","TRUCK",2,43.6150,-116.2023,45.5152,-122.6784,2,0,16,86,false,"\N",1
59,"2025-11-17","RT-D11","Dallas DC to Phoenix Dist.","DC-DAL","DST-PHX","FINISHED","TRUCK",2,32.7767,-96.7970,33.4484,-112.0740,2,0,11,116,false,"\N",8
62,"2025-12-08","RT-D12","Seattle DC to Portland Dist.","DC-SEA","DST-PDX","FINISHED","TRUCK",1,47.6062,-122.3321,45.5152,-122.6784,2,0,26,75,false,"\N",2
72,"2026-02-16","RT-B05","Chicago Brewery to Dallas DC","BRW-02","DC-DAL","FINISHED","TRUCK",3,41.8881,-87.6298,32.7767,-96.7970,3,0,24,109,false,"\N",6
104,"2026-09-28","RT-S04","Barley: Saskatchewan to Brooklyn","SUP-SK","BRW-01","BARLEY","RAIL",6,50.4452,-104.6189,40.6782,-73.9442,6,0,29,89,false,"\N",1
63,"2025-12-15","RT-D14","Seattle DC to LA Dist.","DC-SEA","DST-LAX","FINISHED","TRUCK",3,47.6062,-122.3321,34.0522,-118.2437,3,0,21,78,false,"\N",5
101,"2026-09-07","RT-B03","Brooklyn Brewery to Toronto DC","BRW-01","DC-TOR","FINISHED","TRUCK",2,40.6782,-73.9442,43.6532,-79.3832,2,0,26,100,false,"\N",6
65,"2025-12-29","RT-D03","Atlanta DC to Miami Dist.","DC-ATL","DST-MIA","FINISHED","TRUCK",2,33.7537,-84.3863,25.7617,-80.1918,2,0,14,117,false,"\N",4
7,"2024-11-18","RT-S07","Hops: Yakima to Portland Brewery","SUP-WA","BRW-03","HOPS","TRUCK",1,46.6021,-120.5059,45.5152,-122.6784,1,0,13,104,false,"\N",4
10,"2024-12-09","RT-S07","Hops: Yakima to Portland Brewery","SUP-WA","BRW-03","HOPS","TRUCK",1,46.6021,-120.5059,45.5152,-122.6784,1,0,19,82,false,"\N",1
26,"2025-03-31","RT-S03","Barley: Idaho to Portland Brewery","SUP-ID","BRW-03","BARLEY","TRUCK",2,43.6150,-116.2023,45.5152,-122.6784,2,0.125,26.6,106.7,false,"\N",22
49,"2025-09-08","RT-D04","Atlanta DC to Tampa Dist.","DC-ATL","DST-TPA","FINISHED","TRUCK",1,33.7537,-84.3863,27.9506,-82.4572,1,0,27,117,false,"\N",2
51,"2025-09-22","RT-S03","Barley: Idaho to Portland Brewery","SUP-ID","BRW-03","BARLEY","TRUCK",2,43.6150,-116.2023,45.5152,-122.6784,2,0.075,20.4,103.88,false,"\N",12
27,"2025-04-07","RT-S06","Hops: Yakima to Chicago Brewery","SUP-WA","BRW-02","HOPS","TRUCK",5,46.6021,-120.5059,41.8881,-87.6298,6,0,10,90,false,"\N",4
79,"2026-04-06","RT-B06","Portland Brewery to Seattle DC","BRW-03","DC-SEA","FINISHED","TRUCK",1,45.5152,-122.6784,47.6062,-122.3321,2,0.18,13,140.71,true,"EU Export Controls on Hop Extracts",28
100,"2026-08-31","RT-D09","Dallas DC to Houston Dist.","DC-DAL","DST-HOU","FINISHED","TRUCK",1,32.7767,-96.7970,29.7604,-95.3698,1,0,29,109,false,"\N",1
77,"2026-03-23","RT-D02","NYC DC to Philadelphia Dist.","DC-NYC","DST-PHL","FINISHED","TRUCK",1,40.6501,-74.0139,39.9526,-75.1652,1,0,19,83,false,"\N",7
46,"2025-08-18","RT-D14","Seattle DC to LA Dist.","DC-SEA","DST-LAX","FINISHED","TRUCK",3,47.6062,-122.3321,34.0522,-118.2437,4,0,11,123,false,"\N",5
93,"2026-07-13","RT-D06","Chicago DC to Detroit Dist.","DC-CHI","DST-DET","FINISHED","TRUCK",1,41.8525,-87.6514,42.3314,-83.0458,1,0,25,93,false,"\N",4
99,"2026-08-24","RT-D11","Dallas DC to Phoenix Dist.","DC-DAL","DST-PHX","FINISHED","TRUCK",2,32.7767,-96.7970,33.4484,-112.0740,2,0,24,79,false,"\N",1
76,"2026-03-16","RT-S08","Hops: Germany (via Newark) to Brooklyn","SUP-DE","BRW-01","HOPS","OCEAN+TRUCK",21,40.7282,-74.1534,40.6782,-73.9442,21,0,22,76,false,"\N",4
59,"2025-11-17","RT-D09","Dallas DC to Houston Dist.","DC-DAL","DST-HOU","FINISHED","TRUCK",1,32.7767,-96.7970,29.7604,-95.3698,1,0,27,117,false,"\N",1
72,"2026-02-16","RT-S06","Hops: Yakima to Chicago Brewery","SUP-WA","BRW-02","HOPS","TRUCK",5,46.6021,-120.5059,41.8881,-87.6298,6,0,23,108,false,"\N",3
57,"2025-11-03","RT-D14","Seattle DC to LA Dist.","DC-SEA","DST-LAX","FINISHED","TRUCK",3,47.6062,-122.3321,34.0522,-118.2437,4,0,24,112,false,"\N",10
10,"2024-12-09","RT-B01","Brooklyn Brewery to NYC DC","BRW-01","DC-NYC","FINISHED","TRUCK",1,40.6782,-73.9442,40.6501,-74.0139,1,0.3,26.4,95.48,true,"Ukraine-Russia War - Grain Export Disruption",40
22,"2025-03-03","RT-D10","Dallas DC to Denver Dist.","DC-DAL","DST-DEN","FINISHED","TRUCK",2,32.7767,-96.7970,39.7392,-104.9903,3,0,18,112,false,"\N",8
41,"2025-07-14","RT-B05","Chicago Brewery to Dallas DC","BRW-02","DC-DAL","FINISHED","TRUCK",3,41.8881,-87.6298,32.7767,-96.7970,3,0.15,13.2,82.88,false,"Black Sea Grain Corridor Collapse",28
19,"2025-02-10","RT-D10","Dallas DC to Denver Dist.","DC-DAL","DST-DEN","FINISHED","TRUCK",2,32.7767,-96.7970,39.7392,-104.9903,3,0,21,93,false,"\N",6
7,"2024-11-18","RT-D11","Dallas DC to Phoenix Dist.","DC-DAL","DST-PHX","FINISHED","TRUCK",2,32.7767,-96.7970,33.4484,-112.0740,3,0,16,96,false,"\N",6
20,"2025-02-17","RT-D08","Chicago DC to St.Louis Dist.","DC-CHI","DST-STL","FINISHED","TRUCK",1,41.8525,-87.6514,38.6270,-90.1994,1,0,17,130,false,"\N",9
56,"2025-10-27","RT-D14","Seattle DC to LA Dist.","DC-SEA","DST-LAX","FINISHED","TRUCK",3,47.6062,-122.3321,34.0522,-118.2437,4,0,17,119,false,"\N",1
19,"2025-02-10","RT-S03","Barley: Idaho to Portland Brewery","SUP-ID","BRW-03","BARLEY","TRUCK",2,43.6150,-116.2023,45.5152,-122.6784,2,0.125,13.3,129.8,false,"\N",24
35,"2025-06-02","RT-S06","Hops: Yakima to Chicago Brewery","SUP-WA","BRW-02","HOPS","TRUCK",5,46.6021,-120.5059,41.8881,-87.6298,5,0,12,84,false,"\N",7
46,"2025-08-18","RT-S01","Barley: Montana to Brooklyn Brewery","SUP-MT","BRW-01","BARLEY","RAIL",5,47.5063,-111.2813,40.6782,-73.9442,5,0.075,26.2,110.24,false,"\N",9
93,"2026-07-13","RT-S04","Barley: Saskatchewan to Brooklyn","SUP-SK","BRW-01","BARLEY","RAIL",6,50.4452,-104.6189,40.6782,-73.9442,7,0.06,9.8,133.1,false,"\N",9
99,"2026-08-24","RT-D05","Atlanta DC to Nashville Dist.","DC-ATL","DST-NSH","FINISHED","TRUCK",1,33.7537,-84.3863,36.1627,-86.7816,1,0,22,127,false,"\N",4
18,"2025-02-03","RT-B04","Chicago Brewery to Chicago DC","BRW-02","DC-CHI","FINISHED","TRUCK",1,41.8881,-87.6298,41.8525,-87.6514,1,0.45,10.7,123.76,true,"Ukraine-Russia War - Grain Export Disruption",64
26,"2025-03-31","RT-D10","Dallas DC to Denver Dist.","DC-DAL","DST-DEN","FINISHED","TRUCK",2,32.7767,-96.7970,39.7392,-104.9903,2,0,22,89,false,"\N",6
54,"2025-10-13","RT-S01","Barley: Montana to Brooklyn Brewery","SUP-MT","BRW-01","BARLEY","RAIL",5,47.5063,-111.2813,40.6782,-73.9442,6,0.075,26.2,113.42,false,"\N",16
45,"2025-08-11","RT-D09","Dallas DC to Houston Dist.","DC-DAL","DST-HOU","FINISHED","TRUCK",1,32.7767,-96.7970,29.7604,-95.3698,2,0,25,106,false,"\N",4
45,"2025-08-11","RT-D14","Seattle DC to LA Dist.","DC-SEA","DST-LAX","FINISHED","TRUCK",3,47.6062,-122.3321,34.0522,-118.2437,3,0,12,116,false,"\N",8
79,"2026-04-06","RT-D02","NYC DC to Philadelphia Dist.","DC-NYC","DST-PHL","FINISHED","TRUCK",1,40.6501,-74.0139,39.9526,-75.1652,1,0,20,121,false,"\N",4
100,"2026-08-31","RT-D10","Dallas DC to Denver Dist.","DC-DAL","DST-DEN","FINISHED","TRUCK",2,32.7767,-96.7970,39.7392,-104.9903,3,0,24,78,false,"\N",2
83,"2026-05-04","RT-D03","Atlanta DC to Miami Dist.","DC-ATL","DST-MIA","FINISHED","TRUCK",2,33.7537,-84.3863,25.7617,-80.1918,2,0,18,115,false,"\N",2
71,"2026-02-09","RT-D05","Atlanta DC to Nashville Dist.","DC-ATL","DST-NSH","FINISHED","TRUCK",1,33.7537,-84.3863,36.1627,-86.7816,2,0,25,106,false,"\N",3
103,"2026-09-21","RT-S03","Barley: Idaho to Portland Brewery","SUP-ID","BRW-03","BARLEY","TRUCK",2,43.6150,-116.2023,45.5152,-122.6784,3,0,23,122,false,"\N",6
57,"2025-11-03","RT-D01","NYC DC to Boston Dist.","DC-NYC","DST-BOS","FINISHED","TRUCK",1,40.6501,-74.0139,42.3601,-71.0589,1,0,14,105,false,"\N",1
101,"2026-09-07","RT-D07","Chicago DC to Minneapolis Dist.","DC-CHI","DST-MSP","FINISHED","TRUCK",1,41.8525,-87.6514,44.9778,-93.2650,1,0,18,107,false,"\N",5
3,"2024-10-21","RT-D08","Chicago DC to St.Louis Dist.","DC-CHI","DST-STL","FINISHED","TRUCK",1,41.8525,-87.6514,38.6270,-90.1994,1,0,19,84,false,"\N",10
1,"2024-10-07","RT-S08","Hops: Germany (via Newark) to Brooklyn","SUP-DE","BRW-01","HOPS","OCEAN+TRUCK",21,40.7282,-74.1534,40.6782,-73.9442,21,0,28,105,false,"\N",0
3,"2024-10-21","RT-D13","Seattle DC to SF Dist.","DC-SEA","DST-SFO","FINISHED","TRUCK",2,47.6062,-122.3321,37.7749,-122.4194,2,0,14,78,false,"\N",9
12,"2024-12-23","RT-D14","Seattle DC to LA Dist.","DC-SEA","DST-LAX","FINISHED","TRUCK",3,47.6062,-122.3321,34.0522,-118.2437,3,0,21,126,false,"\N",7
14,"2025-01-06","RT-S03","Barley: Idaho to Portland Brewery","SUP-ID","BRW-03","BARLEY","TRUCK",2,43.6150,-116.2023,45.5152,-122.6784,2,0.125,19,84.7,false,"\N",19
39,"2025-06-30","RT-D08","Chicago DC to St.Louis Dist.","DC-CHI","DST-STL","FINISHED","TRUCK",1,41.8525,-87.6514,38.6270,-90.1994,2,0,16,102,false,"\N",9
49,"2025-09-08","RT-D08","Chicago DC to St.Louis Dist.","DC-CHI","DST-STL","FINISHED","TRUCK",1,41.8525,-87.6514,38.6270,-90.1994,2,0,30,110,false,"\N",8
12,"2024-12-23","RT-S08","Hops: Germany (via Newark) to Brooklyn","SUP-DE","BRW-01","HOPS","OCEAN+TRUCK",21,40.7282,-74.1534,40.6782,-73.9442,21,0,15,88,false,"\N",10
24,"2025-03-17","RT-B05","Chicago Brewery to Dallas DC","BRW-02","DC-DAL","FINISHED","TRUCK",3,41.8881,-87.6298,32.7767,-96.7970,5,0.25,19.8,94.8,true,"Ukraine-Russia War - Grain Export Disruption",40
9,"2024-12-02","RT-D13","Seattle DC to SF Dist.","DC-SEA","DST-SFO","FINISHED","TRUCK",2,47.6062,-122.3321,37.7749,-122.4194,2,0,19,125,false,"\N",5
51,"2025-09-22","RT-D06","Chicago DC to Detroit Dist.","DC-CHI","DST-DET","FINISHED","TRUCK",1,41.8525,-87.6514,42.3314,-83.0458,1,0,18,75,false,"\N",4
55,"2025-10-20","RT-D05","Atlanta DC to Nashville Dist.","DC-ATL","DST-NSH","FINISHED","TRUCK",1,33.7537,-84.3863,36.1627,-86.7816,1,0,17,105,false,"\N",1
83,"2026-05-04","RT-S08","Hops: Germany (via Newark) to Brooklyn","SUP-DE","BRW-01","HOPS","OCEAN+TRUCK",21,40.7282,-74.1534,40.6782,-73.9442,22,0,15,74,false,"\N",1
44,"2025-08-04","RT-B03","Brooklyn Brewery to Toronto DC","BRW-01","DC-TOR","FINISHED","TRUCK",2,40.6782,-73.9442,43.6532,-79.3832,2,0.15,27.3,105.28,false,"Black Sea Grain Corridor Collapse",20
85,"2026-05-18","RT-D10","Dallas DC to Denver Dist.","DC-DAL","DST-DEN","FINISHED","TRUCK",2,32.7767,-96.7970,39.7392,-104.9903,2,0,19,105,false,"\N",1
75,"2026-03-09","RT-B03","Brooklyn Brewery to Toronto DC","BRW-01","DC-TOR","FINISHED","TRUCK",2,40.6782,-73.9442,43.6532,-79.3832,2,0.18,13,107.54,true,"EU Export Controls on Hop Extracts",28
96,"2026-08-03","RT-S01","Barley: Montana to Brooklyn Brewery","SUP-MT","BRW-01","BARLEY","RAIL",5,47.5063,-111.2813,40.6782,-73.9442,6,0.06,11.7,78.6,false,"\N",11
100,"2026-08-31","RT-B01","Brooklyn Brewery to NYC DC","BRW-01","DC-NYC","FINISHED","TRUCK",1,40.6782,-73.9442,40.6501,-74.0139,2,0,27,73,false,"\N",8
67,"2026-01-12","RT-S07","Hops: Yakima to Portland Brewery","SUP-WA","BRW-03","HOPS","TRUCK",1,46.6021,-120.5059,45.5152,-122.6784,1,0,20,71,false,"\N",9
71,"2026-02-09","RT-B01","Brooklyn Brewery to NYC DC","BRW-01","DC-NYC","FINISHED","TRUCK",1,40.6782,-73.9442,40.6501,-74.0139,1,0,28,101,false,"\N",7
57,"2025-11-03","RT-S08","Hops: Germany (via Newark) to Brooklyn","SUP-DE","BRW-01","HOPS","OCEAN+TRUCK",21,40.7282,-74.1534,40.6782,-73.9442,21,0,14,112,false,"\N",9
2,"2024-10-14","RT-D10","Dallas DC to Denver Dist.","DC-DAL","DST-DEN","FINISHED","TRUCK",2,32.7767,-96.7970,39.7392,-104.9903,2,0,23,106,false,"\N",4
18,"2025-02-03","RT-S06","Hops: Yakima to Chicago Brewery","SUP-WA","BRW-02","HOPS","TRUCK",5,46.6021,-120.5059,41.8881,-87.6298,5,0,29,100,false,"\N",4
49,"2025-09-08","RT-D12","Seattle DC to Portland Dist.","DC-SEA","DST-PDX","FINISHED","TRUCK",1,47.6062,-122.3321,45.5152,-122.6784,2,0,16,101,false,"\N",1
38,"2025-06-23","RT-B04","Chicago Brewery to Chicago DC","BRW-02","DC-CHI","FINISHED","TRUCK",1,41.8881,-87.6298,41.8525,-87.6514,1,0.25,22.5,85.2,true,"Ukraine-Russia War - Grain Export Disruption",39
48,"2025-09-01","RT-D06","Chicago DC to Detroit Dist.","DC-CHI","DST-DET","FINISHED","TRUCK",1,41.8525,-87.6514,42.3314,-83.0458,1,0,16,98,false,"\N",3
19,"2025-02-10","RT-D05","Atlanta DC to Nashville Dist.","DC-ATL","DST-NSH","FINISHED","TRUCK",1,33.7537,-84.3863,36.1627,-86.7816,1,0,11,125,false,"\N",0
29,"2025-04-21","RT-S08","Hops: Germany (via Newark) to Brooklyn","SUP-DE","BRW-01","HOPS","OCEAN+TRUCK",21,40.7282,-74.1534,40.6782,-73.9442,21,0,27,118,false,"\N",3
43,"2025-07-28","RT-D10","Dallas DC to Denver Dist.","DC-DAL","DST-DEN","FINISHED","TRUCK",2,32.7767,-96.7970,39.7392,-104.9903,3,0,20,94,false,"\N",3
45,"2025-08-11","RT-D01","NYC DC to Boston Dist.","DC-NYC","DST-BOS","FINISHED","TRUCK",1,40.6501,-74.0139,42.3601,-71.0589,2,0,14,96,false,"\N",3
33,"2025-05-19","RT-D13","Seattle DC to SF Dist.","DC-SEA","DST-SFO","FINISHED","TRUCK",2,47.6062,-122.3321,37.7749,-122.4194,3,0,23,130,false,"\N",4
40,"2025-07-07","RT-D07","Chicago DC to Minneapolis Dist.","DC-CHI","DST-MSP","FINISHED","TRUCK",1,41.8525,-87.6514,44.9778,-93.2650,2,0,11,77,false,"\N",0
81,"2026-04-20","RT-D02","NYC DC to Philadelphia Dist.","DC-NYC","DST-PHL","FINISHED","TRUCK",1,40.6501,-74.0139,39.9526,-75.1652,1,0,27,128,false,"\N",6
30,"2025-04-28","RT-D09","Dallas DC to Houston Dist.","DC-DAL","DST-HOU","FINISHED","TRUCK",1,32.7767,-96.7970,29.7604,-95.3698,2,0,28,115,false,"\N",0
30,"2025-04-28","RT-B03","Brooklyn Brewery to Toronto DC","BRW-01","DC-TOR","FINISHED","TRUCK",2,40.6782,-73.9442,43.6532,-79.3832,2,0.3,23.8,111.6,true,"Ukraine-Russia War - Grain Export Disruption",44
9,"2024-12-02","RT-D10","Dallas DC to Denver Dist.","DC-DAL","DST-DEN","FINISHED","TRUCK",2,32.7767,-96.7970,39.7392,-104.9903,3,0,19,110,false,"\N",10
81,"2026-04-20","RT-B01","Brooklyn Brewery to NYC DC","BRW-01","DC-NYC","FINISHED","TRUCK",1,40.6782,-73.9442,40.6501,-74.0139,1,0.18,22.3,107.54,true,"EU Export Controls on Hop Extracts",26
79,"2026-04-06","RT-S05","Hops: Yakima to Brooklyn Brewery","SUP-WA","BRW-01","HOPS","TRUCK",7,46.6021,-120.5059,40.6782,-73.9442,8,0,20,130,false,"\N",0
46,"2025-08-18","RT-S04","Barley: Saskatchewan to Brooklyn","SUP-SK","BRW-01","BARLEY","RAIL",6,50.4452,-104.6189,40.6782,-73.9442,6,0.075,23.3,102.82,false,"\N",19
77,"2026-03-23","RT-S02","Barley: N.Dakota to Chicago Brewery","SUP-ND","BRW-02","BARLEY","RAIL",3,46.8772,-96.7898,41.8881,-87.6298,4,0,12,85,false,"\N",5
46,"2025-08-18","RT-D13","Seattle DC to SF Dist.","DC-SEA","DST-SFO","FINISHED","TRUCK",2,47.6062,-122.3321,37.7749,-122.4194,2,0,25,97,false,"\N",3
68,"2026-01-19","RT-D01","NYC DC to Boston Dist.","DC-NYC","DST-BOS","FINISHED","TRUCK",1,40.6501,-74.0139,42.3601,-71.0589,1,0,26,116,false,"\N",2
59,"2025-11-17","RT-D12","Seattle DC to Portland Dist.","DC-SEA","DST-PDX","FINISHED","TRUCK",1,47.6062,-122.3321,45.5152,-122.6784,1,0,11,73,false,"\N",6
62,"2025-12-08","RT-S03","Barley: Idaho to Portland Brewery","SUP-ID","BRW-03","BARLEY","TRUCK",2,43.6150,-116.2023,45.5152,-122.6784,2,0,29,98,false,"\N",5
104,"2026-09-28","RT-D11","Dallas DC to Phoenix Dist.","DC-DAL","DST-PHX","FINISHED","TRUCK",2,32.7767,-96.7970,33.4484,-112.0740,2,0,29,100,false,"\N",8
1,"2024-10-07","RT-B01","Brooklyn Brewery to NYC DC","BRW-01","DC-NYC","FINISHED","TRUCK",1,40.6782,-73.9442,40.6501,-74.0139,2,0.25,17.1,150,true,"Ukraine-Russia War - Grain Export Disruption",32
15,"2025-01-13","RT-D10","Dallas DC to Denver Dist.","DC-DAL","DST-DEN","FINISHED","TRUCK",2,32.7767,-96.7970,39.7392,-104.9903,2,0,30,118,false,"\N",4
16,"2025-01-20","RT-B03","Brooklyn Brewery to Toronto DC","BRW-01","DC-TOR","FINISHED","TRUCK",2,40.6782,-73.9442,43.6532,-79.3832,3,0.45,18,106.08,true,"Ukraine-Russia War - Grain Export Disruption",60
31,"2025-05-05","RT-D05","Atlanta DC to Nashville Dist.","DC-ATL","DST-NSH","FINISHED","TRUCK",1,33.7537,-84.3863,36.1627,-86.7816,1,0,29,101,false,"\N",1
31,"2025-05-05","RT-B06","Portland Brewery to Seattle DC","BRW-03","DC-SEA","FINISHED","TRUCK",1,45.5152,-122.6784,47.6062,-122.3321,1,0.25,18.9,148.8,true,"Ukraine-Russia War - Grain Export Disruption",40
36,"2025-06-09","RT-D07","Chicago DC to Minneapolis Dist.","DC-CHI","DST-MSP","FINISHED","TRUCK",1,41.8525,-87.6514,44.9778,-93.2650,2,0,18,88,false,"\N",7
98,"2026-08-17","RT-S01","Barley: Montana to Brooklyn Brewery","SUP-MT","BRW-01","BARLEY","RAIL",5,47.5063,-111.2813,40.6782,-73.9442,5,0.06,14.6,120.52,false,"\N",9
52,"2025-09-29","RT-B01","Brooklyn Brewery to NYC DC","BRW-01","DC-NYC","FINISHED","TRUCK",1,40.6782,-73.9442,40.6501,-74.0139,1,0.15,17.9,144.48,false,"Black Sea Grain Corridor Collapse",24
100,"2026-08-31","RT-D07","Chicago DC to Minneapolis Dist.","DC-CHI","DST-MSP","FINISHED","TRUCK",1,41.8525,-87.6514,44.9778,-93.2650,2,0,16,86,false,"\N",7
60,"2025-11-24","RT-D11","Dallas DC to Phoenix Dist.","DC-DAL","DST-PHX","FINISHED","TRUCK",2,32.7767,-96.7970,33.4484,-112.0740,2,0,12,88,false,"\N",6
59,"2025-11-17","RT-D08","Chicago DC to St.Louis Dist.","DC-CHI","DST-STL","FINISHED","TRUCK",1,41.8525,-87.6514,38.6270,-90.1994,1,0,16,81,false,"\N",9
61,"2025-12-01","RT-S02","Barley: N.Dakota to Chicago Brewery","SUP-ND","BRW-02","BARLEY","RAIL",3,46.8772,-96.7898,41.8881,-87.6298,4,0,11,117,false,"\N",6
102,"2026-09-14","RT-D10","Dallas DC to Denver Dist.","DC-DAL","DST-DEN","FINISHED","TRUCK",2,32.7767,-96.7970,39.7392,-104.9903,2,0,26,122,false,"\N",1
5,"2024-11-04","RT-S04","Barley: Saskatchewan to Brooklyn","SUP-SK","BRW-01","BARLEY","RAIL",6,50.4452,-104.6189,40.6782,-73.9442,7,0.125,25.7,80.3,false,"\N",22
6,"2024-11-11","RT-D07","Chicago DC to Minneapolis Dist.","DC-CHI","DST-MSP","FINISHED","TRUCK",1,41.8525,-87.6514,44.9778,-93.2650,1,0,17,85,false,"\N",2
36,"2025-06-09","RT-B04","Chicago Brewery to Chicago DC","BRW-02","DC-CHI","FINISHED","TRUCK",1,41.8881,-87.6298,41.8525,-87.6514,1,0.25,23.4,112.8,true,"Ukraine-Russia War - Grain Export Disruption",37
46,"2025-08-18","RT-D03","Atlanta DC to Miami Dist.","DC-ATL","DST-MIA","FINISHED","TRUCK",2,33.7537,-84.3863,25.7617,-80.1918,2,0,14,125,false,"\N",3
18,"2025-02-03","RT-D08","Chicago DC to St.Louis Dist.","DC-CHI","DST-STL","FINISHED","TRUCK",1,41.8525,-87.6514,38.6270,-90.1994,1,0,19,85,false,"\N",7
31,"2025-05-05","RT-D04","Atlanta DC to Tampa Dist.","DC-ATL","DST-TPA","FINISHED","TRUCK",1,33.7537,-84.3863,27.9506,-82.4572,2,0,20,112,false,"\N",4
37,"2025-06-16","RT-B02","Brooklyn Brewery to Atlanta DC","BRW-01","DC-ATL","FINISHED","TRUCK",3,40.6782,-73.9442,33.7537,-84.3863,5,0.25,25.2,122.4,true,"Ukraine-Russia War - Grain Export Disruption",31
28,"2025-04-14","RT-B05","Chicago Brewery to Dallas DC","BRW-02","DC-DAL","FINISHED","TRUCK",3,41.8881,-87.6298,32.7767,-96.7970,4,0.25,12.6,151.2,true,"Ukraine-Russia War - Grain Export Disruption",37
41,"2025-07-14","RT-D12","Seattle DC to Portland Dist.","DC-SEA","DST-PDX","FINISHED","TRUCK",1,47.6062,-122.3321,45.5152,-122.6784,1,0,21,128,false,"\N",9
35,"2025-06-02","RT-S07","Hops: Yakima to Portland Brewery","SUP-WA","BRW-03","HOPS","TRUCK",1,46.6021,-120.5059,45.5152,-122.6784,1,0,12,91,false,"\N",3
46,"2025-08-18","RT-D07","Chicago DC to Minneapolis Dist.","DC-CHI","DST-MSP","FINISHED","TRUCK",1,41.8525,-87.6514,44.9778,-93.2650,2,0,28,119,false,"\N",6
92,"2026-07-06","RT-D08","Chicago DC to St.Louis Dist.","DC-CHI","DST-STL","FINISHED","TRUCK",1,41.8525,-87.6514,38.6270,-90.1994,2,0,10,74,false,"\N",5
54,"2025-10-13","RT-D05","Atlanta DC to Nashville Dist.","DC-ATL","DST-NSH","FINISHED","TRUCK",1,33.7537,-84.3863,36.1627,-86.7816,1,0,22,78,false,"\N",8
25,"2025-03-24","RT-D13","Seattle DC to SF Dist.","DC-SEA","DST-SFO","FINISHED","TRUCK",2,47.6062,-122.3321,37.7749,-122.4194,2,0,24,118,false,"\N",6
23,"2025-03-10","RT-S06","Hops: Yakima to Chicago Brewery","SUP-WA","BRW-02","HOPS","TRUCK",5,46.6021,-120.5059,41.8881,-87.6298,6,0,29,111,false,"\N",1
35,"2025-06-02","RT-B03","Brooklyn Brewery to Toronto DC","BRW-01","DC-TOR","FINISHED","TRUCK",2,40.6782,-73.9442,43.6532,-79.3832,2,0.25,18.9,138,true,"Ukraine-Russia War - Grain Export Disruption",30
46,"2025-08-18","RT-B04","Chicago Brewery to Chicago DC","BRW-02","DC-CHI","FINISHED","TRUCK",1,41.8881,-87.6298,41.8525,-87.6514,1,0.15,20.7,108.64,false,"Black Sea Grain Corridor Collapse",18
55,"2025-10-20","RT-S02","Barley: N.Dakota to Chicago Brewery","SUP-ND","BRW-02","BARLEY","RAIL",3,46.8772,-96.7898,41.8881,-87.6298,3,0.075,27.2,93.28,false,"\N",14
68,"2026-01-19","RT-D08","Chicago DC to St.Louis Dist.","DC-CHI","DST-STL","FINISHED","TRUCK",1,41.8525,-87.6514,38.6270,-90.1994,2,0,25,82,false,"\N",10
103,"2026-09-21","RT-B02","Brooklyn Brewery to Atlanta DC","BRW-01","DC-ATL","FINISHED","TRUCK",3,40.6782,-73.9442,33.7537,-84.3863,3,0,13,72,false,"\N",4
104,"2026-09-28","RT-D01","NYC DC to Boston Dist.","DC-NYC","DST-BOS","FINISHED","TRUCK",1,40.6501,-74.0139,42.3601,-71.0589,1,0,19,104,false,"\N",4
11,"2024-12-16","RT-S04","Barley: Saskatchewan to Brooklyn","SUP-SK","BRW-01","BARLEY","RAIL",6,50.4452,-104.6189,40.6782,-73.9442,8,0.125,10.5,88,false,"\N",23
11,"2024-12-16","RT-D14","Seattle DC to LA Dist.","DC-SEA","DST-LAX","FINISHED","TRUCK",3,47.6062,-122.3321,34.0522,-118.2437,4,0,19,102,false,"\N",4
82,"2026-04-27","RT-B06","Portland Brewery to Seattle DC","BRW-03","DC-SEA","FINISHED","TRUCK",1,45.5152,-122.6784,47.6062,-122.3321,2,0.18,11.1,132.7,true,"EU Export Controls on Hop Extracts",23
9,"2024-12-02","RT-B02","Brooklyn Brewery to Atlanta DC","BRW-01","DC-ATL","FINISHED","TRUCK",3,40.6782,-73.9442,33.7537,-84.3863,5,0.55,13.3,177.12,true,"Ukraine-Russia War - Grain Export Disruption",70
41,"2025-07-14","RT-D04","Atlanta DC to Tampa Dist.","DC-ATL","DST-TPA","FINISHED","TRUCK",1,33.7537,-84.3863,27.9506,-82.4572,1,0,21,81,false,"\N",2
19,"2025-02-10","RT-D11","Dallas DC to Phoenix Dist.","DC-DAL","DST-PHX","FINISHED","TRUCK",2,32.7767,-96.7970,33.4484,-112.0740,2,0,18,116,false,"\N",2
29,"2025-04-21","RT-B05","Chicago Brewery to Dallas DC","BRW-02","DC-DAL","FINISHED","TRUCK",3,41.8881,-87.6298,32.7767,-96.7970,5,0.25,18,147.6,true,"Ukraine-Russia War - Grain Export Disruption",33
50,"2025-09-15","RT-B03","Brooklyn Brewery to Toronto DC","BRW-01","DC-TOR","FINISHED","TRUCK",2,40.6782,-73.9442,43.6532,-79.3832,3,0.15,19.7,120.96,false,"Black Sea Grain Corridor Collapse",23
25,"2025-03-24","RT-D07","Chicago DC to Minneapolis Dist.","DC-CHI","DST-MSP","FINISHED","TRUCK",1,41.8525,-87.6514,44.9778,-93.2650,2,0,16,84,false,"\N",10
26,"2025-03-31","RT-B02","Brooklyn Brewery to Atlanta DC","BRW-01","DC-ATL","FINISHED","TRUCK",3,40.6782,-73.9442,33.7537,-84.3863,5,0.25,26.1,110.4,true,"Ukraine-Russia War - Grain Export Disruption",30
64,"2025-12-22","RT-S07","Hops: Yakima to Portland Brewery","SUP-WA","BRW-03","HOPS","TRUCK",1,46.6021,-120.5059,45.5152,-122.6784,1,0,29,98,false,"\N",8
101,"2026-09-07","RT-D05","Atlanta DC to Nashville Dist.","DC-ATL","DST-NSH","FINISHED","TRUCK",1,33.7537,-84.3863,36.1627,-86.7816,1,0,28,96,false,"\N",1
102,"2026-09-14","RT-B04","Chicago Brewery to Chicago DC","BRW-02","DC-CHI","FINISHED","TRUCK",1,41.8881,-87.6298,41.8525,-87.6514,2,0,13,102,false,"\N",10
1,"2024-10-07","RT-S04","Barley: Saskatchewan to Brooklyn","SUP-SK","BRW-01","BARLEY","RAIL",6,50.4452,-104.6189,40.6782,-73.9442,6,0.125,15.2,133.1,false,"\N",20
6,"2024-11-11","RT-B03","Brooklyn Brewery to Toronto DC","BRW-01","DC-TOR","FINISHED","TRUCK",2,40.6782,-73.9442,43.6532,-79.3832,2,0.25,13.5,94.8,true,"Ukraine-Russia War - Grain Export Disruption",34
13,"2024-12-30","RT-S03","Barley: Idaho to Portland Brewery","SUP-ID","BRW-03","BARLEY","TRUCK",2,43.6150,-116.2023,45.5152,-122.6784,2,0.125,25.7,112.2,false,"\N",20
14,"2025-01-06","RT-D14","Seattle DC to LA Dist.","DC-SEA","DST-LAX","FINISHED","TRUCK",3,47.6062,-122.3321,34.0522,-118.2437,3,0,28,113,false,"\N",0
24,"2025-03-17","RT-B02","Brooklyn Brewery to Atlanta DC","BRW-01","DC-ATL","FINISHED","TRUCK",3,40.6782,-73.9442,33.7537,-84.3863,3,0.25,20.7,111.6,true,"Ukraine-Russia War - Grain Export Disruption",38
39,"2025-06-30","RT-S07","Hops: Yakima to Portland Brewery","SUP-WA","BRW-03","HOPS","TRUCK",1,46.6021,-120.5059,45.5152,-122.6784,1,0,29,93,false,"\N",10
56,"2025-10-27","RT-D01","NYC DC to Boston Dist.","DC-NYC","DST-BOS","FINISHED","TRUCK",1,40.6501,-74.0139,42.3601,-71.0589,2,0,24,82,false,"\N",8
37,"2025-06-16","RT-D12","Seattle DC to Portland Dist.","DC-SEA","DST-PDX","FINISHED","TRUCK",1,47.6062,-122.3321,45.5152,-122.6784,1,0,22,109,false,"\N",0
49,"2025-09-08","RT-B03","Brooklyn Brewery to Toronto DC","BRW-01","DC-TOR","FINISHED","TRUCK",2,40.6782,-73.9442,43.6532,-79.3832,3,0.15,13.2,84,false,"Black Sea Grain Corridor Collapse",19
9,"2024-12-02","RT-D08","Chicago DC to St.Louis Dist.","DC-CHI","DST-STL","FINISHED","TRUCK",1,41.8525,-87.6514,38.6270,-90.1994,1,0,14,97,false,"\N",7
90,"2026-06-22","RT-D04","Atlanta DC to Tampa Dist.","DC-ATL","DST-TPA","FINISHED","TRUCK",1,33.7537,-84.3863,27.9506,-82.4572,2,0,23,76,false,"\N",2
81,"2026-04-20","RT-S01","Barley: Montana to Brooklyn Brewery","SUP-MT","BRW-01","BARLEY","RAIL",5,47.5063,-111.2813,40.6782,-73.9442,5,0,20,105,false,"\N",3
85,"2026-05-18","RT-B03","Brooklyn Brewery to Toronto DC","BRW-01","DC-TOR","FINISHED","TRUCK",2,40.6782,-73.9442,43.6532,-79.3832,3,0.18,16.7,114.4,true,"EU Export Controls on Hop Extracts",28
22,"2025-03-03","RT-D03","Atlanta DC to Miami Dist.","DC-ATL","DST-MIA","FINISHED","TRUCK",2,33.7537,-84.3863,25.7617,-80.1918,2,0,28,89,false,"\N",8
51,"2025-09-22","RT-D11","Dallas DC to Phoenix Dist.","DC-DAL","DST-PHX","FINISHED","TRUCK",2,32.7767,-96.7970,33.4484,-112.0740,3,0,16,124,false,"\N",0
87,"2026-06-01","RT-D10","Dallas DC to Denver Dist.","DC-DAL","DST-DEN","FINISHED","TRUCK",2,32.7767,-96.7970,39.7392,-104.9903,3,0,20,103,false,"\N",6
91,"2026-06-29","RT-D10","Dallas DC to Denver Dist.","DC-DAL","DST-DEN","FINISHED","TRUCK",2,32.7767,-96.7970,39.7392,-104.9903,2,0,13,73,false,"\N",5
24,"2025-03-17","RT-D14","Seattle DC to LA Dist.","DC-SEA","DST-LAX","FINISHED","TRUCK",3,47.6062,-122.3321,34.0522,-118.2437,3,0,18,87,false,"\N",8
56,"2025-10-27","RT-D13","Seattle DC to SF Dist.","DC-SEA","DST-SFO","FINISHED","TRUCK",2,47.6062,-122.3321,37.7749,-122.4194,3,0,19,79,false,"\N",1
98,"2026-08-17","RT-D01","NYC DC to Boston Dist.","DC-NYC","DST-BOS","FINISHED","TRUCK",1,40.6501,-74.0139,42.3601,-71.0589,1,0,11,103,false,"\N",7
35,"2025-06-02","RT-D12","Seattle DC to Portland Dist.","DC-SEA","DST-PDX","FINISHED","TRUCK",1,47.6062,-122.3321,45.5152,-122.6784,1,0,23,85,false,"\N",10
103,"2026-09-21","RT-D11","Dallas DC to Phoenix Dist.","DC-DAL","DST-PHX","FINISHED","TRUCK",2,32.7767,-96.7970,33.4484,-112.0740,2,0,18,128,false,"\N",0
59,"2025-11-17","RT-D07","Chicago DC to Minneapolis Dist.","DC-CHI","DST-MSP","FINISHED","TRUCK",1,41.8525,-87.6514,44.9778,-93.2650,1,0,26,89,false,"\N",1
59,"2025-11-17","RT-D05","Atlanta DC to Nashville Dist.","DC-ATL","DST-NSH","FINISHED","TRUCK",1,33.7537,-84.3863,36.1627,-86.7816,1,0,16,82,false,"\N",1
59,"2025-11-17","RT-D03","Atlanta DC to Miami Dist.","DC-ATL","DST-MIA","FINISHED","TRUCK",2,33.7537,-84.3863,25.7617,-80.1918,2,0,30,102,false,"\N",2
62,"2025-12-08","RT-S05","Hops: Yakima to Brooklyn Brewery","SUP-WA","BRW-01","HOPS","TRUCK",7,46.6021,-120.5059,40.6782,-73.9442,7,0,17,103,false,"\N",3
66,"2026-01-05","RT-S06","Hops: Yakima to Chicago Brewery","SUP-WA","BRW-02","HOPS","TRUCK",5,46.6021,-120.5059,41.8881,-87.6298,5,0,14,117,false,"\N",10
73,"2026-02-23","RT-D14","Seattle DC to LA Dist.","DC-SEA","DST-LAX","FINISHED","TRUCK",3,47.6062,-122.3321,34.0522,-118.2437,3,0,13,104,false,"\N",6
14,"2025-01-06","RT-D09","Dallas DC to Houston Dist.","DC-DAL","DST-HOU","FINISHED","TRUCK",1,32.7767,-96.7970,29.7604,-95.3698,1,0,16,74,false,"\N",4
18,"2025-02-03","RT-D13","Seattle DC to SF Dist.","DC-SEA","DST-SFO","FINISHED","TRUCK",2,47.6062,-122.3321,37.7749,-122.4194,2,0,25,92,false,"\N",2
24,"2025-03-17","RT-D07","Chicago DC to Minneapolis Dist.","DC-CHI","DST-MSP","FINISHED","TRUCK",1,41.8525,-87.6514,44.9778,-93.2650,2,0,12,76,false,"\N",8
32,"2025-05-12","RT-D05","Atlanta DC to Nashville Dist.","DC-ATL","DST-NSH","FINISHED","TRUCK",1,33.7537,-84.3863,36.1627,-86.7816,1,0,16,70,false,"\N",8
79,"2026-04-06","RT-D13","Seattle DC to SF Dist.","DC-SEA","DST-SFO","FINISHED","TRUCK",2,47.6062,-122.3321,37.7749,-122.4194,2,0,30,120,false,"\N",0
87,"2026-06-01","RT-B05","Chicago Brewery to Dallas DC","BRW-02","DC-DAL","FINISHED","TRUCK",3,41.8881,-87.6298,32.7767,-96.7970,4,0.12,14.3,83.3,false,"Midwest Drought - Domestic Barley Belt",20
25,"2025-03-24","RT-B01","Brooklyn Brewery to NYC DC","BRW-01","DC-NYC","FINISHED","TRUCK",1,40.6782,-73.9442,40.6501,-74.0139,2,0.3,11.4,141.36,true,"Ukraine-Russia War - Grain Export Disruption",44
85,"2026-05-18","RT-D14","Seattle DC to LA Dist.","DC-SEA","DST-LAX","FINISHED","TRUCK",3,47.6062,-122.3321,34.0522,-118.2437,3,0,26,112,false,"\N",9
39,"2025-06-30","RT-D02","NYC DC to Philadelphia Dist.","DC-NYC","DST-PHL","FINISHED","TRUCK",1,40.6501,-74.0139,39.9526,-75.1652,1,0,18,72,false,"\N",3
44,"2025-08-04","RT-D04","Atlanta DC to Tampa Dist.","DC-ATL","DST-TPA","FINISHED","TRUCK",1,33.7537,-84.3863,27.9506,-82.4572,1,0,12,108,false,"\N",5
86,"2026-05-25","RT-D02","NYC DC to Philadelphia Dist.","DC-NYC","DST-PHL","FINISHED","TRUCK",1,40.6501,-74.0139,39.9526,-75.1652,1,0,25,88,false,"\N",0
93,"2026-07-13","RT-S03","Barley: Idaho to Portland Brewery","SUP-ID","BRW-03","BARLEY","TRUCK",2,43.6150,-116.2023,45.5152,-122.6784,2,0.06,29.3,101.66,false,"\N",7
58,"2025-11-10","RT-B02","Brooklyn Brewery to Atlanta DC","BRW-01","DC-ATL","FINISHED","TRUCK",3,40.6782,-73.9442,33.7537,-84.3863,3,0,17,114,false,"\N",5
60,"2025-11-24","RT-B02","Brooklyn Brewery to Atlanta DC","BRW-01","DC-ATL","FINISHED","TRUCK",3,40.6782,-73.9442,33.7537,-84.3863,3,0,11,101,false,"\N",4
64,"2025-12-22","RT-B01","Brooklyn Brewery to NYC DC","BRW-01","DC-NYC","FINISHED","TRUCK",1,40.6782,-73.9442,40.6501,-74.0139,2,0,29,102,false,"\N",8
67,"2026-01-12","RT-D06","Chicago DC to Detroit Dist.","DC-CHI","DST-DET","FINISHED","TRUCK",1,41.8525,-87.6514,42.3314,-83.0458,1,0,17,128,false,"\N",10
68,"2026-01-19","RT-S04","Barley: Saskatchewan to Brooklyn","SUP-SK","BRW-01","BARLEY","RAIL",6,50.4452,-104.6189,40.6782,-73.9442,6,0,30,96,false,"\N",1
68,"2026-01-19","RT-S08","Hops: Germany (via Newark) to Brooklyn","SUP-DE","BRW-01","HOPS","OCEAN+TRUCK",21,40.7282,-74.1534,40.6782,-73.9442,22,0,11,88,false,"\N",9
73,"2026-02-23","RT-D03","Atlanta DC to Miami Dist.","DC-ATL","DST-MIA","FINISHED","TRUCK",2,33.7537,-84.3863,25.7617,-80.1918,2,0,22,104,false,"\N",9
63,"2025-12-15","RT-D09","Dallas DC to Houston Dist.","DC-DAL","DST-HOU","FINISHED","TRUCK",1,32.7767,-96.7970,29.7604,-95.3698,1,0,14,86,false,"\N",9
4,"2024-10-28","RT-B06","Portland Brewery to Seattle DC","BRW-03","DC-SEA","FINISHED","TRUCK",1,45.5152,-122.6784,47.6062,-122.3321,1,0.25,21.6,110.4,true,"Ukraine-Russia War - Grain Export Disruption",35
6,"2024-11-11","RT-S08","Hops: Germany (via Newark) to Brooklyn","SUP-DE","BRW-01","HOPS","OCEAN+TRUCK",21,40.7282,-74.1534,40.6782,-73.9442,21,0,20,113,false,"\N",3
8,"2024-11-25","RT-S02","Barley: N.Dakota to Chicago Brewery","SUP-ND","BRW-02","BARLEY","RAIL",3,46.8772,-96.7898,41.8881,-87.6298,3,0.125,12.4,136.4,false,"\N",18
11,"2024-12-16","RT-S05","Hops: Yakima to Brooklyn Brewery","SUP-WA","BRW-01","HOPS","TRUCK",7,46.6021,-120.5059,40.6782,-73.9442,7,0,13,123,false,"\N",1
5,"2024-11-04","RT-S07","Hops: Yakima to Portland Brewery","SUP-WA","BRW-03","HOPS","TRUCK",1,46.6021,-120.5059,45.5152,-122.6784,2,0,18,124,false,"\N",6
34,"2025-05-26","RT-D05","Atlanta DC to Nashville Dist.","DC-ATL","DST-NSH","FINISHED","TRUCK",1,33.7537,-84.3863,36.1627,-86.7816,1,0,30,130,false,"\N",8
90,"2026-06-22","RT-D09","Dallas DC to Houston Dist.","DC-DAL","DST-HOU","FINISHED","TRUCK",1,32.7767,-96.7970,29.7604,-95.3698,1,0,29,70,false,"\N",7
19,"2025-02-10","RT-D04","Atlanta DC to Tampa Dist.","DC-ATL","DST-TPA","FINISHED","TRUCK",1,33.7537,-84.3863,27.9506,-82.4572,1,0,15,91,false,"\N",0
7,"2024-11-18","RT-S08","Hops: Germany (via Newark) to Brooklyn","SUP-DE","BRW-01","HOPS","OCEAN+TRUCK",21,40.7282,-74.1534,40.6782,-73.9442,21,0,12,75,false,"\N",3
41,"2025-07-14","RT-D08","Chicago DC to St.Louis Dist.","DC-CHI","DST-STL","FINISHED","TRUCK",1,41.8525,-87.6514,38.6270,-90.1994,1,0,22,121,false,"\N",3
88,"2026-06-08","RT-D10","Dallas DC to Denver Dist.","DC-DAL","DST-DEN","FINISHED","TRUCK",2,32.7767,-96.7970,39.7392,-104.9903,2,0,13,77,false,"\N",5
79,"2026-04-06","RT-D11","Dallas DC to Phoenix Dist.","DC-DAL","DST-PHX","FINISHED","TRUCK",2,32.7767,-96.7970,33.4484,-112.0740,3,0,20,89,false,"\N",5
87,"2026-06-01","RT-D06","Chicago DC to Detroit Dist.","DC-CHI","DST-DET","FINISHED","TRUCK",1,41.8525,-87.6514,42.3314,-83.0458,2,0,26,117,false,"\N",10
49,"2025-09-08","RT-D05","Atlanta DC to Nashville Dist.","DC-ATL","DST-NSH","FINISHED","TRUCK",1,33.7537,-84.3863,36.1627,-86.7816,1,0,13,101,false,"\N",6
42,"2025-07-21","RT-S03","Barley: Idaho to Portland Brewery","SUP-ID","BRW-03","BARLEY","TRUCK",2,43.6150,-116.2023,45.5152,-122.6784,2,0.075,28.1,102.82,false,"\N",14
33,"2025-05-19","RT-D10","Dallas DC to Denver Dist.","DC-DAL","DST-DEN","FINISHED","TRUCK",2,32.7767,-96.7970,39.7392,-104.9903,3,0,24,127,false,"\N",2
97,"2026-08-10","RT-B03","Brooklyn Brewery to Toronto DC","BRW-01","DC-TOR","FINISHED","TRUCK",2,40.6782,-73.9442,43.6532,-79.3832,2,0,28,114,false,"\N",4
83,"2026-05-04","RT-D01","NYC DC to Boston Dist.","DC-NYC","DST-BOS","FINISHED","TRUCK",1,40.6501,-74.0139,42.3601,-71.0589,2,0,12,106,false,"\N",3
44,"2025-08-04","RT-D07","Chicago DC to Minneapolis Dist.","DC-CHI","DST-MSP","FINISHED","TRUCK",1,41.8525,-87.6514,44.9778,-93.2650,1,0,29,71,false,"\N",0
80,"2026-04-13","RT-D02","NYC DC to Philadelphia Dist.","DC-NYC","DST-PHL","FINISHED","TRUCK",1,40.6501,-74.0139,39.9526,-75.1652,1,0,26,88,false,"\N",6
38,"2025-06-23","RT-D04","Atlanta DC to Tampa Dist.","DC-ATL","DST-TPA","FINISHED","TRUCK",1,33.7537,-84.3863,27.9506,-82.4572,1,0,29,122,false,"\N",7
100,"2026-08-31","RT-D12","Seattle DC to Portland Dist.","DC-SEA","DST-PDX","FINISHED","TRUCK",1,47.6062,-122.3321,45.5152,-122.6784,1,0,13,114,false,"\N",6
58,"2025-11-10","RT-S04","Barley: Saskatchewan to Brooklyn","SUP-SK","BRW-01","BARLEY","RAIL",6,50.4452,-104.6189,40.6782,-73.9442,7,0,19,88,false,"\N",8
67,"2026-01-12","RT-S08","Hops: Germany (via Newark) to Brooklyn","SUP-DE","BRW-01","HOPS","OCEAN+TRUCK",21,40.7282,-74.1534,40.6782,-73.9442,22,0,28,110,false,"\N",3
71,"2026-02-09","RT-S06","Hops: Yakima to Chicago Brewery","SUP-WA","BRW-02","HOPS","TRUCK",5,46.6021,-120.5059,41.8881,-87.6298,6,0,27,84,false,"\N",0
71,"2026-02-09","RT-B03","Brooklyn Brewery to Toronto DC","BRW-01","DC-TOR","FINISHED","TRUCK",2,40.6782,-73.9442,43.6532,-79.3832,3,0,28,101,false,"\N",4
66,"2026-01-05","RT-D10","Dallas DC to Denver Dist.","DC-DAL","DST-DEN","FINISHED","TRUCK",2,32.7767,-96.7970,39.7392,-104.9903,3,0,27,123,false,"\N",1
70,"2026-02-02","RT-D11","Dallas DC to Phoenix Dist.","DC-DAL","DST-PHX","FINISHED","TRUCK",2,32.7767,-96.7970,33.4484,-112.0740,2,0,12,122,false,"\N",2
70,"2026-02-02","RT-B06","Portland Brewery to Seattle DC","BRW-03","DC-SEA","FINISHED","TRUCK",1,45.5152,-122.6784,47.6062,-122.3321,1,0,24,95,false,"\N",3
63,"2025-12-15","RT-D11","Dallas DC to Phoenix Dist.","DC-DAL","DST-PHX","FINISHED","TRUCK",2,32.7767,-96.7970,33.4484,-112.0740,3,0,21,80,false,"\N",4
63,"2025-12-15","RT-B03","Brooklyn Brewery to Toronto DC","BRW-01","DC-TOR","FINISHED","TRUCK",2,40.6782,-73.9442,43.6532,-79.3832,3,0,15,129,false,"\N",5
101,"2026-09-07","RT-D13","Seattle DC to SF Dist.","DC-SEA","DST-SFO","FINISHED","TRUCK",2,47.6062,-122.3321,37.7749,-122.4194,3,0,23,108,false,"\N",4
102,"2026-09-14","RT-B02","Brooklyn Brewery to Atlanta DC","BRW-01","DC-ATL","FINISHED","TRUCK",3,40.6782,-73.9442,33.7537,-84.3863,4,0,21,78,false,"\N",2
10,"2024-12-09","RT-D05","Atlanta DC to Nashville Dist.","DC-ATL","DST-NSH","FINISHED","TRUCK",1,33.7537,-84.3863,36.1627,-86.7816,1,0,16,79,false,"\N",9
36,"2025-06-09","RT-B02","Brooklyn Brewery to Atlanta DC","BRW-01","DC-ATL","FINISHED","TRUCK",3,40.6782,-73.9442,33.7537,-84.3863,3,0.25,10.8,147.6,true,"Ukraine-Russia War - Grain Export Disruption",37
24,"2025-03-17","RT-D10","Dallas DC to Denver Dist.","DC-DAL","DST-DEN","FINISHED","TRUCK",2,32.7767,-96.7970,39.7392,-104.9903,2,0,30,130,false,"\N",8
36,"2025-06-09","RT-S03","Barley: Idaho to Portland Brewery","SUP-ID","BRW-03","BARLEY","TRUCK",2,43.6150,-116.2023,45.5152,-122.6784,2,0.125,9.5,79.2,false,"\N",25
39,"2025-06-30","RT-B01","Brooklyn Brewery to NYC DC","BRW-01","DC-NYC","FINISHED","TRUCK",1,40.6782,-73.9442,40.6501,-74.0139,1,0.25,19.8,139.2,true,"Ukraine-Russia War - Grain Export Disruption",30
20,"2025-02-17","RT-S08","Hops: Germany (via Newark) to Brooklyn","SUP-DE","BRW-01","HOPS","OCEAN+TRUCK",21,40.7282,-74.1534,40.6782,-73.9442,22,0,27,112,false,"\N",5
32,"2025-05-12","RT-D09","Dallas DC to Houston Dist.","DC-DAL","DST-HOU","FINISHED","TRUCK",1,32.7767,-96.7970,29.7604,-95.3698,2,0,19,85,false,"\N",7
42,"2025-07-21","RT-D03","Atlanta DC to Miami Dist.","DC-ATL","DST-MIA","FINISHED","TRUCK",2,33.7537,-84.3863,25.7617,-80.1918,2,0,18,102,false,"\N",2
47,"2025-08-25","RT-S05","Hops: Yakima to Brooklyn Brewery","SUP-WA","BRW-01","HOPS","TRUCK",7,46.6021,-120.5059,40.6782,-73.9442,10,0.35,16.3,98.56,true,"\N",48
98,"2026-08-17","RT-B03","Brooklyn Brewery to Toronto DC","BRW-01","DC-TOR","FINISHED","TRUCK",2,40.6782,-73.9442,43.6532,-79.3832,3,0,21,97,false,"\N",9
55,"2025-10-20","RT-S07","Hops: Yakima to Portland Brewery","SUP-WA","BRW-03","HOPS","TRUCK",1,46.6021,-120.5059,45.5152,-122.6784,2,0,15,75,false,"\N",0
87,"2026-06-01","RT-D11","Dallas DC to Phoenix Dist.","DC-DAL","DST-PHX","FINISHED","TRUCK",2,32.7767,-96.7970,33.4484,-112.0740,2,0,21,73,false,"\N",7
93,"2026-07-13","RT-D01","NYC DC to Boston Dist.","DC-NYC","DST-BOS","FINISHED","TRUCK",1,40.6501,-74.0139,42.3601,-71.0589,2,0,11,100,false,"\N",1
94,"2026-07-20","RT-D14","Seattle DC to LA Dist.","DC-SEA","DST-LAX","FINISHED","TRUCK",3,47.6062,-122.3321,34.0522,-118.2437,4,0,16,115,false,"\N",6
92,"2026-07-06","RT-D02","NYC DC to Philadelphia Dist.","DC-NYC","DST-PHL","FINISHED","TRUCK",1,40.6501,-74.0139,39.9526,-75.1652,1,0,10,107,false,"\N",0
83,"2026-05-04","RT-D04","Atlanta DC to Tampa Dist.","DC-ATL","DST-TPA","FINISHED","TRUCK",1,33.7537,-84.3863,27.9506,-82.4572,1,0,28,104,false,"\N",3
77,"2026-03-23","RT-B04","Chicago Brewery to Chicago DC","BRW-02","DC-CHI","FINISHED","TRUCK",1,41.8881,-87.6298,41.8525,-87.6514,1,0,29,97,false,"\N",3
60,"2025-11-24","RT-D06","Chicago DC to Detroit Dist.","DC-CHI","DST-DET","FINISHED","TRUCK",1,41.8525,-87.6514,42.3314,-83.0458,1,0,15,81,false,"\N",5
79,"2026-04-06","RT-D09","Dallas DC to Houston Dist.","DC-DAL","DST-HOU","FINISHED","TRUCK",1,32.7767,-96.7970,29.7604,-95.3698,2,0,30,102,false,"\N",1
67,"2026-01-12","RT-D09","Dallas DC to Houston Dist.","DC-DAL","DST-HOU","FINISHED","TRUCK",1,32.7767,-96.7970,29.7604,-95.3698,1,0,28,123,false,"\N",8
57,"2025-11-03","RT-D05","Atlanta DC to Nashville Dist.","DC-ATL","DST-NSH","FINISHED","TRUCK",1,33.7537,-84.3863,36.1627,-86.7816,2,0,29,95,false,"\N",3
101,"2026-09-07","RT-S03","Barley: Idaho to Portland Brewery","SUP-ID","BRW-03","BARLEY","TRUCK",2,43.6150,-116.2023,45.5152,-122.6784,2,0,15,87,false,"\N",0
101,"2026-09-07","RT-D11","Dallas DC to Phoenix Dist.","DC-DAL","DST-PHX","FINISHED","TRUCK",2,32.7767,-96.7970,33.4484,-112.0740,2,0,29,76,false,"\N",2
57,"2025-11-03","RT-D03","Atlanta DC to Miami Dist.","DC-ATL","DST-MIA","FINISHED","TRUCK",2,33.7537,-84.3863,25.7617,-80.1918,3,0,12,79,false,"\N",6
3,"2024-10-21","RT-D01","NYC DC to Boston Dist.","DC-NYC","DST-BOS","FINISHED","TRUCK",1,40.6501,-74.0139,42.3601,-71.0589,1,0,30,97,false,"\N",7
14,"2025-01-06","RT-D13","Seattle DC to SF Dist.","DC-SEA","DST-SFO","FINISHED","TRUCK",2,47.6062,-122.3321,37.7749,-122.4194,2,0,10,89,false,"\N",8
18,"2025-02-03","RT-B03","Brooklyn Brewery to Toronto DC","BRW-01","DC-TOR","FINISHED","TRUCK",2,40.6782,-73.9442,43.6532,-79.3832,3,0.45,10.7,163.2,true,"Ukraine-Russia War - Grain Export Disruption",60
22,"2025-03-03","RT-D14","Seattle DC to LA Dist.","DC-SEA","DST-LAX","FINISHED","TRUCK",3,47.6062,-122.3321,34.0522,-118.2437,4,0,21,96,false,"\N",10
48,"2025-09-01","RT-S04","Barley: Saskatchewan to Brooklyn","SUP-SK","BRW-01","BARLEY","RAIL",6,50.4452,-104.6189,40.6782,-73.9442,6,0.075,18.4,96.46,false,"\N",12
22,"2025-03-03","RT-D02","NYC DC to Philadelphia Dist.","DC-NYC","DST-PHL","FINISHED","TRUCK",1,40.6501,-74.0139,39.9526,-75.1652,2,0,14,77,false,"\N",0
24,"2025-03-17","RT-S01","Barley: Montana to Brooklyn Brewery","SUP-MT","BRW-01","BARLEY","RAIL",5,47.5063,-111.2813,40.6782,-73.9442,6,0.125,28.5,77,false,"\N",21
31,"2025-05-05","RT-D13","Seattle DC to SF Dist.","DC-SEA","DST-SFO","FINISHED","TRUCK",2,47.6062,-122.3321,37.7749,-122.4194,3,0,16,76,false,"\N",8
74,"2026-03-02","RT-D03","Atlanta DC to Miami Dist.","DC-ATL","DST-MIA","FINISHED","TRUCK",2,33.7537,-84.3863,25.7617,-80.1918,3,0,12,86,false,"\N",1
54,"2025-10-13","RT-B03","Brooklyn Brewery to Toronto DC","BRW-01","DC-TOR","FINISHED","TRUCK",2,40.6782,-73.9442,43.6532,-79.3832,2,0.15,10.3,117.6,false,"Black Sea Grain Corridor Collapse",24
79,"2026-04-06","RT-D05","Atlanta DC to Nashville Dist.","DC-ATL","DST-NSH","FINISHED","TRUCK",1,33.7537,-84.3863,36.1627,-86.7816,2,0,13,70,false,"\N",0
2,"2024-10-14","RT-B01","Brooklyn Brewery to NYC DC","BRW-01","DC-NYC","FINISHED","TRUCK",1,40.6782,-73.9442,40.6501,-74.0139,1,0.25,16.2,128.4,true,"Ukraine-Russia War - Grain Export Disruption",34
7,"2024-11-18","RT-D10","Dallas DC to Denver Dist.","DC-DAL","DST-DEN","FINISHED","TRUCK",2,32.7767,-96.7970,39.7392,-104.9903,2,0,26,76,false,"\N",7
80,"2026-04-13","RT-D12","Seattle DC to Portland Dist.","DC-SEA","DST-PDX","FINISHED","TRUCK",1,47.6062,-122.3321,45.5152,-122.6784,1,0,21,85,false,"\N",8
11,"2024-12-16","RT-D11","Dallas DC to Phoenix Dist.","DC-DAL","DST-PHX","FINISHED","TRUCK",2,32.7767,-96.7970,33.4484,-112.0740,2,0,22,129,false,"\N",2
16,"2025-01-20","RT-B06","Portland Brewery to Seattle DC","BRW-03","DC-SEA","FINISHED","TRUCK",1,45.5152,-122.6784,47.6062,-122.3321,1,0.25,15.3,156,true,"Ukraine-Russia War - Grain Export Disruption",30
18,"2025-02-03","RT-S08","Hops: Germany (via Newark) to Brooklyn","SUP-DE","BRW-01","HOPS","OCEAN+TRUCK",21,40.7282,-74.1534,40.6782,-73.9442,22,0,10,81,false,"\N",4
48,"2025-09-01","RT-B01","Brooklyn Brewery to NYC DC","BRW-01","DC-NYC","FINISHED","TRUCK",1,40.6782,-73.9442,40.6501,-74.0139,2,0.15,16.9,128.8,false,"Black Sea Grain Corridor Collapse",25
51,"2025-09-22","RT-D07","Chicago DC to Minneapolis Dist.","DC-CHI","DST-MSP","FINISHED","TRUCK",1,41.8525,-87.6514,44.9778,-93.2650,2,0,19,111,false,"\N",6
50,"2025-09-15","RT-S04","Barley: Saskatchewan to Brooklyn","SUP-SK","BRW-01","BARLEY","RAIL",6,50.4452,-104.6189,40.6782,-73.9442,6,0.075,26.2,87.98,false,"\N",11
55,"2025-10-20","RT-D07","Chicago DC to Minneapolis Dist.","DC-CHI","DST-MSP","FINISHED","TRUCK",1,41.8525,-87.6514,44.9778,-93.2650,1,0,27,109,false,"\N",7
81,"2026-04-20","RT-B04","Chicago Brewery to Chicago DC","BRW-02","DC-CHI","FINISHED","TRUCK",1,41.8881,-87.6298,41.8525,-87.6514,1,0,22,99,false,"\N",3
19,"2025-02-10","RT-S06","Hops: Yakima to Chicago Brewery","SUP-WA","BRW-02","HOPS","TRUCK",5,46.6021,-120.5059,41.8881,-87.6298,5,0,15,106,false,"\N",8
50,"2025-09-15","RT-B01","Brooklyn Brewery to NYC DC","BRW-01","DC-NYC","FINISHED","TRUCK",1,40.6782,-73.9442,40.6501,-74.0139,1,0.15,13.2,100.8,false,"Black Sea Grain Corridor Collapse",22
52,"2025-09-29","RT-B03","Brooklyn Brewery to Toronto DC","BRW-01","DC-TOR","FINISHED","TRUCK",2,40.6782,-73.9442,43.6532,-79.3832,2,0.15,19.7,141.12,false,"Black Sea Grain Corridor Collapse",28
80,"2026-04-13","RT-D11","Dallas DC to Phoenix Dist.","DC-DAL","DST-PHX","FINISHED","TRUCK",2,32.7767,-96.7970,33.4484,-112.0740,2,0,23,87,false,"\N",5
99,"2026-08-24","RT-B01","Brooklyn Brewery to NYC DC","BRW-01","DC-NYC","FINISHED","TRUCK",1,40.6782,-73.9442,40.6501,-74.0139,2,0,15,95,false,"\N",0
58,"2025-11-10","RT-D08","Chicago DC to St.Louis Dist.","DC-CHI","DST-STL","FINISHED","TRUCK",1,41.8525,-87.6514,38.6270,-90.1994,2,0,30,129,false,"\N",8
59,"2025-11-17","RT-B05","Chicago Brewery to Dallas DC","BRW-02","DC-DAL","FINISHED","TRUCK",3,41.8881,-87.6298,32.7767,-96.7970,3,0,11,123,false,"\N",4
63,"2025-12-15","RT-S05","Hops: Yakima to Brooklyn Brewery","SUP-WA","BRW-01","HOPS","TRUCK",7,46.6021,-120.5059,40.6782,-73.9442,7,0,19,107,false,"\N",7
2,"2024-10-14","RT-D09","Dallas DC to Houston Dist.","DC-DAL","DST-HOU","FINISHED","TRUCK",1,32.7767,-96.7970,29.7604,-95.3698,2,0,22,90,false,"\N",10
17,"2025-01-27","RT-S03","Barley: Idaho to Portland Brewery","SUP-ID","BRW-03","BARLEY","TRUCK",2,43.6150,-116.2023,45.5152,-122.6784,2,0.125,14.3,86.9,false,"\N",23
77,"2026-03-23","RT-B06","Portland Brewery to Seattle DC","BRW-03","DC-SEA","FINISHED","TRUCK",1,45.5152,-122.6784,47.6062,-122.3321,1,0.18,23.2,123.55,true,"EU Export Controls on Hop Extracts",22
36,"2025-06-09","RT-D01","NYC DC to Boston Dist.","DC-NYC","DST-BOS","FINISHED","TRUCK",1,40.6501,-74.0139,42.3601,-71.0589,1,0,19,95,false,"\N",9
49,"2025-09-08","RT-S08","Hops: Germany (via Newark) to Brooklyn","SUP-DE","BRW-01","HOPS","OCEAN+TRUCK",21,40.7282,-74.1534,40.6782,-73.9442,28,0.35,11.2,163.84,true,"\N",49
74,"2026-03-02","RT-D14","Seattle DC to LA Dist.","DC-SEA","DST-LAX","FINISHED","TRUCK",3,47.6062,-122.3321,34.0522,-118.2437,3,0,27,88,false,"\N",5
29,"2025-04-21","RT-S03","Barley: Idaho to Portland Brewery","SUP-ID","BRW-03","BARLEY","TRUCK",2,43.6150,-116.2023,45.5152,-122.6784,2,0.125,19,103.4,false,"\N",25
84,"2026-05-11","RT-S04","Barley: Saskatchewan to Brooklyn","SUP-SK","BRW-01","BARLEY","RAIL",6,50.4452,-104.6189,40.6782,-73.9442,6,0,16,102,false,"\N",8
96,"2026-08-03","RT-D06","Chicago DC to Detroit Dist.","DC-CHI","DST-DET","FINISHED","TRUCK",1,41.8525,-87.6514,42.3314,-83.0458,1,0,16,93,false,"\N",2
98,"2026-08-17","RT-B01","Brooklyn Brewery to NYC DC","BRW-01","DC-NYC","FINISHED","TRUCK",1,40.6782,-73.9442,40.6501,-74.0139,2,0,27,102,false,"\N",2
33,"2025-05-19","RT-S04","Barley: Saskatchewan to Brooklyn","SUP-SK","BRW-01","BARLEY","RAIL",6,50.4452,-104.6189,40.6782,-73.9442,7,0.125,26.6,119.9,false,"\N",16
35,"2025-06-02","RT-D11","Dallas DC to Phoenix Dist.","DC-DAL","DST-PHX","FINISHED","TRUCK",2,32.7767,-96.7970,33.4484,-112.0740,3,0,16,124,false,"\N",7
52,"2025-09-29","RT-S01","Barley: Montana to Brooklyn Brewery","SUP-MT","BRW-01","BARLEY","RAIL",5,47.5063,-111.2813,40.6782,-73.9442,5,0.075,9.7,122.96,false,"\N",13
81,"2026-04-20","RT-S05","Hops: Yakima to Brooklyn Brewery","SUP-WA","BRW-01","HOPS","TRUCK",7,46.6021,-120.5059,40.6782,-73.9442,8,0,30,107,false,"\N",5
93,"2026-07-13","RT-B06","Portland Brewery to Seattle DC","BRW-03","DC-SEA","FINISHED","TRUCK",1,45.5152,-122.6784,47.6062,-122.3321,1,0.12,10.5,92.06,false,"Midwest Drought - Domestic Barley Belt",18
90,"2026-06-22","RT-B06","Portland Brewery to Seattle DC","BRW-03","DC-SEA","FINISHED","TRUCK",1,45.5152,-122.6784,47.6062,-122.3321,2,0.18,26,138.42,true,"Midwest Drought - Domestic Barley Belt",28
82,"2026-04-27","RT-B01","Brooklyn Brewery to NYC DC","BRW-01","DC-NYC","FINISHED","TRUCK",1,40.6782,-73.9442,40.6501,-74.0139,1,0.18,17.6,90.38,true,"EU Export Controls on Hop Extracts",32
33,"2025-05-19","RT-B06","Portland Brewery to Seattle DC","BRW-03","DC-SEA","FINISHED","TRUCK",1,45.5152,-122.6784,47.6062,-122.3321,1,0.25,20.7,114,true,"Ukraine-Russia War - Grain Export Disruption",31
91,"2026-06-29","RT-D06","Chicago DC to Detroit Dist.","DC-CHI","DST-DET","FINISHED","TRUCK",1,41.8525,-87.6514,42.3314,-83.0458,1,0,12,127,false,"\N",7
99,"2026-08-24","RT-S08","Hops: Germany (via Newark) to Brooklyn","SUP-DE","BRW-01","HOPS","OCEAN+TRUCK",21,40.7282,-74.1534,40.6782,-73.9442,21,0,13,109,false,"\N",7
83,"2026-05-04","RT-B05","Chicago Brewery to Dallas DC","BRW-02","DC-DAL","FINISHED","TRUCK",3,41.8881,-87.6298,32.7767,-96.7970,4,0,19,91,false,"\N",6
67,"2026-01-12","RT-B06","Portland Brewery to Seattle DC","BRW-03","DC-SEA","FINISHED","TRUCK",1,45.5152,-122.6784,47.6062,-122.3321,2,0,16,106,false,"\N",7
65,"2025-12-29","RT-D06","Chicago DC to Detroit Dist.","DC-CHI","DST-DET","FINISHED","TRUCK",1,41.8525,-87.6514,42.3314,-83.0458,1,0,30,89,false,"\N",4
66,"2026-01-05","RT-D09","Dallas DC to Houston Dist.","DC-DAL","DST-HOU","FINISHED","TRUCK",1,32.7767,-96.7970,29.7604,-95.3698,2,0,27,92,false,"\N",6
63,"2025-12-15","RT-D01","NYC DC to Boston Dist.","DC-NYC","DST-BOS","FINISHED","TRUCK",1,40.6501,-74.0139,42.3601,-71.0589,1,0,23,128,false,"\N",0
12,"2024-12-23","RT-D13","Seattle DC to SF Dist.","DC-SEA","DST-SFO","FINISHED","TRUCK",2,47.6062,-122.3321,37.7749,-122.4194,2,0,23,85,false,"\N",0
5,"2024-11-04","RT-B06","Portland Brewery to Seattle DC","BRW-03","DC-SEA","FINISHED","TRUCK",1,45.5152,-122.6784,47.6062,-122.3321,2,0.25,11.7,142.8,true,"Ukraine-Russia War - Grain Export Disruption",40
6,"2024-11-11","RT-S06","Hops: Yakima to Chicago Brewery","SUP-WA","BRW-02","HOPS","TRUCK",5,46.6021,-120.5059,41.8881,-87.6298,6,0,28,120,false,"\N",10
6,"2024-11-11","RT-S07","Hops: Yakima to Portland Brewery","SUP-WA","BRW-03","HOPS","TRUCK",1,46.6021,-120.5059,45.5152,-122.6784,1,0,20,129,false,"\N",0
12,"2024-12-23","RT-B01","Brooklyn Brewery to NYC DC","BRW-01","DC-NYC","FINISHED","TRUCK",1,40.6782,-73.9442,40.6501,-74.0139,1,0.3,11.4,93,true,"Ukraine-Russia War - Grain Export Disruption",41
13,"2024-12-30","RT-D14","Seattle DC to LA Dist.","DC-SEA","DST-LAX","FINISHED","TRUCK",3,47.6062,-122.3321,34.0522,-118.2437,4,0,15,106,false,"\N",5
23,"2025-03-10","RT-S03","Barley: Idaho to Portland Brewery","SUP-ID","BRW-03","BARLEY","TRUCK",2,43.6150,-116.2023,45.5152,-122.6784,3,0.125,12.4,86.9,false,"\N",23
18,"2025-02-03","RT-S05","Hops: Yakima to Brooklyn Brewery","SUP-WA","BRW-01","HOPS","TRUCK",7,46.6021,-120.5059,40.6782,-73.9442,7,0,29,106,false,"\N",4
21,"2025-02-24","RT-D09","Dallas DC to Houston Dist.","DC-DAL","DST-HOU","FINISHED","TRUCK",1,32.7767,-96.7970,29.7604,-95.3698,2,0,28,88,false,"\N",10
74,"2026-03-02","RT-B04","Chicago Brewery to Chicago DC","BRW-02","DC-CHI","FINISHED","TRUCK",1,41.8881,-87.6298,41.8525,-87.6514,1,0,20,100,false,"\N",3
56,"2025-10-27","RT-B02","Brooklyn Brewery to Atlanta DC","BRW-01","DC-ATL","FINISHED","TRUCK",3,40.6782,-73.9442,33.7537,-84.3863,3,0.15,24.4,141.12,false,"Black Sea Grain Corridor Collapse",18
82,"2026-04-27","RT-D03","Atlanta DC to Miami Dist.","DC-ATL","DST-MIA","FINISHED","TRUCK",2,33.7537,-84.3863,25.7617,-80.1918,3,0,30,99,false,"\N",1
91,"2026-06-29","RT-B03","Brooklyn Brewery to Toronto DC","BRW-01","DC-TOR","FINISHED","TRUCK",2,40.6782,-73.9442,43.6532,-79.3832,2,0.18,25.1,148.72,true,"EU Export Controls on Hop Extracts",26
9,"2024-12-02","RT-D04","Atlanta DC to Tampa Dist.","DC-ATL","DST-TPA","FINISHED","TRUCK",1,33.7537,-84.3863,27.9506,-82.4572,1,0,15,90,false,"\N",9
80,"2026-04-13","RT-S02","Barley: N.Dakota to Chicago Brewery","SUP-ND","BRW-02","BARLEY","RAIL",3,46.8772,-96.7898,41.8881,-87.6298,3,0,17,109,false,"\N",1
95,"2026-07-27","RT-D05","Atlanta DC to Nashville Dist.","DC-ATL","DST-NSH","FINISHED","TRUCK",1,33.7537,-84.3863,36.1627,-86.7816,1,0,16,100,false,"\N",1
100,"2026-08-31","RT-B05","Chicago Brewery to Dallas DC","BRW-02","DC-DAL","FINISHED","TRUCK",3,41.8881,-87.6298,32.7767,-96.7970,3,0.12,24.8,138.1,false,"Midwest Drought - Domestic Barley Belt",16
15,"2025-01-13","RT-D06","Chicago DC to Detroit Dist.","DC-CHI","DST-DET","FINISHED","TRUCK",1,41.8525,-87.6514,42.3314,-83.0458,1,0,14,116,false,"\N",5
16,"2025-01-20","RT-D07","Chicago DC to Minneapolis Dist.","DC-CHI","DST-MSP","FINISHED","TRUCK",1,41.8525,-87.6514,44.9778,-93.2650,1,0,12,79,false,"\N",8
53,"2025-10-06","RT-D02","NYC DC to Philadelphia Dist.","DC-NYC","DST-PHL","FINISHED","TRUCK",1,40.6501,-74.0139,39.9526,-75.1652,1,0,20,116,false,"\N",8
86,"2026-05-25","RT-B01","Brooklyn Brewery to NYC DC","BRW-01","DC-NYC","FINISHED","TRUCK",1,40.6782,-73.9442,40.6501,-74.0139,1,0.18,25.1,83.51,true,"EU Export Controls on Hop Extracts",27
65,"2025-12-29","RT-B05","Chicago Brewery to Dallas DC","BRW-02","DC-DAL","FINISHED","TRUCK",3,41.8881,-87.6298,32.7767,-96.7970,4,0,14,105,false,"\N",10
101,"2026-09-07","RT-D01","NYC DC to Boston Dist.","DC-NYC","DST-BOS","FINISHED","TRUCK",1,40.6501,-74.0139,42.3601,-71.0589,1,0,19,76,false,"\N",5
3,"2024-10-21","RT-D05","Atlanta DC to Nashville Dist.","DC-ATL","DST-NSH","FINISHED","TRUCK",1,33.7537,-84.3863,36.1627,-86.7816,1,0,30,87,false,"\N",10
5,"2024-11-04","RT-D11","Dallas DC to Phoenix Dist.","DC-DAL","DST-PHX","FINISHED","TRUCK",2,32.7767,-96.7970,33.4484,-112.0740,2,0,15,118,false,"\N",10
10,"2024-12-09","RT-D06","Chicago DC to Detroit Dist.","DC-CHI","DST-DET","FINISHED","TRUCK",1,41.8525,-87.6514,42.3314,-83.0458,2,0,29,97,false,"\N",2
13,"2024-12-30","RT-D12","Seattle DC to Portland Dist.","DC-SEA","DST-PDX","FINISHED","TRUCK",1,47.6062,-122.3321,45.5152,-122.6784,2,0,15,101,false,"\N",10
74,"2026-03-02","RT-S02","Barley: N.Dakota to Chicago Brewery","SUP-ND","BRW-02","BARLEY","RAIL",3,46.8772,-96.7898,41.8881,-87.6298,3,0,27,76,false,"\N",7
27,"2025-04-07","RT-S01","Barley: Montana to Brooklyn Brewery","SUP-MT","BRW-01","BARLEY","RAIL",5,47.5063,-111.2813,40.6782,-73.9442,5,0.125,11.4,93.5,false,"\N",19
14,"2025-01-06","RT-S06","Hops: Yakima to Chicago Brewery","SUP-WA","BRW-02","HOPS","TRUCK",5,46.6021,-120.5059,41.8881,-87.6298,5,0,17,116,false,"\N",0
37,"2025-06-16","RT-S04","Barley: Saskatchewan to Brooklyn","SUP-SK","BRW-01","BARLEY","RAIL",6,50.4452,-104.6189,40.6782,-73.9442,6,0.125,13.3,100.1,false,"\N",21
37,"2025-06-16","RT-D10","Dallas DC to Denver Dist.","DC-DAL","DST-DEN","FINISHED","TRUCK",2,32.7767,-96.7970,39.7392,-104.9903,3,0,25,130,false,"\N",3
39,"2025-06-30","RT-S05","Hops: Yakima to Brooklyn Brewery","SUP-WA","BRW-01","HOPS","TRUCK",7,46.6021,-120.5059,40.6782,-73.9442,7,0,11,91,false,"\N",1
96,"2026-08-03","RT-B01","Brooklyn Brewery to NYC DC","BRW-01","DC-NYC","FINISHED","TRUCK",1,40.6782,-73.9442,40.6501,-74.0139,2,0,10,118,false,"\N",0
54,"2025-10-13","RT-D01","NYC DC to Boston Dist.","DC-NYC","DST-BOS","FINISHED","TRUCK",1,40.6501,-74.0139,42.3601,-71.0589,1,0,25,114,false,"\N",0
48,"2025-09-01","RT-B04","Chicago Brewery to Chicago DC","BRW-02","DC-CHI","FINISHED","TRUCK",1,41.8881,-87.6298,41.8525,-87.6514,1,0.15,26.3,143.36,false,"Black Sea Grain Corridor Collapse",20
74,"2026-03-02","RT-B01","Brooklyn Brewery to NYC DC","BRW-01","DC-NYC","FINISHED","TRUCK",1,40.6782,-73.9442,40.6501,-74.0139,2,0.18,24.1,108.68,true,"EU Export Controls on Hop Extracts",24
99,"2026-08-24","RT-S06","Hops: Yakima to Chicago Brewery","SUP-WA","BRW-02","HOPS","TRUCK",5,46.6021,-120.5059,41.8881,-87.6298,5,0,18,76,false,"\N",5
57,"2025-11-03","RT-D10","Dallas DC to Denver Dist.","DC-DAL","DST-DEN","FINISHED","TRUCK",2,32.7767,-96.7970,39.7392,-104.9903,2,0,25,110,false,"\N",1
8,"2024-11-25","RT-S08","Hops: Germany (via Newark) to Brooklyn","SUP-DE","BRW-01","HOPS","OCEAN+TRUCK",21,40.7282,-74.1534,40.6782,-73.9442,22,0,13,105,false,"\N",2
10,"2024-12-09","RT-B04","Chicago Brewery to Chicago DC","BRW-02","DC-CHI","FINISHED","TRUCK",1,41.8881,-87.6298,41.8525,-87.6514,1,0.25,23.4,134.4,true,"Ukraine-Russia War - Grain Export Disruption",34
10,"2024-12-09","RT-D04","Atlanta DC to Tampa Dist.","DC-ATL","DST-TPA","FINISHED","TRUCK",1,33.7537,-84.3863,27.9506,-82.4572,1,0,26,126,false,"\N",0
49,"2025-09-08","RT-S06","Hops: Yakima to Chicago Brewery","SUP-WA","BRW-02","HOPS","TRUCK",5,46.6021,-120.5059,41.8881,-87.6298,7,0.35,10.3,131.84,true,"\N",44
74,"2026-03-02","RT-S01","Barley: Montana to Brooklyn Brewery","SUP-MT","BRW-01","BARLEY","RAIL",5,47.5063,-111.2813,40.6782,-73.9442,5,0,10,128,false,"\N",5
82,"2026-04-27","RT-D09","Dallas DC to Houston Dist.","DC-DAL","DST-HOU","FINISHED","TRUCK",1,32.7767,-96.7970,29.7604,-95.3698,2,0,12,101,false,"\N",10
17,"2025-01-27","RT-B03","Brooklyn Brewery to Toronto DC","BRW-01","DC-TOR","FINISHED","TRUCK",2,40.6782,-73.9442,43.6532,-79.3832,2,0.45,19.7,176.8,true,"Ukraine-Russia War - Grain Export Disruption",59
90,"2026-06-22","RT-S08","Hops: Germany (via Newark) to Brooklyn","SUP-DE","BRW-01","HOPS","OCEAN+TRUCK",21,40.7282,-74.1534,40.6782,-73.9442,22,0,15,122,false,"\N",6
94,"2026-07-20","RT-D02","NYC DC to Philadelphia Dist.","DC-NYC","DST-PHL","FINISHED","TRUCK",1,40.6501,-74.0139,39.9526,-75.1652,1,0,30,84,false,"\N",2
80,"2026-04-13","RT-S06","Hops: Yakima to Chicago Brewery","SUP-WA","BRW-02","HOPS","TRUCK",5,46.6021,-120.5059,41.8881,-87.6298,6,0,20,77,false,"\N",1
84,"2026-05-11","RT-D08","Chicago DC to St.Louis Dist.","DC-CHI","DST-STL","FINISHED","TRUCK",1,41.8525,-87.6514,38.6270,-90.1994,1,0,11,114,false,"\N",7
96,"2026-08-03","RT-D12","Seattle DC to Portland Dist.","DC-SEA","DST-PDX","FINISHED","TRUCK",1,47.6062,-122.3321,45.5152,-122.6784,2,0,20,110,false,"\N",4
43,"2025-07-28","RT-D03","Atlanta DC to Miami Dist.","DC-ATL","DST-MIA","FINISHED","TRUCK",2,33.7537,-84.3863,25.7617,-80.1918,3,0,24,89,false,"\N",0
52,"2025-09-29","RT-B02","Brooklyn Brewery to Atlanta DC","BRW-01","DC-ATL","FINISHED","TRUCK",3,40.6782,-73.9442,33.7537,-84.3863,3,0.15,13.2,117.6,false,"Black Sea Grain Corridor Collapse",26
53,"2025-10-06","RT-D13","Seattle DC to SF Dist.","DC-SEA","DST-SFO","FINISHED","TRUCK",2,47.6062,-122.3321,37.7749,-122.4194,2,0,15,115,false,"\N",4
48,"2025-09-01","RT-S02","Barley: N.Dakota to Chicago Brewery","SUP-ND","BRW-02","BARLEY","RAIL",3,46.8772,-96.7898,41.8881,-87.6298,4,0.075,19.4,80.56,false,"\N",11
38,"2025-06-23","RT-D03","Atlanta DC to Miami Dist.","DC-ATL","DST-MIA","FINISHED","TRUCK",2,33.7537,-84.3863,25.7617,-80.1918,3,0,10,108,false,"\N",10
82,"2026-04-27","RT-B04","Chicago Brewery to Chicago DC","BRW-02","DC-CHI","FINISHED","TRUCK",1,41.8881,-87.6298,41.8525,-87.6514,1,0,20,73,false,"\N",4
100,"2026-08-31","RT-D01","NYC DC to Boston Dist.","DC-NYC","DST-BOS","FINISHED","TRUCK",1,40.6501,-74.0139,42.3601,-71.0589,1,0,10,114,false,"\N",9
58,"2025-11-10","RT-D11","Dallas DC to Phoenix Dist.","DC-DAL","DST-PHX","FINISHED","TRUCK",2,32.7767,-96.7970,33.4484,-112.0740,2,0,11,76,false,"\N",6
68,"2026-01-19","RT-B01","Brooklyn Brewery to NYC DC","BRW-01","DC-NYC","FINISHED","TRUCK",1,40.6782,-73.9442,40.6501,-74.0139,1,0,19,74,false,"\N",3
59,"2025-11-17","RT-D13","Seattle DC to SF Dist.","DC-SEA","DST-SFO","FINISHED","TRUCK",2,47.6062,-122.3321,37.7749,-122.4194,3,0,23,99,false,"\N",5
63,"2025-12-15","RT-B06","Portland Brewery to Seattle DC","BRW-03","DC-SEA","FINISHED","TRUCK",1,45.5152,-122.6784,47.6062,-122.3321,2,0,18,118,false,"\N",9
101,"2026-09-07","RT-D14","Seattle DC to LA Dist.","DC-SEA","DST-LAX","FINISHED","TRUCK",3,47.6062,-122.3321,34.0522,-118.2437,3,0,14,120,false,"\N",0
1,"2024-10-07","RT-S01","Barley: Montana to Brooklyn Brewery","SUP-MT","BRW-01","BARLEY","RAIL",5,47.5063,-111.2813,40.6782,-73.9442,7,0.125,23.8,106.7,false,"\N",24
2,"2024-10-14","RT-D13","Seattle DC to SF Dist.","DC-SEA","DST-SFO","FINISHED","TRUCK",2,47.6062,-122.3321,37.7749,-122.4194,2,0,26,96,false,"\N",2
10,"2024-12-09","RT-S05","Hops: Yakima to Brooklyn Brewery","SUP-WA","BRW-01","HOPS","TRUCK",7,46.6021,-120.5059,40.6782,-73.9442,7,0,17,79,false,"\N",9
6,"2024-11-11","RT-S04","Barley: Saskatchewan to Brooklyn","SUP-SK","BRW-01","BARLEY","RAIL",6,50.4452,-104.6189,40.6782,-73.9442,7,0.125,9.5,111.1,false,"\N",17
7,"2024-11-18","RT-S02","Barley: N.Dakota to Chicago Brewery","SUP-ND","BRW-02","BARLEY","RAIL",3,46.8772,-96.7898,41.8881,-87.6298,3,0.125,19,88,false,"\N",22
13,"2024-12-30","RT-D01","NYC DC to Boston Dist.","DC-NYC","DST-BOS","FINISHED","TRUCK",1,40.6501,-74.0139,42.3601,-71.0589,2,0,12,114,false,"\N",6
28,"2025-04-14","RT-D03","Atlanta DC to Miami Dist.","DC-ATL","DST-MIA","FINISHED","TRUCK",2,33.7537,-84.3863,25.7617,-80.1918,3,0,29,121,false,"\N",4
33,"2025-05-19","RT-S01","Barley: Montana to Brooklyn Brewery","SUP-MT","BRW-01","BARLEY","RAIL",5,47.5063,-111.2813,40.6782,-73.9442,5,0.125,10.5,89.1,false,"\N",15
40,"2025-07-07","RT-D08","Chicago DC to St.Louis Dist.","DC-CHI","DST-STL","FINISHED","TRUCK",1,41.8525,-87.6514,38.6270,-90.1994,2,0,30,126,false,"\N",4
50,"2025-09-15","RT-D13","Seattle DC to SF Dist.","DC-SEA","DST-SFO","FINISHED","TRUCK",2,47.6062,-122.3321,37.7749,-122.4194,3,0,30,109,false,"\N",1
50,"2025-09-15","RT-B05","Chicago Brewery to Dallas DC","BRW-02","DC-DAL","FINISHED","TRUCK",3,41.8881,-87.6298,32.7767,-96.7970,5,0.5,16.8,134.4,true,"Hurricane Season - Gulf Coast",67
43,"2025-07-28","RT-B04","Chicago Brewery to Chicago DC","BRW-02","DC-CHI","FINISHED","TRUCK",1,41.8881,-87.6298,41.8525,-87.6514,1,0.15,25.4,107.52,false,"Black Sea Grain Corridor Collapse",19
87,"2026-06-01","RT-B03","Brooklyn Brewery to Toronto DC","BRW-01","DC-TOR","FINISHED","TRUCK",2,40.6782,-73.9442,43.6532,-79.3832,2,0.18,27.8,92.66,true,"EU Export Controls on Hop Extracts",24
91,"2026-06-29","RT-S05","Hops: Yakima to Brooklyn Brewery","SUP-WA","BRW-01","HOPS","TRUCK",7,46.6021,-120.5059,40.6782,-73.9442,7,0,23,97,false,"\N",1
95,"2026-07-27","RT-D12","Seattle DC to Portland Dist.","DC-SEA","DST-PDX","FINISHED","TRUCK",1,47.6062,-122.3321,45.5152,-122.6784,2,0,30,130,false,"\N",3
58,"2025-11-10","RT-B01","Brooklyn Brewery to NYC DC","BRW-01","DC-NYC","FINISHED","TRUCK",1,40.6782,-73.9442,40.6501,-74.0139,1,0,27,107,false,"\N",0
61,"2025-12-01","RT-S08","Hops: Germany (via Newark) to Brooklyn","SUP-DE","BRW-01","HOPS","OCEAN+TRUCK",21,40.7282,-74.1534,40.6782,-73.9442,21,0,14,115,false,"\N",10
65,"2025-12-29","RT-S07","Hops: Yakima to Portland Brewery","SUP-WA","BRW-03","HOPS","TRUCK",1,46.6021,-120.5059,45.5152,-122.6784,2,0,28,76,false,"\N",0
66,"2026-01-05","RT-B05","Chicago Brewery to Dallas DC","BRW-02","DC-DAL","FINISHED","TRUCK",3,41.8881,-87.6298,32.7767,-96.7970,3,0,21,107,false,"\N",4
104,"2026-09-28","RT-D06","Chicago DC to Detroit Dist.","DC-CHI","DST-DET","FINISHED","TRUCK",1,41.8525,-87.6514,42.3314,-83.0458,1,0,15,115,false,"\N",9
63,"2025-12-15","RT-D04","Atlanta DC to Tampa Dist.","DC-ATL","DST-TPA","FINISHED","TRUCK",1,33.7537,-84.3863,27.9506,-82.4572,2,0,28,90,false,"\N",7
69,"2026-01-26","RT-S06","Hops: Yakima to Chicago Brewery","SUP-WA","BRW-02","HOPS","TRUCK",5,46.6021,-120.5059,41.8881,-87.6298,5,0,30,107,false,"\N",9
101,"2026-09-07","RT-S06","Hops: Yakima to Chicago Brewery","SUP-WA","BRW-02","HOPS","TRUCK",5,46.6021,-120.5059,41.8881,-87.6298,5,0,25,87,false,"\N",2
2,"2024-10-14","RT-S01","Barley: Montana to Brooklyn Brewery","SUP-MT","BRW-01","BARLEY","RAIL",5,47.5063,-111.2813,40.6782,-73.9442,6,0.125,25.7,115.5,false,"\N",23
6,"2024-11-11","RT-D14","Seattle DC to LA Dist.","DC-SEA","DST-LAX","FINISHED","TRUCK",3,47.6062,-122.3321,34.0522,-118.2437,3,0,30,104,false,"\N",2
11,"2024-12-16","RT-D02","NYC DC to Philadelphia Dist.","DC-NYC","DST-PHL","FINISHED","TRUCK",1,40.6501,-74.0139,39.9526,-75.1652,1,0,20,109,false,"\N",9
17,"2025-01-27","RT-D02","NYC DC to Philadelphia Dist.","DC-NYC","DST-PHL","FINISHED","TRUCK",1,40.6501,-74.0139,39.9526,-75.1652,1,0,12,125,false,"\N",3
31,"2025-05-05","RT-D03","Atlanta DC to Miami Dist.","DC-ATL","DST-MIA","FINISHED","TRUCK",2,33.7537,-84.3863,25.7617,-80.1918,3,0,11,78,false,"\N",7
49,"2025-09-08","RT-D01","NYC DC to Boston Dist.","DC-NYC","DST-BOS","FINISHED","TRUCK",1,40.6501,-74.0139,42.3601,-71.0589,1,0,25,107,false,"\N",5
20,"2025-02-17","RT-D05","Atlanta DC to Nashville Dist.","DC-ATL","DST-NSH","FINISHED","TRUCK",1,33.7537,-84.3863,36.1627,-86.7816,1,0,28,126,false,"\N",6
20,"2025-02-17","RT-D04","Atlanta DC to Tampa Dist.","DC-ATL","DST-TPA","FINISHED","TRUCK",1,33.7537,-84.3863,27.9506,-82.4572,2,0,13,103,false,"\N",7
89,"2026-06-15","RT-S04","Barley: Saskatchewan to Brooklyn","SUP-SK","BRW-01","BARLEY","RAIL",6,50.4452,-104.6189,40.6782,-73.9442,6,0.06,16.6,90.13,false,"\N",10
88,"2026-06-08","RT-S04","Barley: Saskatchewan to Brooklyn","SUP-SK","BRW-01","BARLEY","RAIL",6,50.4452,-104.6189,40.6782,-73.9442,6,0.06,21.5,84.89,false,"\N",17
88,"2026-06-08","RT-S05","Hops: Yakima to Brooklyn Brewery","SUP-WA","BRW-01","HOPS","TRUCK",7,46.6021,-120.5059,40.6782,-73.9442,8,0,27,107,false,"\N",0
97,"2026-08-10","RT-D04","Atlanta DC to Tampa Dist.","DC-ATL","DST-TPA","FINISHED","TRUCK",1,33.7537,-84.3863,27.9506,-82.4572,1,0,24,121,false,"\N",10
56,"2025-10-27","RT-D07","Chicago DC to Minneapolis Dist.","DC-CHI","DST-MSP","FINISHED","TRUCK",1,41.8525,-87.6514,44.9778,-93.2650,1,0,12,105,false,"\N",0
42,"2025-07-21","RT-B02","Brooklyn Brewery to Atlanta DC","BRW-01","DC-ATL","FINISHED","TRUCK",3,40.6782,-73.9442,33.7537,-84.3863,3,0.15,23.5,104.16,false,"Black Sea Grain Corridor Collapse",20
87,"2026-06-01","RT-D05","Atlanta DC to Nashville Dist.","DC-ATL","DST-NSH","FINISHED","TRUCK",1,33.7537,-84.3863,36.1627,-86.7816,1,0,20,100,false,"\N",1
95,"2026-07-27","RT-D06","Chicago DC to Detroit Dist.","DC-CHI","DST-DET","FINISHED","TRUCK",1,41.8525,-87.6514,42.3314,-83.0458,1,0,12,127,false,"\N",10
38,"2025-06-23","RT-B05","Chicago Brewery to Dallas DC","BRW-02","DC-DAL","FINISHED","TRUCK",3,41.8881,-87.6298,32.7767,-96.7970,3,0.25,13.5,94.8,true,"Ukraine-Russia War - Grain Export Disruption",38
43,"2025-07-28","RT-D08","Chicago DC to St.Louis Dist.","DC-CHI","DST-STL","FINISHED","TRUCK",1,41.8525,-87.6514,38.6270,-90.1994,2,0,28,78,false,"\N",6
76,"2026-03-16","RT-D09","Dallas DC to Houston Dist.","DC-DAL","DST-HOU","FINISHED","TRUCK",1,32.7767,-96.7970,29.7604,-95.3698,2,0,28,73,false,"\N",10
61,"2025-12-01","RT-D03","Atlanta DC to Miami Dist.","DC-ATL","DST-MIA","FINISHED","TRUCK",2,33.7537,-84.3863,25.7617,-80.1918,2,0,20,86,false,"\N",0
70,"2026-02-02","RT-B04","Chicago Brewery to Chicago DC","BRW-02","DC-CHI","FINISHED","TRUCK",1,41.8881,-87.6298,41.8525,-87.6514,1,0,22,80,false,"\N",8
10,"2024-12-09","RT-D02","NYC DC to Philadelphia Dist.","DC-NYC","DST-PHL","FINISHED","TRUCK",1,40.6501,-74.0139,39.9526,-75.1652,1,0,23,84,false,"\N",9
12,"2024-12-23","RT-D11","Dallas DC to Phoenix Dist.","DC-DAL","DST-PHX","FINISHED","TRUCK",2,32.7767,-96.7970,33.4484,-112.0740,2,0,22,91,false,"\N",10
13,"2024-12-30","RT-B02","Brooklyn Brewery to Atlanta DC","BRW-01","DC-ATL","FINISHED","TRUCK",3,40.6782,-73.9442,33.7537,-84.3863,5,0.25,18,96,true,"Ukraine-Russia War - Grain Export Disruption",37
39,"2025-06-30","RT-D13","Seattle DC to SF Dist.","DC-SEA","DST-SFO","FINISHED","TRUCK",2,47.6062,-122.3321,37.7749,-122.4194,2,0,13,125,false,"\N",3
3,"2024-10-21","RT-B06","Portland Brewery to Seattle DC","BRW-03","DC-SEA","FINISHED","TRUCK",1,45.5152,-122.6784,47.6062,-122.3321,1,0.25,18,90,true,"Ukraine-Russia War - Grain Export Disruption",36
6,"2024-11-11","RT-D03","Atlanta DC to Miami Dist.","DC-ATL","DST-MIA","FINISHED","TRUCK",2,33.7537,-84.3863,25.7617,-80.1918,3,0,23,122,false,"\N",5
7,"2024-11-18","RT-D04","Atlanta DC to Tampa Dist.","DC-ATL","DST-TPA","FINISHED","TRUCK",1,33.7537,-84.3863,27.9506,-82.4572,2,0,20,105,false,"\N",10
11,"2024-12-16","RT-D07","Chicago DC to Minneapolis Dist.","DC-CHI","DST-MSP","FINISHED","TRUCK",1,41.8525,-87.6514,44.9778,-93.2650,1,0,27,105,false,"\N",4
15,"2025-01-13","RT-S08","Hops: Germany (via Newark) to Brooklyn","SUP-DE","BRW-01","HOPS","OCEAN+TRUCK",21,40.7282,-74.1534,40.6782,-73.9442,21,0,15,121,false,"\N",4
12,"2024-12-23","RT-S02","Barley: N.Dakota to Chicago Brewery","SUP-ND","BRW-02","BARLEY","RAIL",3,46.8772,-96.7898,41.8881,-87.6298,4,0.125,14.3,110,false,"\N",24
17,"2025-01-27","RT-S05","Hops: Yakima to Brooklyn Brewery","SUP-WA","BRW-01","HOPS","TRUCK",7,46.6021,-120.5059,40.6782,-73.9442,8,0,24,80,false,"\N",6
22,"2025-03-03","RT-S07","Hops: Yakima to Portland Brewery","SUP-WA","BRW-03","HOPS","TRUCK",1,46.6021,-120.5059,45.5152,-122.6784,2,0,17,82,false,"\N",10
23,"2025-03-10","RT-D02","NYC DC to Philadelphia Dist.","DC-NYC","DST-PHL","FINISHED","TRUCK",1,40.6501,-74.0139,39.9526,-75.1652,1,0,13,91,false,"\N",7
80,"2026-04-13","RT-S03","Barley: Idaho to Portland Brewery","SUP-ID","BRW-03","BARLEY","TRUCK",2,43.6150,-116.2023,45.5152,-122.6784,2,0,18,111,false,"\N",0
29,"2025-04-21","RT-D07","Chicago DC to Minneapolis Dist.","DC-CHI","DST-MSP","FINISHED","TRUCK",1,41.8525,-87.6514,44.9778,-93.2650,2,0,30,90,false,"\N",3
25,"2025-03-24","RT-S07","Hops: Yakima to Portland Brewery","SUP-WA","BRW-03","HOPS","TRUCK",1,46.6021,-120.5059,45.5152,-122.6784,2,0,19,106,false,"\N",0
43,"2025-07-28","RT-S07","Hops: Yakima to Portland Brewery","SUP-WA","BRW-03","HOPS","TRUCK",1,46.6021,-120.5059,45.5152,-122.6784,1,0,17,81,false,"\N",9
77,"2026-03-23","RT-D01","NYC DC to Boston Dist.","DC-NYC","DST-BOS","FINISHED","TRUCK",1,40.6501,-74.0139,42.3601,-71.0589,1,0,29,112,false,"\N",10
64,"2025-12-22","RT-S06","Hops: Yakima to Chicago Brewery","SUP-WA","BRW-02","HOPS","TRUCK",5,46.6021,-120.5059,41.8881,-87.6298,5,0,21,107,false,"\N",9
40,"2025-07-07","RT-S03","Barley: Idaho to Portland Brewery","SUP-ID","BRW-03","BARLEY","TRUCK",2,43.6150,-116.2023,45.5152,-122.6784,2,0.075,19.4,82.68,false,"\N",15
50,"2025-09-15","RT-S05","Hops: Yakima to Brooklyn Brewery","SUP-WA","BRW-01","HOPS","TRUCK",7,46.6021,-120.5059,40.6782,-73.9442,8,0.35,16.3,130.56,true,"\N",46
71,"2026-02-09","RT-D02","NYC DC to Philadelphia Dist.","DC-NYC","DST-PHL","FINISHED","TRUCK",1,40.6501,-74.0139,39.9526,-75.1652,2,0,20,74,false,"\N",4
101,"2026-09-07","RT-D10","Dallas DC to Denver Dist.","DC-DAL","DST-DEN","FINISHED","TRUCK",2,32.7767,-96.7970,39.7392,-104.9903,2,0,12,100,false,"\N",1
3,"2024-10-21","RT-D10","Dallas DC to Denver Dist.","DC-DAL","DST-DEN","FINISHED","TRUCK",2,32.7767,-96.7970,39.7392,-104.9903,2,0,13,73,false,"\N",4
5,"2024-11-04","RT-D07","Chicago DC to Minneapolis Dist.","DC-CHI","DST-MSP","FINISHED","TRUCK",1,41.8525,-87.6514,44.9778,-93.2650,1,0,27,102,false,"\N",3
17,"2025-01-27","RT-S06","Hops: Yakima to Chicago Brewery","SUP-WA","BRW-02","HOPS","TRUCK",5,46.6021,-120.5059,41.8881,-87.6298,6,0,11,70,false,"\N",6
26,"2025-03-31","RT-D02","NYC DC to Philadelphia Dist.","DC-NYC","DST-PHL","FINISHED","TRUCK",1,40.6501,-74.0139,39.9526,-75.1652,2,0,16,95,false,"\N",8
37,"2025-06-16","RT-D05","Atlanta DC to Nashville Dist.","DC-ATL","DST-NSH","FINISHED","TRUCK",1,33.7537,-84.3863,36.1627,-86.7816,1,0,17,109,false,"\N",9
37,"2025-06-16","RT-D03","Atlanta DC to Miami Dist.","DC-ATL","DST-MIA","FINISHED","TRUCK",2,33.7537,-84.3863,25.7617,-80.1918,3,0,11,114,false,"\N",4
28,"2025-04-14","RT-D09","Dallas DC to Houston Dist.","DC-DAL","DST-HOU","FINISHED","TRUCK",1,32.7767,-96.7970,29.7604,-95.3698,2,0,30,114,false,"\N",9
41,"2025-07-14","RT-S02","Barley: N.Dakota to Chicago Brewery","SUP-ND","BRW-02","BARLEY","RAIL",3,46.8772,-96.7898,41.8881,-87.6298,3,0.075,22.3,95.4,false,"\N",9
51,"2025-09-22","RT-B05","Chicago Brewery to Dallas DC","BRW-02","DC-DAL","FINISHED","TRUCK",3,41.8881,-87.6298,32.7767,-96.7970,4,0.5,19.2,105,true,"Hurricane Season - Gulf Coast",61
84,"2026-05-11","RT-S05","Hops: Yakima to Brooklyn Brewery","SUP-WA","BRW-01","HOPS","TRUCK",7,46.6021,-120.5059,40.6782,-73.9442,7,0,14,72,false,"\N",9
87,"2026-06-01","RT-B02","Brooklyn Brewery to Atlanta DC","BRW-01","DC-ATL","FINISHED","TRUCK",3,40.6782,-73.9442,33.7537,-84.3863,3,0,16,121,false,"\N",7
92,"2026-07-06","RT-D14","Seattle DC to LA Dist.","DC-SEA","DST-LAX","FINISHED","TRUCK",3,47.6062,-122.3321,34.0522,-118.2437,3,0,23,74,false,"\N",0
86,"2026-05-25","RT-D08","Chicago DC to St.Louis Dist.","DC-CHI","DST-STL","FINISHED","TRUCK",1,41.8525,-87.6514,38.6270,-90.1994,2,0,12,77,false,"\N",8
41,"2025-07-14","RT-D14","Seattle DC to LA Dist.","DC-SEA","DST-LAX","FINISHED","TRUCK",3,47.6062,-122.3321,34.0522,-118.2437,4,0,29,73,false,"\N",5
74,"2026-03-02","RT-D13","Seattle DC to SF Dist.","DC-SEA","DST-SFO","FINISHED","TRUCK",2,47.6062,-122.3321,37.7749,-122.4194,2,0,20,122,false,"\N",9
45,"2025-08-11","RT-S01","Barley: Montana to Brooklyn Brewery","SUP-MT","BRW-01","BARLEY","RAIL",5,47.5063,-111.2813,40.6782,-73.9442,6,0.075,20.4,101.76,false,"\N",12
76,"2026-03-16","RT-B05","Chicago Brewery to Dallas DC","BRW-02","DC-DAL","FINISHED","TRUCK",3,41.8881,-87.6298,32.7767,-96.7970,3,0,18,125,false,"\N",10
64,"2025-12-22","RT-D12","Seattle DC to Portland Dist.","DC-SEA","DST-PDX","FINISHED","TRUCK",1,47.6062,-122.3321,45.5152,-122.6784,1,0,29,114,false,"\N",1
71,"2026-02-09","RT-S08","Hops: Germany (via Newark) to Brooklyn","SUP-DE","BRW-01","HOPS","OCEAN+TRUCK",21,40.7282,-74.1534,40.6782,-73.9442,21,0,19,105,false,"\N",10
103,"2026-09-21","RT-B05","Chicago Brewery to Dallas DC","BRW-02","DC-DAL","FINISHED","TRUCK",3,41.8881,-87.6298,32.7767,-96.7970,3,0,30,112,false,"\N",7
61,"2025-12-01","RT-S04","Barley: Saskatchewan to Brooklyn","SUP-SK","BRW-01","BARLEY","RAIL",6,50.4452,-104.6189,40.6782,-73.9442,6,0,21,115,false,"\N",9
61,"2025-12-01","RT-D13","Seattle DC to SF Dist.","DC-SEA","DST-SFO","FINISHED","TRUCK",2,47.6062,-122.3321,37.7749,-122.4194,2,0,23,95,false,"\N",8
72,"2026-02-16","RT-D06","Chicago DC to Detroit Dist.","DC-CHI","DST-DET","FINISHED","TRUCK",1,41.8525,-87.6514,42.3314,-83.0458,1,0,30,74,false,"\N",5
73,"2026-02-23","RT-B01","Brooklyn Brewery to NYC DC","BRW-01","DC-NYC","FINISHED","TRUCK",1,40.6782,-73.9442,40.6501,-74.0139,1,0,29,112,false,"\N",10
104,"2026-09-28","RT-D13","Seattle DC to SF Dist.","DC-SEA","DST-SFO","FINISHED","TRUCK",2,47.6062,-122.3321,37.7749,-122.4194,2,0,30,82,false,"\N",9
63,"2025-12-15","RT-D08","Chicago DC to St.Louis Dist.","DC-CHI","DST-STL","FINISHED","TRUCK",1,41.8525,-87.6514,38.6270,-90.1994,2,0,15,89,false,"\N",8
101,"2026-09-07","RT-S02","Barley: N.Dakota to Chicago Brewery","SUP-ND","BRW-02","BARLEY","RAIL",3,46.8772,-96.7898,41.8881,-87.6298,3,0,12,73,false,"\N",7
102,"2026-09-14","RT-B01","Brooklyn Brewery to NYC DC","BRW-01","DC-NYC","FINISHED","TRUCK",1,40.6782,-73.9442,40.6501,-74.0139,1,0,14,71,false,"\N",10
4,"2024-10-28","RT-D14","Seattle DC to LA Dist.","DC-SEA","DST-LAX","FINISHED","TRUCK",3,47.6062,-122.3321,34.0522,-118.2437,3,0,10,92,false,"\N",1
17,"2025-01-27","RT-D07","Chicago DC to Minneapolis Dist.","DC-CHI","DST-MSP","FINISHED","TRUCK",1,41.8525,-87.6514,44.9778,-93.2650,2,0,28,89,false,"\N",8
29,"2025-04-21","RT-D13","Seattle DC to SF Dist.","DC-SEA","DST-SFO","FINISHED","TRUCK",2,47.6062,-122.3321,37.7749,-122.4194,2,0,26,76,false,"\N",5
21,"2025-02-24","RT-S02","Barley: N.Dakota to Chicago Brewery","SUP-ND","BRW-02","BARLEY","RAIL",3,46.8772,-96.7898,41.8881,-87.6298,4,0.125,21.8,83.6,false,"\N",19
32,"2025-05-12","RT-D02","NYC DC to Philadelphia Dist.","DC-NYC","DST-PHL","FINISHED","TRUCK",1,40.6501,-74.0139,39.9526,-75.1652,2,0,19,81,false,"\N",1
56,"2025-10-27","RT-D02","NYC DC to Philadelphia Dist.","DC-NYC","DST-PHL","FINISHED","TRUCK",1,40.6501,-74.0139,39.9526,-75.1652,2,0,30,102,false,"\N",3
19,"2025-02-10","RT-D09","Dallas DC to Houston Dist.","DC-DAL","DST-HOU","FINISHED","TRUCK",1,32.7767,-96.7970,29.7604,-95.3698,1,0,20,81,false,"\N",4
47,"2025-08-25","RT-B02","Brooklyn Brewery to Atlanta DC","BRW-01","DC-ATL","FINISHED","TRUCK",3,40.6782,-73.9442,33.7537,-84.3863,4,0.15,11.3,114.24,false,"Black Sea Grain Corridor Collapse",21
47,"2025-08-25","RT-D04","Atlanta DC to Tampa Dist.","DC-ATL","DST-TPA","FINISHED","TRUCK",1,33.7537,-84.3863,27.9506,-82.4572,1,0,24,96,false,"\N",8
52,"2025-09-29","RT-D08","Chicago DC to St.Louis Dist.","DC-CHI","DST-STL","FINISHED","TRUCK",1,41.8525,-87.6514,38.6270,-90.1994,2,0,26,111,false,"\N",8
44,"2025-08-04","RT-D06","Chicago DC to Detroit Dist.","DC-CHI","DST-DET","FINISHED","TRUCK",1,41.8525,-87.6514,42.3314,-83.0458,1,0,28,128,false,"\N",10
27,"2025-04-07","RT-D03","Atlanta DC to Miami Dist.","DC-ATL","DST-MIA","FINISHED","TRUCK",2,33.7537,-84.3863,25.7617,-80.1918,3,0,27,126,false,"\N",6
47,"2025-08-25","RT-D10","Dallas DC to Denver Dist.","DC-DAL","DST-DEN","FINISHED","TRUCK",2,32.7767,-96.7970,39.7392,-104.9903,2,0,13,96,false,"\N",6
46,"2025-08-18","RT-S03","Barley: Idaho to Portland Brewery","SUP-ID","BRW-03","BARLEY","TRUCK",2,43.6150,-116.2023,45.5152,-122.6784,2,0.075,13.6,77.38,false,"\N",9
75,"2026-03-09","RT-D11","Dallas DC to Phoenix Dist.","DC-DAL","DST-PHX","FINISHED","TRUCK",2,32.7767,-96.7970,33.4484,-112.0740,2,0,29,123,false,"\N",9
77,"2026-03-23","RT-D03","Atlanta DC to Miami Dist.","DC-ATL","DST-MIA","FINISHED","TRUCK",2,33.7537,-84.3863,25.7617,-80.1918,3,0,26,104,false,"\N",5
44,"2025-08-04","RT-S08","Hops: Germany (via Newark) to Brooklyn","SUP-DE","BRW-01","HOPS","OCEAN+TRUCK",21,40.7282,-74.1534,40.6782,-73.9442,22,0,10,111,false,"\N",0
58,"2025-11-10","RT-B05","Chicago Brewery to Dallas DC","BRW-02","DC-DAL","FINISHED","TRUCK",3,41.8881,-87.6298,32.7767,-96.7970,4,0,27,99,false,"\N",5
27,"2025-04-07","RT-D09","Dallas DC to Houston Dist.","DC-DAL","DST-HOU","FINISHED","TRUCK",1,32.7767,-96.7970,29.7604,-95.3698,2,0,11,99,false,"\N",10
100,"2026-08-31","RT-S04","Barley: Saskatchewan to Brooklyn","SUP-SK","BRW-01","BARLEY","RAIL",6,50.4452,-104.6189,40.6782,-73.9442,6,0.06,20.5,136.24,false,"\N",7
33,"2025-05-19","RT-D01","NYC DC to Boston Dist.","DC-NYC","DST-BOS","FINISHED","TRUCK",1,40.6501,-74.0139,42.3601,-71.0589,2,0,24,77,false,"\N",9
35,"2025-06-02","RT-D07","Chicago DC to Minneapolis Dist.","DC-CHI","DST-MSP","FINISHED","TRUCK",1,41.8525,-87.6514,44.9778,-93.2650,2,0,12,87,false,"\N",1
58,"2025-11-10","RT-D02","NYC DC to Philadelphia Dist.","DC-NYC","DST-PHL","FINISHED","TRUCK",1,40.6501,-74.0139,39.9526,-75.1652,1,0,18,112,false,"\N",4
62,"2025-12-08","RT-B01","Brooklyn Brewery to NYC DC","BRW-01","DC-NYC","FINISHED","TRUCK",1,40.6782,-73.9442,40.6501,-74.0139,1,0,18,71,false,"\N",9
62,"2025-12-08","RT-S02","Barley: N.Dakota to Chicago Brewery","SUP-ND","BRW-02","BARLEY","RAIL",3,46.8772,-96.7898,41.8881,-87.6298,3,0,24,78,false,"\N",3
66,"2026-01-05","RT-D11","Dallas DC to Phoenix Dist.","DC-DAL","DST-PHX","FINISHED","TRUCK",2,32.7767,-96.7970,33.4484,-112.0740,3,0,26,108,false,"\N",2
1,"2024-10-07","RT-B05","Chicago Brewery to Dallas DC","BRW-02","DC-DAL","FINISHED","TRUCK",3,41.8881,-87.6298,32.7767,-96.7970,4,0.25,18.9,86.4,true,"Ukraine-Russia War - Grain Export Disruption",33
36,"2025-06-09","RT-D11","Dallas DC to Phoenix Dist.","DC-DAL","DST-PHX","FINISHED","TRUCK",2,32.7767,-96.7970,33.4484,-112.0740,2,0,12,82,false,"\N",6
36,"2025-06-09","RT-D08","Chicago DC to St.Louis Dist.","DC-CHI","DST-STL","FINISHED","TRUCK",1,41.8525,-87.6514,38.6270,-90.1994,2,0,29,120,false,"\N",6
28,"2025-04-14","RT-D05","Atlanta DC to Nashville Dist.","DC-ATL","DST-NSH","FINISHED","TRUCK",1,33.7537,-84.3863,36.1627,-86.7816,1,0,11,124,false,"\N",1
88,"2026-06-08","RT-S02","Barley: N.Dakota to Chicago Brewery","SUP-ND","BRW-02","BARLEY","RAIL",3,46.8772,-96.7898,41.8881,-87.6298,4,0.06,22.4,89.08,false,"\N",10
38,"2025-06-23","RT-D05","Atlanta DC to Nashville Dist.","DC-ATL","DST-NSH","FINISHED","TRUCK",1,33.7537,-84.3863,36.1627,-86.7816,2,0,25,82,false,"\N",3
33,"2025-05-19","RT-D09","Dallas DC to Houston Dist.","DC-DAL","DST-HOU","FINISHED","TRUCK",1,32.7767,-96.7970,29.7604,-95.3698,2,0,16,105,false,"\N",9
86,"2026-05-25","RT-S01","Barley: Montana to Brooklyn Brewery","SUP-MT","BRW-01","BARLEY","RAIL",5,47.5063,-111.2813,40.6782,-73.9442,6,0,16,85,false,"\N",1
90,"2026-06-22","RT-S07","Hops: Yakima to Portland Brewery","SUP-WA","BRW-03","HOPS","TRUCK",1,46.6021,-120.5059,45.5152,-122.6784,1,0,10,91,false,"\N",6
90,"2026-06-22","RT-B01","Brooklyn Brewery to NYC DC","BRW-01","DC-NYC","FINISHED","TRUCK",1,40.6782,-73.9442,40.6501,-74.0139,2,0.18,26.9,115.54,true,"EU Export Controls on Hop Extracts",23
81,"2026-04-20","RT-S08","Hops: Germany (via Newark) to Brooklyn","SUP-DE","BRW-01","HOPS","OCEAN+TRUCK",21,40.7282,-74.1534,40.6782,-73.9442,22,0,24,98,false,"\N",0
51,"2025-09-22","RT-D04","Atlanta DC to Tampa Dist.","DC-ATL","DST-TPA","FINISHED","TRUCK",1,33.7537,-84.3863,27.9506,-82.4572,2,0,13,124,false,"\N",5
59,"2025-11-17","RT-D01","NYC DC to Boston Dist.","DC-NYC","DST-BOS","FINISHED","TRUCK",1,40.6501,-74.0139,42.3601,-71.0589,1,0,23,121,false,"\N",5
62,"2025-12-08","RT-B06","Portland Brewery to Seattle DC","BRW-03","DC-SEA","FINISHED","TRUCK",1,45.5152,-122.6784,47.6062,-122.3321,1,0,26,105,false,"\N",8
57,"2025-11-03","RT-S02","Barley: N.Dakota to Chicago Brewery","SUP-ND","BRW-02","BARLEY","RAIL",3,46.8772,-96.7898,41.8881,-87.6298,3,0,23,88,false,"\N",0
1,"2024-10-07","RT-S05","Hops: Yakima to Brooklyn Brewery","SUP-WA","BRW-01","HOPS","TRUCK",7,46.6021,-120.5059,40.6782,-73.9442,7,0,10,128,false,"\N",8
10,"2024-12-09","RT-B02","Brooklyn Brewery to Atlanta DC","BRW-01","DC-ATL","FINISHED","TRUCK",3,40.6782,-73.9442,33.7537,-84.3863,6,0.55,11.7,126.72,true,"Ukraine-Russia War - Grain Export Disruption",76
14,"2025-01-06","RT-S07","Hops: Yakima to Portland Brewery","SUP-WA","BRW-03","HOPS","TRUCK",1,46.6021,-120.5059,45.5152,-122.6784,2,0,12,84,false,"\N",9
32,"2025-05-12","RT-S03","Barley: Idaho to Portland Brewery","SUP-ID","BRW-03","BARLEY","TRUCK",2,43.6150,-116.2023,45.5152,-122.6784,3,0.125,15.2,130.9,false,"\N",15
10,"2024-12-09","RT-D03","Atlanta DC to Miami Dist.","DC-ATL","DST-MIA","FINISHED","TRUCK",2,33.7537,-84.3863,25.7617,-80.1918,2,0,11,130,false,"\N",6
31,"2025-05-05","RT-D01","NYC DC to Boston Dist.","DC-NYC","DST-BOS","FINISHED","TRUCK",1,40.6501,-74.0139,42.3601,-71.0589,1,0,25,86,false,"\N",9
34,"2025-05-26","RT-B02","Brooklyn Brewery to Atlanta DC","BRW-01","DC-ATL","FINISHED","TRUCK",3,40.6782,-73.9442,33.7537,-84.3863,3,0.25,18,120,true,"Ukraine-Russia War - Grain Export Disruption",33
56,"2025-10-27","RT-B05","Chicago Brewery to Dallas DC","BRW-02","DC-DAL","FINISHED","TRUCK",3,41.8881,-87.6298,32.7767,-96.7970,3,0.15,13.2,92.96,false,"Black Sea Grain Corridor Collapse",26
79,"2026-04-06","RT-S02","Barley: N.Dakota to Chicago Brewery","SUP-ND","BRW-02","BARLEY","RAIL",3,46.8772,-96.7898,41.8881,-87.6298,3,0,14,129,false,"\N",3
30,"2025-04-28","RT-D08","Chicago DC to St.Louis Dist.","DC-CHI","DST-STL","FINISHED","TRUCK",1,41.8525,-87.6514,38.6270,-90.1994,1,0,28,73,false,"\N",8
85,"2026-05-18","RT-S06","Hops: Yakima to Chicago Brewery","SUP-WA","BRW-02","HOPS","TRUCK",5,46.6021,-120.5059,41.8881,-87.6298,6,0,29,93,false,"\N",2
9,"2024-12-02","RT-D01","NYC DC to Boston Dist.","DC-NYC","DST-BOS","FINISHED","TRUCK",1,40.6501,-74.0139,42.3601,-71.0589,1,0,20,126,false,"\N",6
19,"2025-02-10","RT-B03","Brooklyn Brewery to Toronto DC","BRW-01","DC-TOR","FINISHED","TRUCK",2,40.6782,-73.9442,43.6532,-79.3832,2,0.45,8.2,161.84,true,"Ukraine-Russia War - Grain Export Disruption",64
35,"2025-06-02","RT-B02","Brooklyn Brewery to Atlanta DC","BRW-01","DC-ATL","FINISHED","TRUCK",3,40.6782,-73.9442,33.7537,-84.3863,3,0.25,9.9,108,true,"Ukraine-Russia War - Grain Export Disruption",40
68,"2026-01-19","RT-S03","Barley: Idaho to Portland Brewery","SUP-ID","BRW-03","BARLEY","TRUCK",2,43.6150,-116.2023,45.5152,-122.6784,2,0,13,85,false,"\N",4
67,"2026-01-12","RT-D14","Seattle DC to LA Dist.","DC-SEA","DST-LAX","FINISHED","TRUCK",3,47.6062,-122.3321,34.0522,-118.2437,3,0,23,84,false,"\N",8
59,"2025-11-17","RT-D10","Dallas DC to Denver Dist.","DC-DAL","DST-DEN","FINISHED","TRUCK",2,32.7767,-96.7970,39.7392,-104.9903,2,0,30,105,false,"\N",3
73,"2026-02-23","RT-B05","Chicago Brewery to Dallas DC","BRW-02","DC-DAL","FINISHED","TRUCK",3,41.8881,-87.6298,32.7767,-96.7970,3,0,27,122,false,"\N",1
102,"2026-09-14","RT-S04","Barley: Saskatchewan to Brooklyn","SUP-SK","BRW-01","BARLEY","RAIL",6,50.4452,-104.6189,40.6782,-73.9442,6,0,14,126,false,"\N",0
26,"2025-03-31","RT-D01","NYC DC to Boston Dist.","DC-NYC","DST-BOS","FINISHED","TRUCK",1,40.6501,-74.0139,42.3601,-71.0589,1,0,18,120,false,"\N",5
12,"2024-12-23","RT-D01","NYC DC to Boston Dist.","DC-NYC","DST-BOS","FINISHED","TRUCK",1,40.6501,-74.0139,42.3601,-71.0589,1,0,11,86,false,"\N",8
17,"2025-01-27","RT-S07","Hops: Yakima to Portland Brewery","SUP-WA","BRW-03","HOPS","TRUCK",1,46.6021,-120.5059,45.5152,-122.6784,1,0,17,92,false,"\N",4
10,"2024-12-09","RT-S02","Barley: N.Dakota to Chicago Brewery","SUP-ND","BRW-02","BARLEY","RAIL",3,46.8772,-96.7898,41.8881,-87.6298,3,0.125,23.8,100.1,false,"\N",16
53,"2025-10-06","RT-D03","Atlanta DC to Miami Dist.","DC-ATL","DST-MIA","FINISHED","TRUCK",2,33.7537,-84.3863,25.7617,-80.1918,3,0,28,80,false,"\N",6
32,"2025-05-12","RT-D08","Chicago DC to St.Louis Dist.","DC-CHI","DST-STL","FINISHED","TRUCK",1,41.8525,-87.6514,38.6270,-90.1994,2,0,30,102,false,"\N",1
19,"2025-02-10","RT-D02","NYC DC to Philadelphia Dist.","DC-NYC","DST-PHL","FINISHED","TRUCK",1,40.6501,-74.0139,39.9526,-75.1652,2,0,22,124,false,"\N",1
82,"2026-04-27","RT-D11","Dallas DC to Phoenix Dist.","DC-DAL","DST-PHX","FINISHED","TRUCK",2,32.7767,-96.7970,33.4484,-112.0740,2,0,23,97,false,"\N",8
35,"2025-06-02","RT-S08","Hops: Germany (via Newark) to Brooklyn","SUP-DE","BRW-01","HOPS","OCEAN+TRUCK",21,40.7282,-74.1534,40.6782,-73.9442,21,0,19,93,false,"\N",1
91,"2026-06-29","RT-D13","Seattle DC to SF Dist.","DC-SEA","DST-SFO","FINISHED","TRUCK",2,47.6062,-122.3321,37.7749,-122.4194,2,0,12,106,false,"\N",7
30,"2025-04-28","RT-D05","Atlanta DC to Nashville Dist.","DC-ATL","DST-NSH","FINISHED","TRUCK",1,33.7537,-84.3863,36.1627,-86.7816,1,0,25,82,false,"\N",7
86,"2026-05-25","RT-D10","Dallas DC to Denver Dist.","DC-DAL","DST-DEN","FINISHED","TRUCK",2,32.7767,-96.7970,39.7392,-104.9903,2,0,18,79,false,"\N",4
77,"2026-03-23","RT-D04","Atlanta DC to Tampa Dist.","DC-ATL","DST-TPA","FINISHED","TRUCK",1,33.7537,-84.3863,27.9506,-82.4572,1,0,13,108,false,"\N",7
19,"2025-02-10","RT-D07","Chicago DC to Minneapolis Dist.","DC-CHI","DST-MSP","FINISHED","TRUCK",1,41.8525,-87.6514,44.9778,-93.2650,2,0,10,98,false,"\N",7
95,"2026-07-27","RT-S01","Barley: Montana to Brooklyn Brewery","SUP-MT","BRW-01","BARLEY","RAIL",5,47.5063,-111.2813,40.6782,-73.9442,6,0.06,10.7,104.8,false,"\N",15
91,"2026-06-29","RT-D02","NYC DC to Philadelphia Dist.","DC-NYC","DST-PHL","FINISHED","TRUCK",1,40.6501,-74.0139,39.9526,-75.1652,1,0,11,117,false,"\N",1
68,"2026-01-19","RT-B05","Chicago Brewery to Dallas DC","BRW-02","DC-DAL","FINISHED","TRUCK",3,41.8881,-87.6298,32.7767,-96.7970,3,0,21,88,false,"\N",0
98,"2026-08-17","RT-B04","Chicago Brewery to Chicago DC","BRW-02","DC-CHI","FINISHED","TRUCK",1,41.8881,-87.6298,41.8525,-87.6514,1,0.12,28.6,121.66,false,"Midwest Drought - Domestic Barley Belt",23
103,"2026-09-21","RT-D02","NYC DC to Philadelphia Dist.","DC-NYC","DST-PHL","FINISHED","TRUCK",1,40.6501,-74.0139,39.9526,-75.1652,1,0,20,122,false,"\N",2
66,"2026-01-05","RT-S05","Hops: Yakima to Brooklyn Brewery","SUP-WA","BRW-01","HOPS","TRUCK",7,46.6021,-120.5059,40.6782,-73.9442,7,0,26,82,false,"\N",5
72,"2026-02-16","RT-S02","Barley: N.Dakota to Chicago Brewery","SUP-ND","BRW-02","BARLEY","RAIL",3,46.8772,-96.7898,41.8881,-87.6298,3,0,14,83,false,"\N",1
73,"2026-02-23","RT-S08","Hops: Germany (via Newark) to Brooklyn","SUP-DE","BRW-01","HOPS","OCEAN+TRUCK",21,40.7282,-74.1534,40.6782,-73.9442,21,0,12,117,false,"\N",1
104,"2026-09-28","RT-S03","Barley: Idaho to Portland Brewery","SUP-ID","BRW-03","BARLEY","TRUCK",2,43.6150,-116.2023,45.5152,-122.6784,3,0,14,117,false,"\N",2
2,"2024-10-14","RT-B02","Brooklyn Brewery to Atlanta DC","BRW-01","DC-ATL","FINISHED","TRUCK",3,40.6782,-73.9442,33.7537,-84.3863,3,0.25,19.8,122.4,true,"Ukraine-Russia War - Grain Export Disruption",30
8,"2024-11-25","RT-D09","Dallas DC to Houston Dist.","DC-DAL","DST-HOU","FINISHED","TRUCK",1,32.7767,-96.7970,29.7604,-95.3698,1,0,22,112,false,"\N",4
21,"2025-02-24","RT-B06","Portland Brewery to Seattle DC","BRW-03","DC-SEA","FINISHED","TRUCK",1,45.5152,-122.6784,47.6062,-122.3321,2,0.25,9.9,114,true,"Ukraine-Russia War - Grain Export Disruption",38
41,"2025-07-14","RT-D09","Dallas DC to Houston Dist.","DC-DAL","DST-HOU","FINISHED","TRUCK",1,32.7767,-96.7970,29.7604,-95.3698,2,0,24,87,false,"\N",0
79,"2026-04-06","RT-B02","Brooklyn Brewery to Atlanta DC","BRW-01","DC-ATL","FINISHED","TRUCK",3,40.6782,-73.9442,33.7537,-84.3863,3,0,26,112,false,"\N",5
15,"2025-01-13","RT-S01","Barley: Montana to Brooklyn Brewery","SUP-MT","BRW-01","BARLEY","RAIL",5,47.5063,-111.2813,40.6782,-73.9442,5,0.125,20,104.5,false,"\N",15
21,"2025-02-24","RT-D12","Seattle DC to Portland Dist.","DC-SEA","DST-PDX","FINISHED","TRUCK",1,47.6062,-122.3321,45.5152,-122.6784,1,0,30,102,false,"\N",5
36,"2025-06-09","RT-D10","Dallas DC to Denver Dist.","DC-DAL","DST-DEN","FINISHED","TRUCK",2,32.7767,-96.7970,39.7392,-104.9903,3,0,14,119,false,"\N",7
37,"2025-06-16","RT-D06","Chicago DC to Detroit Dist.","DC-CHI","DST-DET","FINISHED","TRUCK",1,41.8525,-87.6514,42.3314,-83.0458,2,0,10,87,false,"\N",7
29,"2025-04-21","RT-B02","Brooklyn Brewery to Atlanta DC","BRW-01","DC-ATL","FINISHED","TRUCK",3,40.6782,-73.9442,33.7537,-84.3863,4,0.25,26.1,102,true,"Ukraine-Russia War - Grain Export Disruption",39
100,"2026-08-31","RT-S06","Hops: Yakima to Chicago Brewery","SUP-WA","BRW-02","HOPS","TRUCK",5,46.6021,-120.5059,41.8881,-87.6298,5,0,23,72,false,"\N",4
75,"2026-03-09","RT-S02","Barley: N.Dakota to Chicago Brewery","SUP-ND","BRW-02","BARLEY","RAIL",3,46.8772,-96.7898,41.8881,-87.6298,4,0,11,100,false,"\N",1
58,"2025-11-10","RT-S01","Barley: Montana to Brooklyn Brewery","SUP-MT","BRW-01","BARLEY","RAIL",5,47.5063,-111.2813,40.6782,-73.9442,5,0,28,105,false,"\N",2
88,"2026-06-08","RT-D11","Dallas DC to Phoenix Dist.","DC-DAL","DST-PHX","FINISHED","TRUCK",2,32.7767,-96.7970,33.4484,-112.0740,2,0,17,71,false,"\N",0
77,"2026-03-23","RT-D12","Seattle DC to Portland Dist.","DC-SEA","DST-PDX","FINISHED","TRUCK",1,47.6062,-122.3321,45.5152,-122.6784,2,0,18,123,false,"\N",4
59,"2025-11-17","RT-B03","Brooklyn Brewery to Toronto DC","BRW-01","DC-TOR","FINISHED","TRUCK",2,40.6782,-73.9442,43.6532,-79.3832,3,0,19,102,false,"\N",6
102,"2026-09-14","RT-S01","Barley: Montana to Brooklyn Brewery","SUP-MT","BRW-01","BARLEY","RAIL",5,47.5063,-111.2813,40.6782,-73.9442,5,0,14,76,false,"\N",4
11,"2024-12-16","RT-D01","NYC DC to Boston Dist.","DC-NYC","DST-BOS","FINISHED","TRUCK",1,40.6501,-74.0139,42.3601,-71.0589,1,0,21,71,false,"\N",7
11,"2024-12-16","RT-D03","Atlanta DC to Miami Dist.","DC-ATL","DST-MIA","FINISHED","TRUCK",2,33.7537,-84.3863,25.7617,-80.1918,2,0,22,82,false,"\N",10
37,"2025-06-16","RT-B05","Chicago Brewery to Dallas DC","BRW-02","DC-DAL","FINISHED","TRUCK",3,41.8881,-87.6298,32.7767,-96.7970,5,0.25,11.7,90,true,"Ukraine-Russia War - Grain Export Disruption",40
53,"2025-10-06","RT-S04","Barley: Saskatchewan to Brooklyn","SUP-SK","BRW-01","BARLEY","RAIL",6,50.4452,-104.6189,40.6782,-73.9442,6,0.075,23.3,98.58,false,"\N",10
84,"2026-05-11","RT-D10","Dallas DC to Denver Dist.","DC-DAL","DST-DEN","FINISHED","TRUCK",2,32.7767,-96.7970,39.7392,-104.9903,3,0,28,95,false,"\N",2
18,"2025-02-03","RT-D12","Seattle DC to Portland Dist.","DC-SEA","DST-PDX","FINISHED","TRUCK",1,47.6062,-122.3321,45.5152,-122.6784,1,0,27,129,false,"\N",6
31,"2025-05-05","RT-D12","Seattle DC to Portland Dist.","DC-SEA","DST-PDX","FINISHED","TRUCK",1,47.6062,-122.3321,45.5152,-122.6784,1,0,11,78,false,"\N",3
34,"2025-05-26","RT-S02","Barley: N.Dakota to Chicago Brewery","SUP-ND","BRW-02","BARLEY","RAIL",3,46.8772,-96.7898,41.8881,-87.6298,4,0.125,23.8,136.4,false,"\N",25
39,"2025-06-30","RT-B05","Chicago Brewery to Dallas DC","BRW-02","DC-DAL","FINISHED","TRUCK",3,41.8881,-87.6298,32.7767,-96.7970,5,0.25,24.3,121.2,true,"Ukraine-Russia War - Grain Export Disruption",38
49,"2025-09-08","RT-B02","Brooklyn Brewery to Atlanta DC","BRW-01","DC-ATL","FINISHED","TRUCK",3,40.6782,-73.9442,33.7537,-84.3863,3,0.15,21.6,89.6,false,"Black Sea Grain Corridor Collapse",21
74,"2026-03-02","RT-D10","Dallas DC to Denver Dist.","DC-DAL","DST-DEN","FINISHED","TRUCK",2,32.7767,-96.7970,39.7392,-104.9903,3,0,26,95,false,"\N",6
37,"2025-06-16","RT-S02","Barley: N.Dakota to Chicago Brewery","SUP-ND","BRW-02","BARLEY","RAIL",3,46.8772,-96.7898,41.8881,-87.6298,3,0.125,9.5,117.7,false,"\N",25
88,"2026-06-08","RT-S08","Hops: Germany (via Newark) to Brooklyn","SUP-DE","BRW-01","HOPS","OCEAN+TRUCK",21,40.7282,-74.1534,40.6782,-73.9442,21,0,13,107,false,"\N",10
39,"2025-06-30","RT-D04","Atlanta DC to Tampa Dist.","DC-ATL","DST-TPA","FINISHED","TRUCK",1,33.7537,-84.3863,27.9506,-82.4572,2,0,15,80,false,"\N",7
54,"2025-10-13","RT-D02","NYC DC to Philadelphia Dist.","DC-NYC","DST-PHL","FINISHED","TRUCK",1,40.6501,-74.0139,39.9526,-75.1652,1,0,18,95,false,"\N",9
46,"2025-08-18","RT-D08","Chicago DC to St.Louis Dist.","DC-CHI","DST-STL","FINISHED","TRUCK",1,41.8525,-87.6514,38.6270,-90.1994,1,0,24,108,false,"\N",9
97,"2026-08-10","RT-B05","Chicago Brewery to Dallas DC","BRW-02","DC-DAL","FINISHED","TRUCK",3,41.8881,-87.6298,32.7767,-96.7970,4,0.12,19,107.41,false,"Midwest Drought - Domestic Barley Belt",15
85,"2026-05-18","RT-D02","NYC DC to Philadelphia Dist.","DC-NYC","DST-PHL","FINISHED","TRUCK",1,40.6501,-74.0139,39.9526,-75.1652,1,0,14,122,false,"\N",10
38,"2025-06-23","RT-S08","Hops: Germany (via Newark) to Brooklyn","SUP-DE","BRW-01","HOPS","OCEAN+TRUCK",21,40.7282,-74.1534,40.6782,-73.9442,21,0,27,89,false,"\N",4
43,"2025-07-28","RT-D13","Seattle DC to SF Dist.","DC-SEA","DST-SFO","FINISHED","TRUCK",2,47.6062,-122.3321,37.7749,-122.4194,2,0,13,104,false,"\N",8
75,"2026-03-09","RT-D03","Atlanta DC to Miami Dist.","DC-ATL","DST-MIA","FINISHED","TRUCK",2,33.7537,-84.3863,25.7617,-80.1918,3,0,12,128,false,"\N",4
94,"2026-07-20","RT-S07","Hops: Yakima to Portland Brewery","SUP-WA","BRW-03","HOPS","TRUCK",1,46.6021,-120.5059,45.5152,-122.6784,1,0,27,95,false,"\N",5
85,"2026-05-18","RT-B05","Chicago Brewery to Dallas DC","BRW-02","DC-DAL","FINISHED","TRUCK",3,41.8881,-87.6298,32.7767,-96.7970,4,0,10,98,false,"\N",7
67,"2026-01-12","RT-B01","Brooklyn Brewery to NYC DC","BRW-01","DC-NYC","FINISHED","TRUCK",1,40.6782,-73.9442,40.6501,-74.0139,2,0,23,123,false,"\N",5
57,"2025-11-03","RT-D08","Chicago DC to St.Louis Dist.","DC-CHI","DST-STL","FINISHED","TRUCK",1,41.8525,-87.6514,38.6270,-90.1994,2,0,17,88,false,"\N",7
69,"2026-01-26","RT-B02","Brooklyn Brewery to Atlanta DC","BRW-01","DC-ATL","FINISHED","TRUCK",3,40.6782,-73.9442,33.7537,-84.3863,3,0,17,71,false,"\N",9
69,"2026-01-26","RT-B03","Brooklyn Brewery to Toronto DC","BRW-01","DC-TOR","FINISHED","TRUCK",2,40.6782,-73.9442,43.6532,-79.3832,2,0,25,85,false,"\N",8
102,"2026-09-14","RT-D03","Atlanta DC to Miami Dist.","DC-ATL","DST-MIA","FINISHED","TRUCK",2,33.7537,-84.3863,25.7617,-80.1918,2,0,18,74,false,"\N",3
37,"2025-06-16","RT-S06","Hops: Yakima to Chicago Brewery","SUP-WA","BRW-02","HOPS","TRUCK",5,46.6021,-120.5059,41.8881,-87.6298,5,0,16,91,false,"\N",2
26,"2025-03-31","RT-S04","Barley: Saskatchewan to Brooklyn","SUP-SK","BRW-01","BARLEY","RAIL",6,50.4452,-104.6189,40.6782,-73.9442,6,0.125,20.9,140.8,false,"\N",18
36,"2025-06-09","RT-S08","Hops: Germany (via Newark) to Brooklyn","SUP-DE","BRW-01","HOPS","OCEAN+TRUCK",21,40.7282,-74.1534,40.6782,-73.9442,21,0,17,106,false,"\N",0
29,"2025-04-21","RT-D03","Atlanta DC to Miami Dist.","DC-ATL","DST-MIA","FINISHED","TRUCK",2,33.7537,-84.3863,25.7617,-80.1918,2,0,16,101,false,"\N",2
81,"2026-04-20","RT-S04","Barley: Saskatchewan to Brooklyn","SUP-SK","BRW-01","BARLEY","RAIL",6,50.4452,-104.6189,40.6782,-73.9442,7,0,28,82,false,"\N",8
41,"2025-07-14","RT-B02","Brooklyn Brewery to Atlanta DC","BRW-01","DC-ATL","FINISHED","TRUCK",3,40.6782,-73.9442,33.7537,-84.3863,4,0.15,28.2,99.68,false,"Black Sea Grain Corridor Collapse",24
45,"2025-08-11","RT-S06","Hops: Yakima to Chicago Brewery","SUP-WA","BRW-02","HOPS","TRUCK",5,46.6021,-120.5059,41.8881,-87.6298,6,0,14,81,false,"\N",2
84,"2026-05-11","RT-B06","Portland Brewery to Seattle DC","BRW-03","DC-SEA","FINISHED","TRUCK",1,45.5152,-122.6784,47.6062,-122.3321,2,0.18,21.3,82.37,true,"EU Export Controls on Hop Extracts",28
46,"2025-08-18","RT-D10","Dallas DC to Denver Dist.","DC-DAL","DST-DEN","FINISHED","TRUCK",2,32.7767,-96.7970,39.7392,-104.9903,3,0,16,84,false,"\N",9
55,"2025-10-20","RT-B04","Chicago Brewery to Chicago DC","BRW-02","DC-CHI","FINISHED","TRUCK",1,41.8881,-87.6298,41.8525,-87.6514,1,0.15,20.7,134.4,false,"Black Sea Grain Corridor Collapse",23
93,"2026-07-13","RT-B01","Brooklyn Brewery to NYC DC","BRW-01","DC-NYC","FINISHED","TRUCK",1,40.6782,-73.9442,40.6501,-74.0139,1,0,23,101,false,"\N",10
77,"2026-03-23","RT-D07","Chicago DC to Minneapolis Dist.","DC-CHI","DST-MSP","FINISHED","TRUCK",1,41.8525,-87.6514,44.9778,-93.2650,2,0,16,113,false,"\N",1
86,"2026-05-25","RT-D05","Atlanta DC to Nashville Dist.","DC-ATL","DST-NSH","FINISHED","TRUCK",1,33.7537,-84.3863,36.1627,-86.7816,2,0,15,92,false,"\N",0
76,"2026-03-16","RT-S06","Hops: Yakima to Chicago Brewery","SUP-WA","BRW-02","HOPS","TRUCK",5,46.6021,-120.5059,41.8881,-87.6298,5,0,13,78,false,"\N",2
71,"2026-02-09","RT-D06","Chicago DC to Detroit Dist.","DC-CHI","DST-DET","FINISHED","TRUCK",1,41.8525,-87.6514,42.3314,-83.0458,1,0,20,123,false,"\N",9
66,"2026-01-05","RT-S08","Hops: Germany (via Newark) to Brooklyn","SUP-DE","BRW-01","HOPS","OCEAN+TRUCK",21,40.7282,-74.1534,40.6782,-73.9442,21,0,19,121,false,"\N",1
63,"2025-12-15","RT-B01","Brooklyn Brewery to NYC DC","BRW-01","DC-NYC","FINISHED","TRUCK",1,40.6782,-73.9442,40.6501,-74.0139,2,0,11,116,false,"\N",0
69,"2026-01-26","RT-D12","Seattle DC to Portland Dist.","DC-SEA","DST-PDX","FINISHED","TRUCK",1,47.6062,-122.3321,45.5152,-122.6784,2,0,19,84,false,"\N",7
69,"2026-01-26","RT-B05","Chicago Brewery to Dallas DC","BRW-02","DC-DAL","FINISHED","TRUCK",3,41.8881,-87.6298,32.7767,-96.7970,3,0,27,78,false,"\N",5
101,"2026-09-07","RT-D02","NYC DC to Philadelphia Dist.","DC-NYC","DST-PHL","FINISHED","TRUCK",1,40.6501,-74.0139,39.9526,-75.1652,2,0,23,119,false,"\N",5
1,"2024-10-07","RT-D11","Dallas DC to Phoenix Dist.","DC-DAL","DST-PHX","FINISHED","TRUCK",2,32.7767,-96.7970,33.4484,-112.0740,3,0,30,82,false,"\N",6
7,"2024-11-18","RT-D14","Seattle DC to LA Dist.","DC-SEA","DST-LAX","FINISHED","TRUCK",3,47.6062,-122.3321,34.0522,-118.2437,3,0,30,88,false,"\N",5
8,"2024-11-25","RT-S01","Barley: Montana to Brooklyn Brewery","SUP-MT","BRW-01","BARLEY","RAIL",5,47.5063,-111.2813,40.6782,-73.9442,7,0.125,10.5,124.3,false,"\N",25
8,"2024-11-25","RT-D04","Atlanta DC to Tampa Dist.","DC-ATL","DST-TPA","FINISHED","TRUCK",1,33.7537,-84.3863,27.9506,-82.4572,1,0,13,101,false,"\N",1
53,"2025-10-06","RT-D12","Seattle DC to Portland Dist.","DC-SEA","DST-PDX","FINISHED","TRUCK",1,47.6062,-122.3321,45.5152,-122.6784,1,0,24,115,false,"\N",0
74,"2026-03-02","RT-S06","Hops: Yakima to Chicago Brewery","SUP-WA","BRW-02","HOPS","TRUCK",5,46.6021,-120.5059,41.8881,-87.6298,5,0,18,117,false,"\N",10
32,"2025-05-12","RT-D06","Chicago DC to Detroit Dist.","DC-CHI","DST-DET","FINISHED","TRUCK",1,41.8525,-87.6514,42.3314,-83.0458,1,0,11,103,false,"\N",10
54,"2025-10-13","RT-D04","Atlanta DC to Tampa Dist.","DC-ATL","DST-TPA","FINISHED","TRUCK",1,33.7537,-84.3863,27.9506,-82.4572,2,0,18,128,false,"\N",0
54,"2025-10-13","RT-D10","Dallas DC to Denver Dist.","DC-DAL","DST-DEN","FINISHED","TRUCK",2,32.7767,-96.7970,39.7392,-104.9903,3,0,24,106,false,"\N",0
21,"2025-02-24","RT-D03","Atlanta DC to Miami Dist.","DC-ATL","DST-MIA","FINISHED","TRUCK",2,33.7537,-84.3863,25.7617,-80.1918,2,0,29,85,false,"\N",9
22,"2025-03-03","RT-B04","Chicago Brewery to Chicago DC","BRW-02","DC-CHI","FINISHED","TRUCK",1,41.8881,-87.6298,41.8525,-87.6514,1,0.25,18.9,108,true,"Ukraine-Russia War - Grain Export Disruption",30
36,"2025-06-09","RT-D06","Chicago DC to Detroit Dist.","DC-CHI","DST-DET","FINISHED","TRUCK",1,41.8525,-87.6514,42.3314,-83.0458,1,0,10,121,false,"\N",9
28,"2025-04-14","RT-B03","Brooklyn Brewery to Toronto DC","BRW-01","DC-TOR","FINISHED","TRUCK",2,40.6782,-73.9442,43.6532,-79.3832,4,0.3,15,105.4,true,"Ukraine-Russia War - Grain Export Disruption",41
96,"2026-08-03","RT-D10","Dallas DC to Denver Dist.","DC-DAL","DST-DEN","FINISHED","TRUCK",2,32.7767,-96.7970,39.7392,-104.9903,3,0,16,104,false,"\N",1
81,"2026-04-20","RT-S02","Barley: N.Dakota to Chicago Brewery","SUP-ND","BRW-02","BARLEY","RAIL",3,46.8772,-96.7898,41.8881,-87.6298,4,0,24,97,false,"\N",4
100,"2026-08-31","RT-S07","Hops: Yakima to Portland Brewery","SUP-WA","BRW-03","HOPS","TRUCK",1,46.6021,-120.5059,45.5152,-122.6784,1,0,26,125,false,"\N",8
15,"2025-01-13","RT-D08","Chicago DC to St.Louis Dist.","DC-CHI","DST-STL","FINISHED","TRUCK",1,41.8525,-87.6514,38.6270,-90.1994,2,0,19,72,false,"\N",10
52,"2025-09-29","RT-S03","Barley: Idaho to Portland Brewery","SUP-ID","BRW-03","BARLEY","TRUCK",2,43.6150,-116.2023,45.5152,-122.6784,3,0.075,27.2,81.62,false,"\N",16
55,"2025-10-20","RT-D06","Chicago DC to Detroit Dist.","DC-CHI","DST-DET","FINISHED","TRUCK",1,41.8525,-87.6514,42.3314,-83.0458,1,0,17,95,false,"\N",6
76,"2026-03-16","RT-D14","Seattle DC to LA Dist.","DC-SEA","DST-LAX","FINISHED","TRUCK",3,47.6062,-122.3321,34.0522,-118.2437,3,0,17,94,false,"\N",4
30,"2025-04-28","RT-B02","Brooklyn Brewery to Atlanta DC","BRW-01","DC-ATL","FINISHED","TRUCK",3,40.6782,-73.9442,33.7537,-84.3863,3,0.25,9.9,106.8,true,"Ukraine-Russia War - Grain Export Disruption",37
95,"2026-07-27","RT-D10","Dallas DC to Denver Dist.","DC-DAL","DST-DEN","FINISHED","TRUCK",2,32.7767,-96.7970,39.7392,-104.9903,3,0,28,78,false,"\N",2
60,"2025-11-24","RT-S01","Barley: Montana to Brooklyn Brewery","SUP-MT","BRW-01","BARLEY","RAIL",5,47.5063,-111.2813,40.6782,-73.9442,5,0,28,112,false,"\N",8
103,"2026-09-21","RT-D03","Atlanta DC to Miami Dist.","DC-ATL","DST-MIA","FINISHED","TRUCK",2,33.7537,-84.3863,25.7617,-80.1918,2,0,17,75,false,"\N",1
61,"2025-12-01","RT-B05","Chicago Brewery to Dallas DC","BRW-02","DC-DAL","FINISHED","TRUCK",3,41.8881,-87.6298,32.7767,-96.7970,3,0,15,89,false,"\N",2
70,"2026-02-02","RT-S02","Barley: N.Dakota to Chicago Brewery","SUP-ND","BRW-02","BARLEY","RAIL",3,46.8772,-96.7898,41.8881,-87.6298,3,0,19,74,false,"\N",5
2,"2024-10-14","RT-D12","Seattle DC to Portland Dist.","DC-SEA","DST-PDX","FINISHED","TRUCK",1,47.6062,-122.3321,45.5152,-122.6784,1,0,27,91,false,"\N",0
39,"2025-06-30","RT-S01","Barley: Montana to Brooklyn Brewery","SUP-MT","BRW-01","BARLEY","RAIL",5,47.5063,-111.2813,40.6782,-73.9442,6,0.125,25.7,138.6,false,"\N",15
52,"2025-09-29","RT-D03","Atlanta DC to Miami Dist.","DC-ATL","DST-MIA","FINISHED","TRUCK",2,33.7537,-84.3863,25.7617,-80.1918,3,0,11,90,false,"\N",8
16,"2025-01-20","RT-D12","Seattle DC to Portland Dist.","DC-SEA","DST-PDX","FINISHED","TRUCK",1,47.6062,-122.3321,45.5152,-122.6784,1,0,27,73,false,"\N",3
36,"2025-06-09","RT-S07","Hops: Yakima to Portland Brewery","SUP-WA","BRW-03","HOPS","TRUCK",1,46.6021,-120.5059,45.5152,-122.6784,2,0,24,84,false,"\N",0
41,"2025-07-14","RT-B01","Brooklyn Brewery to NYC DC","BRW-01","DC-NYC","FINISHED","TRUCK",1,40.6782,-73.9442,40.6501,-74.0139,1,0.15,21.6,101.92,false,"Black Sea Grain Corridor Collapse",18
35,"2025-06-02","RT-S01","Barley: Montana to Brooklyn Brewery","SUP-MT","BRW-01","BARLEY","RAIL",5,47.5063,-111.2813,40.6782,-73.9442,5,0.125,23.8,77,false,"\N",19
52,"2025-09-29","RT-S08","Hops: Germany (via Newark) to Brooklyn","SUP-DE","BRW-01","HOPS","OCEAN+TRUCK",21,40.7282,-74.1534,40.6782,-73.9442,27,0.35,16.3,160,true,"\N",49
83,"2026-05-04","RT-B03","Brooklyn Brewery to Toronto DC","BRW-01","DC-TOR","FINISHED","TRUCK",2,40.6782,-73.9442,43.6532,-79.3832,2,0.18,9.3,114.4,true,"EU Export Controls on Hop Extracts",22
55,"2025-10-20","RT-S03","Barley: Idaho to Portland Brewery","SUP-ID","BRW-03","BARLEY","TRUCK",2,43.6150,-116.2023,45.5152,-122.6784,3,0.075,16.5,92.22,false,"\N",13
75,"2026-03-09","RT-D14","Seattle DC to LA Dist.","DC-SEA","DST-LAX","FINISHED","TRUCK",3,47.6062,-122.3321,34.0522,-118.2437,4,0,24,76,false,"\N",10
96,"2026-08-03","RT-D01","NYC DC to Boston Dist.","DC-NYC","DST-BOS","FINISHED","TRUCK",1,40.6501,-74.0139,42.3601,-71.0589,1,0,25,81,false,"\N",10
40,"2025-07-07","RT-S01","Barley: Montana to Brooklyn Brewery","SUP-MT","BRW-01","BARLEY","RAIL",5,47.5063,-111.2813,40.6782,-73.9442,5,0.075,19.4,87.98,false,"\N",10
30,"2025-04-28","RT-D07","Chicago DC to Minneapolis Dist.","DC-CHI","DST-MSP","FINISHED","TRUCK",1,41.8525,-87.6514,44.9778,-93.2650,2,0,24,102,false,"\N",7
91,"2026-06-29","RT-B01","Brooklyn Brewery to NYC DC","BRW-01","DC-NYC","FINISHED","TRUCK",1,40.6782,-73.9442,40.6501,-74.0139,1,0.18,17.6,101.82,true,"EU Export Controls on Hop Extracts",27
59,"2025-11-17","RT-D04","Atlanta DC to Tampa Dist.","DC-ATL","DST-TPA","FINISHED","TRUCK",1,33.7537,-84.3863,27.9506,-82.4572,1,0,10,93,false,"\N",7
65,"2025-12-29","RT-S03","Barley: Idaho to Portland Brewery","SUP-ID","BRW-03","BARLEY","TRUCK",2,43.6150,-116.2023,45.5152,-122.6784,3,0,17,108,false,"\N",0
65,"2025-12-29","RT-B03","Brooklyn Brewery to Toronto DC","BRW-01","DC-TOR","FINISHED","TRUCK",2,40.6782,-73.9442,43.6532,-79.3832,2,0,27,74,false,"\N",5
102,"2026-09-14","RT-D08","Chicago DC to St.Louis Dist.","DC-CHI","DST-STL","FINISHED","TRUCK",1,41.8525,-87.6514,38.6270,-90.1994,2,0,10,112,false,"\N",9
4,"2024-10-28","RT-B05","Chicago Brewery to Dallas DC","BRW-02","DC-DAL","FINISHED","TRUCK",3,41.8881,-87.6298,32.7767,-96.7970,3,0.25,13.5,132,true,"Ukraine-Russia War - Grain Export Disruption",38
12,"2024-12-23","RT-D12","Seattle DC to Portland Dist.","DC-SEA","DST-PDX","FINISHED","TRUCK",1,47.6062,-122.3321,45.5152,-122.6784,1,0,17,109,false,"\N",6
34,"2025-05-26","RT-B01","Brooklyn Brewery to NYC DC","BRW-01","DC-NYC","FINISHED","TRUCK",1,40.6782,-73.9442,40.6501,-74.0139,2,0.25,18.9,139.2,true,"Ukraine-Russia War - Grain Export Disruption",39
39,"2025-06-30","RT-S03","Barley: Idaho to Portland Brewery","SUP-ID","BRW-03","BARLEY","TRUCK",2,43.6150,-116.2023,45.5152,-122.6784,2,0.125,27.6,78.1,false,"\N",24
27,"2025-04-07","RT-B01","Brooklyn Brewery to NYC DC","BRW-01","DC-NYC","FINISHED","TRUCK",1,40.6782,-73.9442,40.6501,-74.0139,1,0.3,26.4,114.08,true,"Ukraine-Russia War - Grain Export Disruption",42
38,"2025-06-23","RT-D01","NYC DC to Boston Dist.","DC-NYC","DST-BOS","FINISHED","TRUCK",1,40.6501,-74.0139,42.3601,-71.0589,2,0,23,74,false,"\N",8
30,"2025-04-28","RT-D11","Dallas DC to Phoenix Dist.","DC-DAL","DST-PHX","FINISHED","TRUCK",2,32.7767,-96.7970,33.4484,-112.0740,2,0,14,124,false,"\N",3
53,"2025-10-06","RT-B03","Brooklyn Brewery to Toronto DC","BRW-01","DC-TOR","FINISHED","TRUCK",2,40.6782,-73.9442,43.6532,-79.3832,2,0.15,24.4,79.52,false,"Black Sea Grain Corridor Collapse",26
20,"2025-02-17","RT-B01","Brooklyn Brewery to NYC DC","BRW-01","DC-NYC","FINISHED","TRUCK",1,40.6782,-73.9442,40.6501,-74.0139,1,0.3,12.3,88.04,true,"Ukraine-Russia War - Grain Export Disruption",37
90,"2026-06-22","RT-D08","Chicago DC to St.Louis Dist.","DC-CHI","DST-STL","FINISHED","TRUCK",1,41.8525,-87.6514,38.6270,-90.1994,2,0,29,71,false,"\N",4
52,"2025-09-29","RT-S04","Barley: Saskatchewan to Brooklyn","SUP-SK","BRW-01","BARLEY","RAIL",6,50.4452,-104.6189,40.6782,-73.9442,6,0.075,18.4,87.98,false,"\N",18
93,"2026-07-13","RT-D08","Chicago DC to St.Louis Dist.","DC-CHI","DST-STL","FINISHED","TRUCK",1,41.8525,-87.6514,38.6270,-90.1994,1,0,23,113,false,"\N",1
100,"2026-08-31","RT-S01","Barley: Montana to Brooklyn Brewery","SUP-MT","BRW-01","BARLEY","RAIL",5,47.5063,-111.2813,40.6782,-73.9442,5,0.06,13.7,127.86,false,"\N",10
86,"2026-05-25","RT-B02","Brooklyn Brewery to Atlanta DC","BRW-01","DC-ATL","FINISHED","TRUCK",3,40.6782,-73.9442,33.7537,-84.3863,3,0,16,100,false,"\N",8
28,"2025-04-14","RT-D02","NYC DC to Philadelphia Dist.","DC-NYC","DST-PHL","FINISHED","TRUCK",1,40.6501,-74.0139,39.9526,-75.1652,2,0,10,80,false,"\N",2
51,"2025-09-22","RT-D03","Atlanta DC to Miami Dist.","DC-ATL","DST-MIA","FINISHED","TRUCK",2,33.7537,-84.3863,25.7617,-80.1918,2,0,18,100,false,"\N",3
92,"2026-07-06","RT-D07","Chicago DC to Minneapolis Dist.","DC-CHI","DST-MSP","FINISHED","TRUCK",1,41.8525,-87.6514,44.9778,-93.2650,1,0,13,112,false,"\N",3
52,"2025-09-29","RT-B05","Chicago Brewery to Dallas DC","BRW-02","DC-DAL","FINISHED","TRUCK",3,41.8881,-87.6298,32.7767,-96.7970,4,0.5,17.6,123.2,true,"Hurricane Season - Gulf Coast",67
85,"2026-05-18","RT-D04","Atlanta DC to Tampa Dist.","DC-ATL","DST-TPA","FINISHED","TRUCK",1,33.7537,-84.3863,27.9506,-82.4572,2,0,30,124,false,"\N",5
100,"2026-08-31","RT-B06","Portland Brewery to Seattle DC","BRW-03","DC-SEA","FINISHED","TRUCK",1,45.5152,-122.6784,47.6062,-122.3321,2,0.12,9.5,109.6,false,"Midwest Drought - Domestic Barley Belt",16
68,"2026-01-19","RT-D02","NYC DC to Philadelphia Dist.","DC-NYC","DST-PHL","FINISHED","TRUCK",1,40.6501,-74.0139,39.9526,-75.1652,2,0,23,111,false,"\N",7
62,"2025-12-08","RT-S08","Hops: Germany (via Newark) to Brooklyn","SUP-DE","BRW-01","HOPS","OCEAN+TRUCK",21,40.7282,-74.1534,40.6782,-73.9442,21,0,22,104,false,"\N",10
70,"2026-02-02","RT-S06","Hops: Yakima to Chicago Brewery","SUP-WA","BRW-02","HOPS","TRUCK",5,46.6021,-120.5059,41.8881,-87.6298,5,0,15,73,false,"\N",6
72,"2026-02-16","RT-B04","Chicago Brewery to Chicago DC","BRW-02","DC-CHI","FINISHED","TRUCK",1,41.8881,-87.6298,41.8525,-87.6514,1,0,19,89,false,"\N",3
101,"2026-09-07","RT-D08","Chicago DC to St.Louis Dist.","DC-CHI","DST-STL","FINISHED","TRUCK",1,41.8525,-87.6514,38.6270,-90.1994,1,0,24,114,false,"\N",2
2,"2024-10-14","RT-D02","NYC DC to Philadelphia Dist.","DC-NYC","DST-PHL","FINISHED","TRUCK",1,40.6501,-74.0139,39.9526,-75.1652,1,0,16,86,false,"\N",4
2,"2024-10-14","RT-S02","Barley: N.Dakota to Chicago Brewery","SUP-ND","BRW-02","BARLEY","RAIL",3,46.8772,-96.7898,41.8881,-87.6298,3,0.125,17.1,102.3,false,"\N",20
3,"2024-10-21","RT-D03","Atlanta DC to Miami Dist.","DC-ATL","DST-MIA","FINISHED","TRUCK",2,33.7537,-84.3863,25.7617,-80.1918,2,0,16,107,false,"\N",9
5,"2024-11-04","RT-B05","Chicago Brewery to Dallas DC","BRW-02","DC-DAL","FINISHED","TRUCK",3,41.8881,-87.6298,32.7767,-96.7970,5,0.25,15.3,110.4,true,"Ukraine-Russia War - Grain Export Disruption",31
39,"2025-06-30","RT-D09","Dallas DC to Houston Dist.","DC-DAL","DST-HOU","FINISHED","TRUCK",1,32.7767,-96.7970,29.7604,-95.3698,1,0,15,71,false,"\N",6
26,"2025-03-31","RT-D07","Chicago DC to Minneapolis Dist.","DC-CHI","DST-MSP","FINISHED","TRUCK",1,41.8525,-87.6514,44.9778,-93.2650,2,0,12,126,false,"\N",5
39,"2025-06-30","RT-D14","Seattle DC to LA Dist.","DC-SEA","DST-LAX","FINISHED","TRUCK",3,47.6062,-122.3321,34.0522,-118.2437,3,0,25,130,false,"\N",7
51,"2025-09-22","RT-S07","Hops: Yakima to Portland Brewery","SUP-WA","BRW-03","HOPS","TRUCK",1,46.6021,-120.5059,45.5152,-122.6784,2,0.35,8.6,101.12,true,"\N",50
56,"2025-10-27","RT-D11","Dallas DC to Phoenix Dist.","DC-DAL","DST-PHX","FINISHED","TRUCK",2,32.7767,-96.7970,33.4484,-112.0740,2,0,24,86,false,"\N",0
94,"2026-07-20","RT-B04","Chicago Brewery to Chicago DC","BRW-02","DC-CHI","FINISHED","TRUCK",1,41.8881,-87.6298,41.8525,-87.6514,1,0.3,12.3,97.96,true,"Midwest Drought - Domestic Barley Belt",40
19,"2025-02-10","RT-D12","Seattle DC to Portland Dist.","DC-SEA","DST-PDX","FINISHED","TRUCK",1,47.6062,-122.3321,45.5152,-122.6784,1,0,13,80,false,"\N",9
42,"2025-07-21","RT-D14","Seattle DC to LA Dist.","DC-SEA","DST-LAX","FINISHED","TRUCK",3,47.6062,-122.3321,34.0522,-118.2437,3,0,16,107,false,"\N",1
40,"2025-07-07","RT-D03","Atlanta DC to Miami Dist.","DC-ATL","DST-MIA","FINISHED","TRUCK",2,33.7537,-84.3863,25.7617,-80.1918,2,0,30,80,false,"\N",1
40,"2025-07-07","RT-D14","Seattle DC to LA Dist.","DC-SEA","DST-LAX","FINISHED","TRUCK",3,47.6062,-122.3321,34.0522,-118.2437,4,0,18,119,false,"\N",8
95,"2026-07-27","RT-D14","Seattle DC to LA Dist.","DC-SEA","DST-LAX","FINISHED","TRUCK",3,47.6062,-122.3321,34.0522,-118.2437,3,0,30,80,false,"\N",3
75,"2026-03-09","RT-D04","Atlanta DC to Tampa Dist.","DC-ATL","DST-TPA","FINISHED","TRUCK",1,33.7537,-84.3863,27.9506,-82.4572,2,0,28,86,false,"\N",1
55,"2025-10-20","RT-D13","Seattle DC to SF Dist.","DC-SEA","DST-SFO","FINISHED","TRUCK",2,47.6062,-122.3321,37.7749,-122.4194,3,0,16,119,false,"\N",4
29,"2025-04-21","RT-B03","Brooklyn Brewery to Toronto DC","BRW-01","DC-TOR","FINISHED","TRUCK",2,40.6782,-73.9442,43.6532,-79.3832,3,0.3,8.8,111.6,true,"Ukraine-Russia War - Grain Export Disruption",45
52,"2025-09-29","RT-D11","Dallas DC to Phoenix Dist.","DC-DAL","DST-PHX","FINISHED","TRUCK",2,32.7767,-96.7970,33.4484,-112.0740,3,0,20,129,false,"\N",2
70,"2026-02-02","RT-S01","Barley: Montana to Brooklyn Brewery","SUP-MT","BRW-01","BARLEY","RAIL",5,47.5063,-111.2813,40.6782,-73.9442,5,0,29,92,false,"\N",5
69,"2026-01-26","RT-D09","Dallas DC to Houston Dist.","DC-DAL","DST-HOU","FINISHED","TRUCK",1,32.7767,-96.7970,29.7604,-95.3698,2,0,30,83,false,"\N",10
10,"2024-12-09","RT-D07","Chicago DC to Minneapolis Dist.","DC-CHI","DST-MSP","FINISHED","TRUCK",1,41.8525,-87.6514,44.9778,-93.2650,1,0,30,74,false,"\N",0
14,"2025-01-06","RT-B01","Brooklyn Brewery to NYC DC","BRW-01","DC-NYC","FINISHED","TRUCK",1,40.6782,-73.9442,40.6501,-74.0139,1,0.3,19.4,120.28,true,"Ukraine-Russia War - Grain Export Disruption",40
22,"2025-03-03","RT-B06","Portland Brewery to Seattle DC","BRW-03","DC-SEA","FINISHED","TRUCK",1,45.5152,-122.6784,47.6062,-122.3321,1,0.25,24.3,138,true,"Ukraine-Russia War - Grain Export Disruption",32
24,"2025-03-17","RT-D09","Dallas DC to Houston Dist.","DC-DAL","DST-HOU","FINISHED","TRUCK",1,32.7767,-96.7970,29.7604,-95.3698,2,0,18,106,false,"\N",7
31,"2025-05-05","RT-B02","Brooklyn Brewery to Atlanta DC","BRW-01","DC-ATL","FINISHED","TRUCK",3,40.6782,-73.9442,33.7537,-84.3863,5,0.25,22.5,84,true,"Ukraine-Russia War - Grain Export Disruption",34
78,"2026-03-30","RT-B02","Brooklyn Brewery to Atlanta DC","BRW-01","DC-ATL","FINISHED","TRUCK",3,40.6782,-73.9442,33.7537,-84.3863,3,0,26,116,false,"\N",5
6,"2024-11-11","RT-D04","Atlanta DC to Tampa Dist.","DC-ATL","DST-TPA","FINISHED","TRUCK",1,33.7537,-84.3863,27.9506,-82.4572,2,0,11,120,false,"\N",9
12,"2024-12-23","RT-D02","NYC DC to Philadelphia Dist.","DC-NYC","DST-PHL","FINISHED","TRUCK",1,40.6501,-74.0139,39.9526,-75.1652,1,0,23,127,false,"\N",9
98,"2026-08-17","RT-D05","Atlanta DC to Nashville Dist.","DC-ATL","DST-NSH","FINISHED","TRUCK",1,33.7537,-84.3863,36.1627,-86.7816,2,0,14,119,false,"\N",1
52,"2025-09-29","RT-D04","Atlanta DC to Tampa Dist.","DC-ATL","DST-TPA","FINISHED","TRUCK",1,33.7537,-84.3863,27.9506,-82.4572,1,0,10,80,false,"\N",0
99,"2026-08-24","RT-B05","Chicago Brewery to Dallas DC","BRW-02","DC-DAL","FINISHED","TRUCK",3,41.8881,-87.6298,32.7767,-96.7970,3,0.12,11.4,142.48,false,"Midwest Drought - Domestic Barley Belt",19
99,"2026-08-24","RT-D07","Chicago DC to Minneapolis Dist.","DC-CHI","DST-MSP","FINISHED","TRUCK",1,41.8525,-87.6514,44.9778,-93.2650,1,0,23,109,false,"\N",4
13,"2024-12-30","RT-B06","Portland Brewery to Seattle DC","BRW-03","DC-SEA","FINISHED","TRUCK",1,45.5152,-122.6784,47.6062,-122.3321,2,0.25,9.9,93.6,true,"Ukraine-Russia War - Grain Export Disruption",35
71,"2026-02-09","RT-D03","Atlanta DC to Miami Dist.","DC-ATL","DST-MIA","FINISHED","TRUCK",2,33.7537,-84.3863,25.7617,-80.1918,3,0,20,112,false,"\N",2
59,"2025-11-17","RT-S06","Hops: Yakima to Chicago Brewery","SUP-WA","BRW-02","HOPS","TRUCK",5,46.6021,-120.5059,41.8881,-87.6298,5,0,16,113,false,"\N",0
62,"2025-12-08","RT-D02","NYC DC to Philadelphia Dist.","DC-NYC","DST-PHL","FINISHED","TRUCK",1,40.6501,-74.0139,39.9526,-75.1652,1,0,24,113,false,"\N",3
66,"2026-01-05","RT-D01","NYC DC to Boston Dist.","DC-NYC","DST-BOS","FINISHED","TRUCK",1,40.6501,-74.0139,42.3601,-71.0589,2,0,18,100,false,"\N",7
70,"2026-02-02","RT-D06","Chicago DC to Detroit Dist.","DC-CHI","DST-DET","FINISHED","TRUCK",1,41.8525,-87.6514,42.3314,-83.0458,1,0,16,101,false,"\N",5
73,"2026-02-23","RT-D12","Seattle DC to Portland Dist.","DC-SEA","DST-PDX","FINISHED","TRUCK",1,47.6062,-122.3321,45.5152,-122.6784,1,0,23,117,false,"\N",3
2,"2024-10-14","RT-S05","Hops: Yakima to Brooklyn Brewery","SUP-WA","BRW-01","HOPS","TRUCK",7,46.6021,-120.5059,40.6782,-73.9442,8,0,29,89,false,"\N",6
4,"2024-10-28","RT-S05","Hops: Yakima to Brooklyn Brewery","SUP-WA","BRW-01","HOPS","TRUCK",7,46.6021,-120.5059,40.6782,-73.9442,7,0,11,109,false,"\N",10
7,"2024-11-18","RT-D08","Chicago DC to St.Louis Dist.","DC-CHI","DST-STL","FINISHED","TRUCK",1,41.8525,-87.6514,38.6270,-90.1994,2,0,23,126,false,"\N",8
4,"2024-10-28","RT-S02","Barley: N.Dakota to Chicago Brewery","SUP-ND","BRW-02","BARLEY","RAIL",3,46.8772,-96.7898,41.8881,-87.6298,4,0.125,20.9,117.7,false,"\N",16
10,"2024-12-09","RT-B06","Portland Brewery to Seattle DC","BRW-03","DC-SEA","FINISHED","TRUCK",1,45.5152,-122.6784,47.6062,-122.3321,1,0.25,20.7,134.4,true,"Ukraine-Russia War - Grain Export Disruption",37
11,"2024-12-16","RT-D06","Chicago DC to Detroit Dist.","DC-CHI","DST-DET","FINISHED","TRUCK",1,41.8525,-87.6514,42.3314,-83.0458,1,0,18,123,false,"\N",4
56,"2025-10-27","RT-S03","Barley: Idaho to Portland Brewery","SUP-ID","BRW-03","BARLEY","TRUCK",2,43.6150,-116.2023,45.5152,-122.6784,3,0.075,18.4,80.56,false,"\N",11
75,"2026-03-09","RT-B04","Chicago Brewery to Chicago DC","BRW-02","DC-CHI","FINISHED","TRUCK",1,41.8881,-87.6298,41.8525,-87.6514,1,0,23,101,false,"\N",8
42,"2025-07-21","RT-B04","Chicago Brewery to Chicago DC","BRW-02","DC-CHI","FINISHED","TRUCK",1,41.8881,-87.6298,41.8525,-87.6514,2,0.15,15,79.52,false,"Black Sea Grain Corridor Collapse",26
28,"2025-04-14","RT-D14","Seattle DC to LA Dist.","DC-SEA","DST-LAX","FINISHED","TRUCK",3,47.6062,-122.3321,34.0522,-118.2437,3,0,27,76,false,"\N",0
35,"2025-06-02","RT-S02","Barley: N.Dakota to Chicago Brewery","SUP-ND","BRW-02","BARLEY","RAIL",3,46.8772,-96.7898,41.8881,-87.6298,4,0.125,20.9,102.3,false,"\N",17
93,"2026-07-13","RT-D09","Dallas DC to Houston Dist.","DC-DAL","DST-HOU","FINISHED","TRUCK",1,32.7767,-96.7970,29.7604,-95.3698,2,0,20,105,false,"\N",3
75,"2026-03-09","RT-S07","Hops: Yakima to Portland Brewery","SUP-WA","BRW-03","HOPS","TRUCK",1,46.6021,-120.5059,45.5152,-122.6784,1,0,29,71,false,"\N",10
46,"2025-08-18","RT-D06","Chicago DC to Detroit Dist.","DC-CHI","DST-DET","FINISHED","TRUCK",1,41.8525,-87.6514,42.3314,-83.0458,1,0,29,72,false,"\N",7
58,"2025-11-10","RT-S05","Hops: Yakima to Brooklyn Brewery","SUP-WA","BRW-01","HOPS","TRUCK",7,46.6021,-120.5059,40.6782,-73.9442,8,0,21,120,false,"\N",6
74,"2026-03-02","RT-D05","Atlanta DC to Nashville Dist.","DC-ATL","DST-NSH","FINISHED","TRUCK",1,33.7537,-84.3863,36.1627,-86.7816,2,0,23,104,false,"\N",1
93,"2026-07-13","RT-S05","Hops: Yakima to Brooklyn Brewery","SUP-WA","BRW-01","HOPS","TRUCK",7,46.6021,-120.5059,40.6782,-73.9442,8,0,27,103,false,"\N",5
25,"2025-03-24","RT-D04","Atlanta DC to Tampa Dist.","DC-ATL","DST-TPA","FINISHED","TRUCK",1,33.7537,-84.3863,27.9506,-82.4572,2,0,29,84,false,"\N",6
71,"2026-02-09","RT-D10","Dallas DC to Denver Dist.","DC-DAL","DST-DEN","FINISHED","TRUCK",2,32.7767,-96.7970,39.7392,-104.9903,2,0,25,122,false,"\N",4
65,"2025-12-29","RT-D05","Atlanta DC to Nashville Dist.","DC-ATL","DST-NSH","FINISHED","TRUCK",1,33.7537,-84.3863,36.1627,-86.7816,2,0,19,75,false,"\N",0
70,"2026-02-02","RT-B02","Brooklyn Brewery to Atlanta DC","BRW-01","DC-ATL","FINISHED","TRUCK",3,40.6782,-73.9442,33.7537,-84.3863,3,0,22,106,false,"\N",0
104,"2026-09-28","RT-D14","Seattle DC to LA Dist.","DC-SEA","DST-LAX","FINISHED","TRUCK",3,47.6062,-122.3321,34.0522,-118.2437,3,0,13,113,false,"\N",1
63,"2025-12-15","RT-B04","Chicago Brewery to Chicago DC","BRW-02","DC-CHI","FINISHED","TRUCK",1,41.8881,-87.6298,41.8525,-87.6514,2,0,13,128,false,"\N",10
1,"2024-10-07","RT-D04","Atlanta DC to Tampa Dist.","DC-ATL","DST-TPA","FINISHED","TRUCK",1,33.7537,-84.3863,27.9506,-82.4572,1,0,13,85,false,"\N",1
5,"2024-11-04","RT-D05","Atlanta DC to Nashville Dist.","DC-ATL","DST-NSH","FINISHED","TRUCK",1,33.7537,-84.3863,36.1627,-86.7816,1,0,14,90,false,"\N",3
36,"2025-06-09","RT-D04","Atlanta DC to Tampa Dist.","DC-ATL","DST-TPA","FINISHED","TRUCK",1,33.7537,-84.3863,27.9506,-82.4572,1,0,16,74,false,"\N",4
35,"2025-06-02","RT-D06","Chicago DC to Detroit Dist.","DC-CHI","DST-DET","FINISHED","TRUCK",1,41.8525,-87.6514,42.3314,-83.0458,1,0,13,122,false,"\N",9
53,"2025-10-06","RT-D04","Atlanta DC to Tampa Dist.","DC-ATL","DST-TPA","FINISHED","TRUCK",1,33.7537,-84.3863,27.9506,-82.4572,1,0,25,73,false,"\N",5
28,"2025-04-14","RT-S07","Hops: Yakima to Portland Brewery","SUP-WA","BRW-03","HOPS","TRUCK",1,46.6021,-120.5059,45.5152,-122.6784,1,0,23,90,false,"\N",10
32,"2025-05-12","RT-S05","Hops: Yakima to Brooklyn Brewery","SUP-WA","BRW-01","HOPS","TRUCK",7,46.6021,-120.5059,40.6782,-73.9442,7,0,13,94,false,"\N",9
51,"2025-09-22","RT-S04","Barley: Saskatchewan to Brooklyn","SUP-SK","BRW-01","BARLEY","RAIL",6,50.4452,-104.6189,40.6782,-73.9442,6,0.075,20.4,103.88,false,"\N",15
90,"2026-06-22","RT-D05","Atlanta DC to Nashville Dist.","DC-ATL","DST-NSH","FINISHED","TRUCK",1,33.7537,-84.3863,36.1627,-86.7816,2,0,12,107,false,"\N",5
82,"2026-04-27","RT-D08","Chicago DC to St.Louis Dist.","DC-CHI","DST-STL","FINISHED","TRUCK",1,41.8525,-87.6514,38.6270,-90.1994,1,0,14,82,false,"\N",5
52,"2025-09-29","RT-D05","Atlanta DC to Nashville Dist.","DC-ATL","DST-NSH","FINISHED","TRUCK",1,33.7537,-84.3863,36.1627,-86.7816,1,0,23,82,false,"\N",6
77,"2026-03-23","RT-B01","Brooklyn Brewery to NYC DC","BRW-01","DC-NYC","FINISHED","TRUCK",1,40.6782,-73.9442,40.6501,-74.0139,1,0.18,17.6,116.69,true,"EU Export Controls on Hop Extracts",26
24,"2025-03-17","RT-S08","Hops: Germany (via Newark) to Brooklyn","SUP-DE","BRW-01","HOPS","OCEAN+TRUCK",21,40.7282,-74.1534,40.6782,-73.9442,22,0,28,85,false,"\N",8
98,"2026-08-17","RT-D04","Atlanta DC to Tampa Dist.","DC-ATL","DST-TPA","FINISHED","TRUCK",1,33.7537,-84.3863,27.9506,-82.4572,1,0,16,75,false,"\N",6
30,"2025-04-28","RT-S04","Barley: Saskatchewan to Brooklyn","SUP-SK","BRW-01","BARLEY","RAIL",6,50.4452,-104.6189,40.6782,-73.9442,8,0.125,24.7,84.7,false,"\N",25
25,"2025-03-24","RT-B03","Brooklyn Brewery to Toronto DC","BRW-01","DC-TOR","FINISHED","TRUCK",2,40.6782,-73.9442,43.6532,-79.3832,3,0.3,23.8,97.96,true,"Ukraine-Russia War - Grain Export Disruption",39
85,"2026-05-18","RT-S07","Hops: Yakima to Portland Brewery","SUP-WA","BRW-03","HOPS","TRUCK",1,46.6021,-120.5059,45.5152,-122.6784,2,0,30,107,false,"\N",3
75,"2026-03-09","RT-D06","Chicago DC to Detroit Dist.","DC-CHI","DST-DET","FINISHED","TRUCK",1,41.8525,-87.6514,42.3314,-83.0458,1,0,12,73,false,"\N",0
59,"2025-11-17","RT-S04","Barley: Saskatchewan to Brooklyn","SUP-SK","BRW-01","BARLEY","RAIL",6,50.4452,-104.6189,40.6782,-73.9442,7,0,18,78,false,"\N",1
61,"2025-12-01","RT-D11","Dallas DC to Phoenix Dist.","DC-DAL","DST-PHX","FINISHED","TRUCK",2,32.7767,-96.7970,33.4484,-112.0740,2,0,21,129,false,"\N",9
62,"2025-12-08","RT-S06","Hops: Yakima to Chicago Brewery","SUP-WA","BRW-02","HOPS","TRUCK",5,46.6021,-120.5059,41.8881,-87.6298,6,0,21,112,false,"\N",9
102,"2026-09-14","RT-D13","Seattle DC to SF Dist.","DC-SEA","DST-SFO","FINISHED","TRUCK",2,47.6062,-122.3321,37.7749,-122.4194,2,0,26,73,false,"\N",0
69,"2026-01-26","RT-B01","Brooklyn Brewery to NYC DC","BRW-01","DC-NYC","FINISHED","TRUCK",1,40.6782,-73.9442,40.6501,-74.0139,1,0,21,70,false,"\N",8
7,"2024-11-18","RT-B04","Chicago Brewery to Chicago DC","BRW-02","DC-CHI","FINISHED","TRUCK",1,41.8881,-87.6298,41.8525,-87.6514,1,0.25,11.7,151.2,true,"Ukraine-Russia War - Grain Export Disruption",37
11,"2024-12-16","RT-B06","Portland Brewery to Seattle DC","BRW-03","DC-SEA","FINISHED","TRUCK",1,45.5152,-122.6784,47.6062,-122.3321,1,0.25,16.2,154.8,true,"Ukraine-Russia War - Grain Export Disruption",34
8,"2024-11-25","RT-B03","Brooklyn Brewery to Toronto DC","BRW-01","DC-TOR","FINISHED","TRUCK",2,40.6782,-73.9442,43.6532,-79.3832,4,0.3,22.9,128.96,true,"Ukraine-Russia War - Grain Export Disruption",46
11,"2024-12-16","RT-S06","Hops: Yakima to Chicago Brewery","SUP-WA","BRW-02","HOPS","TRUCK",5,46.6021,-120.5059,41.8881,-87.6298,6,0,30,126,false,"\N",6
13,"2024-12-30","RT-B05","Chicago Brewery to Dallas DC","BRW-02","DC-DAL","FINISHED","TRUCK",3,41.8881,-87.6298,32.7767,-96.7970,5,0.25,24.3,152.4,true,"Ukraine-Russia War - Grain Export Disruption",40
13,"2024-12-30","RT-S02","Barley: N.Dakota to Chicago Brewery","SUP-ND","BRW-02","BARLEY","RAIL",3,46.8772,-96.7898,41.8881,-87.6298,3,0.125,13.3,93.5,false,"\N",21
16,"2025-01-20","RT-S08","Hops: Germany (via Newark) to Brooklyn","SUP-DE","BRW-01","HOPS","OCEAN+TRUCK",21,40.7282,-74.1534,40.6782,-73.9442,21,0,16,72,false,"\N",4
49,"2025-09-08","RT-D14","Seattle DC to LA Dist.","DC-SEA","DST-LAX","FINISHED","TRUCK",3,47.6062,-122.3321,34.0522,-118.2437,4,0,21,74,false,"\N",4
53,"2025-10-06","RT-D10","Dallas DC to Denver Dist.","DC-DAL","DST-DEN","FINISHED","TRUCK",2,32.7767,-96.7970,39.7392,-104.9903,2,0,26,75,false,"\N",9
42,"2025-07-21","RT-S02","Barley: N.Dakota to Chicago Brewery","SUP-ND","BRW-02","BARLEY","RAIL",3,46.8772,-96.7898,41.8881,-87.6298,3,0.075,19.4,80.56,false,"\N",11
56,"2025-10-27","RT-D08","Chicago DC to St.Louis Dist.","DC-CHI","DST-STL","FINISHED","TRUCK",1,41.8525,-87.6514,38.6270,-90.1994,2,0,23,119,false,"\N",8
90,"2026-06-22","RT-B05","Chicago Brewery to Dallas DC","BRW-02","DC-DAL","FINISHED","TRUCK",3,41.8881,-87.6298,32.7767,-96.7970,3,0.12,24.8,111.79,false,"Midwest Drought - Domestic Barley Belt",20
43,"2025-07-28","RT-D06","Chicago DC to Detroit Dist.","DC-CHI","DST-DET","FINISHED","TRUCK",1,41.8525,-87.6514,42.3314,-83.0458,1,0,27,107,false,"\N",10
47,"2025-08-25","RT-S01","Barley: Montana to Brooklyn Brewery","SUP-MT","BRW-01","BARLEY","RAIL",5,47.5063,-111.2813,40.6782,-73.9442,5,0.075,23.3,119.78,false,"\N",19
46,"2025-08-18","RT-D09","Dallas DC to Houston Dist.","DC-DAL","DST-HOU","FINISHED","TRUCK",1,32.7767,-96.7970,29.7604,-95.3698,2,0,21,97,false,"\N",5
92,"2026-07-06","RT-D09","Dallas DC to Houston Dist.","DC-DAL","DST-HOU","FINISHED","TRUCK",1,32.7767,-96.7970,29.7604,-95.3698,2,0,24,86,false,"\N",1
89,"2026-06-15","RT-D06","Chicago DC to Detroit Dist.","DC-CHI","DST-DET","FINISHED","TRUCK",1,41.8525,-87.6514,42.3314,-83.0458,1,0,12,99,false,"\N",3
98,"2026-08-17","RT-S04","Barley: Saskatchewan to Brooklyn","SUP-SK","BRW-01","BARLEY","RAIL",6,50.4452,-104.6189,40.6782,-73.9442,6,0.06,20.5,116.33,false,"\N",8
28,"2025-04-14","RT-D12","Seattle DC to Portland Dist.","DC-SEA","DST-PDX","FINISHED","TRUCK",1,47.6062,-122.3321,45.5152,-122.6784,1,0,12,93,false,"\N",7
87,"2026-06-01","RT-D02","NYC DC to Philadelphia Dist.","DC-NYC","DST-PHL","FINISHED","TRUCK",1,40.6501,-74.0139,39.9526,-75.1652,2,0,11,110,false,"\N",0
91,"2026-06-29","RT-D07","Chicago DC to Minneapolis Dist.","DC-CHI","DST-MSP","FINISHED","TRUCK",1,41.8525,-87.6514,44.9778,-93.2650,1,0,29,91,false,"\N",2
93,"2026-07-13","RT-B04","Chicago Brewery to Chicago DC","BRW-02","DC-CHI","FINISHED","TRUCK",1,41.8881,-87.6298,41.8525,-87.6514,2,0.12,14.3,81.1,false,"Midwest Drought - Domestic Barley Belt",15
97,"2026-08-10","RT-B01","Brooklyn Brewery to NYC DC","BRW-01","DC-NYC","FINISHED","TRUCK",1,40.6782,-73.9442,40.6501,-74.0139,1,0,24,83,false,"\N",10
75,"2026-03-09","RT-B02","Brooklyn Brewery to Atlanta DC","BRW-01","DC-ATL","FINISHED","TRUCK",3,40.6782,-73.9442,33.7537,-84.3863,3,0,10,101,false,"\N",7
67,"2026-01-12","RT-D04","Atlanta DC to Tampa Dist.","DC-ATL","DST-TPA","FINISHED","TRUCK",1,33.7537,-84.3863,27.9506,-82.4572,1,0,27,119,false,"\N",5
71,"2026-02-09","RT-S04","Barley: Saskatchewan to Brooklyn","SUP-SK","BRW-01","BARLEY","RAIL",6,50.4452,-104.6189,40.6782,-73.9442,6,0,20,114,false,"\N",8
71,"2026-02-09","RT-S01","Barley: Montana to Brooklyn Brewery","SUP-MT","BRW-01","BARLEY","RAIL",5,47.5063,-111.2813,40.6782,-73.9442,6,0,16,122,false,"\N",7
62,"2025-12-08","RT-D11","Dallas DC to Phoenix Dist.","DC-DAL","DST-PHX","FINISHED","TRUCK",2,32.7767,-96.7970,33.4484,-112.0740,2,0,15,122,false,"\N",9
72,"2026-02-16","RT-D08","Chicago DC to St.Louis Dist.","DC-CHI","DST-STL","FINISHED","TRUCK",1,41.8525,-87.6514,38.6270,-90.1994,1,0,26,91,false,"\N",5
63,"2025-12-15","RT-S01","Barley: Montana to Brooklyn Brewery","SUP-MT","BRW-01","BARLEY","RAIL",5,47.5063,-111.2813,40.6782,-73.9442,6,0,14,116,false,"\N",5
102,"2026-09-14","RT-D11","Dallas DC to Phoenix Dist.","DC-DAL","DST-PHX","FINISHED","TRUCK",2,32.7767,-96.7970,33.4484,-112.0740,3,0,19,74,false,"\N",7
10,"2024-12-09","RT-S06","Hops: Yakima to Chicago Brewery","SUP-WA","BRW-02","HOPS","TRUCK",5,46.6021,-120.5059,41.8881,-87.6298,6,0,15,81,false,"\N",3
26,"2025-03-31","RT-D08","Chicago DC to St.Louis Dist.","DC-CHI","DST-STL","FINISHED","TRUCK",1,41.8525,-87.6514,38.6270,-90.1994,1,0,25,127,false,"\N",10
8,"2024-11-25","RT-D14","Seattle DC to LA Dist.","DC-SEA","DST-LAX","FINISHED","TRUCK",3,47.6062,-122.3321,34.0522,-118.2437,4,0,12,94,false,"\N",6
12,"2024-12-23","RT-B05","Chicago Brewery to Dallas DC","BRW-02","DC-DAL","FINISHED","TRUCK",3,41.8881,-87.6298,32.7767,-96.7970,3,0.25,27,87.6,true,"Ukraine-Russia War - Grain Export Disruption",31
18,"2025-02-03","RT-D14","Seattle DC to LA Dist.","DC-SEA","DST-LAX","FINISHED","TRUCK",3,47.6062,-122.3321,34.0522,-118.2437,4,0,26,91,false,"\N",6
49,"2025-09-08","RT-S04","Barley: Saskatchewan to Brooklyn","SUP-SK","BRW-01","BARLEY","RAIL",6,50.4452,-104.6189,40.6782,-73.9442,7,0.075,28.1,74.2,false,"\N",14
48,"2025-09-01","RT-D03","Atlanta DC to Miami Dist.","DC-ATL","DST-MIA","FINISHED","TRUCK",2,33.7537,-84.3863,25.7617,-80.1918,2,0,22,92,false,"\N",2
20,"2025-02-17","RT-B04","Chicago Brewery to Chicago DC","BRW-02","DC-CHI","FINISHED","TRUCK",1,41.8881,-87.6298,41.8525,-87.6514,1,0.45,16.4,116.96,true,"Ukraine-Russia War - Grain Export Disruption",62
28,"2025-04-14","RT-B06","Portland Brewery to Seattle DC","BRW-03","DC-SEA","FINISHED","TRUCK",1,45.5152,-122.6784,47.6062,-122.3321,2,0.25,18,112.8,true,"Ukraine-Russia War - Grain Export Disruption",32
42,"2025-07-21","RT-S01","Barley: Montana to Brooklyn Brewery","SUP-MT","BRW-01","BARLEY","RAIL",5,47.5063,-111.2813,40.6782,-73.9442,6,0.075,14.6,91.16,false,"\N",11
47,"2025-08-25","RT-D02","NYC DC to Philadelphia Dist.","DC-NYC","DST-PHL","FINISHED","TRUCK",1,40.6501,-74.0139,39.9526,-75.1652,1,0,15,106,false,"\N",7
83,"2026-05-04","RT-D08","Chicago DC to St.Louis Dist.","DC-CHI","DST-STL","FINISHED","TRUCK",1,41.8525,-87.6514,38.6270,-90.1994,1,0,16,104,false,"\N",9
30,"2025-04-28","RT-B04","Chicago Brewery to Chicago DC","BRW-02","DC-CHI","FINISHED","TRUCK",1,41.8881,-87.6298,41.8525,-87.6514,1,0.25,27,114,true,"Ukraine-Russia War - Grain Export Disruption",40
94,"2026-07-20","RT-B06","Portland Brewery to Seattle DC","BRW-03","DC-SEA","FINISHED","TRUCK",1,45.5152,-122.6784,47.6062,-122.3321,1,0.12,23.8,94.26,false,"Midwest Drought - Domestic Barley Belt",15
42,"2025-07-21","RT-D04","Atlanta DC to Tampa Dist.","DC-ATL","DST-TPA","FINISHED","TRUCK",1,33.7537,-84.3863,27.9506,-82.4572,1,0,25,106,false,"\N",8
78,"2026-03-30","RT-S05","Hops: Yakima to Brooklyn Brewery","SUP-WA","BRW-01","HOPS","TRUCK",7,46.6021,-120.5059,40.6782,-73.9442,7,0,11,81,false,"\N",7
84,"2026-05-11","RT-B02","Brooklyn Brewery to Atlanta DC","BRW-01","DC-ATL","FINISHED","TRUCK",3,40.6782,-73.9442,33.7537,-84.3863,3,0,25,123,false,"\N",7
46,"2025-08-18","RT-D01","NYC DC to Boston Dist.","DC-NYC","DST-BOS","FINISHED","TRUCK",1,40.6501,-74.0139,42.3601,-71.0589,1,0,24,77,false,"\N",0
44,"2025-08-04","RT-S03","Barley: Idaho to Portland Brewery","SUP-ID","BRW-03","BARLEY","TRUCK",2,43.6150,-116.2023,45.5152,-122.6784,2,0.075,25.2,82.68,false,"\N",15
71,"2026-02-09","RT-D01","NYC DC to Boston Dist.","DC-NYC","DST-BOS","FINISHED","TRUCK",1,40.6501,-74.0139,42.3601,-71.0589,1,0,10,119,false,"\N",1
57,"2025-11-03","RT-S04","Barley: Saskatchewan to Brooklyn","SUP-SK","BRW-01","BARLEY","RAIL",6,50.4452,-104.6189,40.6782,-73.9442,6,0,20,102,false,"\N",7
102,"2026-09-14","RT-S06","Hops: Yakima to Chicago Brewery","SUP-WA","BRW-02","HOPS","TRUCK",5,46.6021,-120.5059,41.8881,-87.6298,5,0,23,90,false,"\N",3
102,"2026-09-14","RT-D02","NYC DC to Philadelphia Dist.","DC-NYC","DST-PHL","FINISHED","TRUCK",1,40.6501,-74.0139,39.9526,-75.1652,1,0,19,106,false,"\N",3
57,"2025-11-03","RT-S07","Hops: Yakima to Portland Brewery","SUP-WA","BRW-03","HOPS","TRUCK",1,46.6021,-120.5059,45.5152,-122.6784,1,0,14,99,false,"\N",1
5,"2024-11-04","RT-D12","Seattle DC to Portland Dist.","DC-SEA","DST-PDX","FINISHED","TRUCK",1,47.6062,-122.3321,45.5152,-122.6784,1,0,12,74,false,"\N",3
11,"2024-12-16","RT-D09","Dallas DC to Houston Dist.","DC-DAL","DST-HOU","FINISHED","TRUCK",1,32.7767,-96.7970,29.7604,-95.3698,2,0,23,130,false,"\N",8
13,"2024-12-30","RT-D11","Dallas DC to Phoenix Dist.","DC-DAL","DST-PHX","FINISHED","TRUCK",2,32.7767,-96.7970,33.4484,-112.0740,2,0,28,121,false,"\N",4
18,"2025-02-03","RT-S04","Barley: Saskatchewan to Brooklyn","SUP-SK","BRW-01","BARLEY","RAIL",6,50.4452,-104.6189,40.6782,-73.9442,7,0.125,28.5,140.8,false,"\N",16
22,"2025-03-03","RT-S08","Hops: Germany (via Newark) to Brooklyn","SUP-DE","BRW-01","HOPS","OCEAN+TRUCK",21,40.7282,-74.1534,40.6782,-73.9442,21,0,29,124,false,"\N",4
23,"2025-03-10","RT-D08","Chicago DC to St.Louis Dist.","DC-CHI","DST-STL","FINISHED","TRUCK",1,41.8525,-87.6514,38.6270,-90.1994,1,0,21,73,false,"\N",4
31,"2025-05-05","RT-B01","Brooklyn Brewery to NYC DC","BRW-01","DC-NYC","FINISHED","TRUCK",1,40.6782,-73.9442,40.6501,-74.0139,1,0.25,18,130.8,true,"Ukraine-Russia War - Grain Export Disruption",39
54,"2025-10-13","RT-S08","Hops: Germany (via Newark) to Brooklyn","SUP-DE","BRW-01","HOPS","OCEAN+TRUCK",21,40.7282,-74.1534,40.6782,-73.9442,21,0,20,122,false,"\N",7
27,"2025-04-07","RT-B06","Portland Brewery to Seattle DC","BRW-03","DC-SEA","FINISHED","TRUCK",1,45.5152,-122.6784,47.6062,-122.3321,2,0.25,21.6,156,true,"Ukraine-Russia War - Grain Export Disruption",40
46,"2025-08-18","RT-B01","Brooklyn Brewery to NYC DC","BRW-01","DC-NYC","FINISHED","TRUCK",1,40.6782,-73.9442,40.6501,-74.0139,1,0.15,17.9,126.56,false,"Black Sea Grain Corridor Collapse",22
50,"2025-09-15","RT-D07","Chicago DC to Minneapolis Dist.","DC-CHI","DST-MSP","FINISHED","TRUCK",1,41.8525,-87.6514,44.9778,-93.2650,1,0,10,109,false,"\N",5
50,"2025-09-15","RT-D12","Seattle DC to Portland Dist.","DC-SEA","DST-PDX","FINISHED","TRUCK",1,47.6062,-122.3321,45.5152,-122.6784,1,0,23,97,false,"\N",0
50,"2025-09-15","RT-D02","NYC DC to Philadelphia Dist.","DC-NYC","DST-PHL","FINISHED","TRUCK",1,40.6501,-74.0139,39.9526,-75.1652,1,0,26,114,false,"\N",1
95,"2026-07-27","RT-S06","Hops: Yakima to Chicago Brewery","SUP-WA","BRW-02","HOPS","TRUCK",5,46.6021,-120.5059,41.8881,-87.6298,5,0,25,86,false,"\N",5
83,"2026-05-04","RT-D14","Seattle DC to LA Dist.","DC-SEA","DST-LAX","FINISHED","TRUCK",3,47.6062,-122.3321,34.0522,-118.2437,3,0,29,92,false,"\N",10
56,"2025-10-27","RT-S02","Barley: N.Dakota to Chicago Brewery","SUP-ND","BRW-02","BARLEY","RAIL",3,46.8772,-96.7898,41.8881,-87.6298,3,0.075,28.1,118.72,false,"\N",11
80,"2026-04-13","RT-D14","Seattle DC to LA Dist.","DC-SEA","DST-LAX","FINISHED","TRUCK",3,47.6062,-122.3321,34.0522,-118.2437,3,0,29,88,false,"\N",4
6,"2024-11-11","RT-S05","Hops: Yakima to Brooklyn Brewery","SUP-WA","BRW-01","HOPS","TRUCK",7,46.6021,-120.5059,40.6782,-73.9442,8,0,26,73,false,"\N",4
98,"2026-08-17","RT-D13","Seattle DC to SF Dist.","DC-SEA","DST-SFO","FINISHED","TRUCK",2,47.6062,-122.3321,37.7749,-122.4194,2,0,11,128,false,"\N",2
93,"2026-07-13","RT-S07","Hops: Yakima to Portland Brewery","SUP-WA","BRW-03","HOPS","TRUCK",1,46.6021,-120.5059,45.5152,-122.6784,1,0,28,109,false,"\N",10
75,"2026-03-09","RT-S05","Hops: Yakima to Brooklyn Brewery","SUP-WA","BRW-01","HOPS","TRUCK",7,46.6021,-120.5059,40.6782,-73.9442,7,0,23,93,false,"\N",1
83,"2026-05-04","RT-D05","Atlanta DC to Nashville Dist.","DC-ATL","DST-NSH","FINISHED","TRUCK",1,33.7537,-84.3863,36.1627,-86.7816,2,0,10,98,false,"\N",6
25,"2025-03-24","RT-D02","NYC DC to Philadelphia Dist.","DC-NYC","DST-PHL","FINISHED","TRUCK",1,40.6501,-74.0139,39.9526,-75.1652,1,0,17,106,false,"\N",7
67,"2026-01-12","RT-B04","Chicago Brewery to Chicago DC","BRW-02","DC-CHI","FINISHED","TRUCK",1,41.8881,-87.6298,41.8525,-87.6514,1,0,19,70,false,"\N",9
61,"2025-12-01","RT-D04","Atlanta DC to Tampa Dist.","DC-ATL","DST-TPA","FINISHED","TRUCK",1,33.7537,-84.3863,27.9506,-82.4572,1,0,18,117,false,"\N",3
57,"2025-11-03","RT-B03","Brooklyn Brewery to Toronto DC","BRW-01","DC-TOR","FINISHED","TRUCK",2,40.6782,-73.9442,43.6532,-79.3832,2,0,16,96,false,"\N",7
69,"2026-01-26","RT-S05","Hops: Yakima to Brooklyn Brewery","SUP-WA","BRW-01","HOPS","TRUCK",7,46.6021,-120.5059,40.6782,-73.9442,7,0,18,122,false,"\N",0
3,"2024-10-21","RT-D11","Dallas DC to Phoenix Dist.","DC-DAL","DST-PHX","FINISHED","TRUCK",2,32.7767,-96.7970,33.4484,-112.0740,3,0,10,102,false,"\N",2
4,"2024-10-28","RT-B01","Brooklyn Brewery to NYC DC","BRW-01","DC-NYC","FINISHED","TRUCK",1,40.6782,-73.9442,40.6501,-74.0139,1,0.25,9.9,133.2,true,"Ukraine-Russia War - Grain Export Disruption",40
5,"2024-11-04","RT-S05","Hops: Yakima to Brooklyn Brewery","SUP-WA","BRW-01","HOPS","TRUCK",7,46.6021,-120.5059,40.6782,-73.9442,8,0,18,113,false,"\N",2
7,"2024-11-18","RT-D05","Atlanta DC to Nashville Dist.","DC-ATL","DST-NSH","FINISHED","TRUCK",1,33.7537,-84.3863,36.1627,-86.7816,2,0,11,114,false,"\N",0
14,"2025-01-06","RT-B05","Chicago Brewery to Dallas DC","BRW-02","DC-DAL","FINISHED","TRUCK",3,41.8881,-87.6298,32.7767,-96.7970,4,0.25,27,133.2,true,"Ukraine-Russia War - Grain Export Disruption",34
16,"2025-01-20","RT-D09","Dallas DC to Houston Dist.","DC-DAL","DST-HOU","FINISHED","TRUCK",1,32.7767,-96.7970,29.7604,-95.3698,1,0,17,89,false,"\N",5
17,"2025-01-27","RT-D05","Atlanta DC to Nashville Dist.","DC-ATL","DST-NSH","FINISHED","TRUCK",1,33.7537,-84.3863,36.1627,-86.7816,1,0,22,108,false,"\N",2
23,"2025-03-10","RT-D07","Chicago DC to Minneapolis Dist.","DC-CHI","DST-MSP","FINISHED","TRUCK",1,41.8525,-87.6514,44.9778,-93.2650,1,0,10,72,false,"\N",1
24,"2025-03-17","RT-D02","NYC DC to Philadelphia Dist.","DC-NYC","DST-PHL","FINISHED","TRUCK",1,40.6501,-74.0139,39.9526,-75.1652,1,0,28,83,false,"\N",6
34,"2025-05-26","RT-D14","Seattle DC to LA Dist.","DC-SEA","DST-LAX","FINISHED","TRUCK",3,47.6062,-122.3321,34.0522,-118.2437,3,0,18,77,false,"\N",3
16,"2025-01-20","RT-D05","Atlanta DC to Nashville Dist.","DC-ATL","DST-NSH","FINISHED","TRUCK",1,33.7537,-84.3863,36.1627,-86.7816,2,0,24,109,false,"\N",8
36,"2025-06-09","RT-S06","Hops: Yakima to Chicago Brewery","SUP-WA","BRW-02","HOPS","TRUCK",5,46.6021,-120.5059,41.8881,-87.6298,6,0,26,81,false,"\N",0
28,"2025-04-14","RT-B02","Brooklyn Brewery to Atlanta DC","BRW-01","DC-ATL","FINISHED","TRUCK",3,40.6782,-73.9442,33.7537,-84.3863,3,0.25,24.3,154.8,true,"Ukraine-Russia War - Grain Export Disruption",36
32,"2025-05-12","RT-D13","Seattle DC to SF Dist.","DC-SEA","DST-SFO","FINISHED","TRUCK",2,47.6062,-122.3321,37.7749,-122.4194,2,0,29,113,false,"\N",2
94,"2026-07-20","RT-D13","Seattle DC to SF Dist.","DC-SEA","DST-SFO","FINISHED","TRUCK",2,47.6062,-122.3321,37.7749,-122.4194,2,0,11,108,false,"\N",10
17,"2025-01-27","RT-B04","Chicago Brewery to Chicago DC","BRW-02","DC-CHI","FINISHED","TRUCK",1,41.8881,-87.6298,41.8525,-87.6514,1,0.45,16.4,104.72,true,"Ukraine-Russia War - Grain Export Disruption",59
48,"2025-09-01","RT-D12","Seattle DC to Portland Dist.","DC-SEA","DST-PDX","FINISHED","TRUCK",1,47.6062,-122.3321,45.5152,-122.6784,1,0,24,127,false,"\N",6
56,"2025-10-27","RT-D12","Seattle DC to Portland Dist.","DC-SEA","DST-PDX","FINISHED","TRUCK",1,47.6062,-122.3321,45.5152,-122.6784,2,0,25,97,false,"\N",1
81,"2026-04-20","RT-B05","Chicago Brewery to Dallas DC","BRW-02","DC-DAL","FINISHED","TRUCK",3,41.8881,-87.6298,32.7767,-96.7970,3,0,30,99,false,"\N",6
35,"2025-06-02","RT-D10","Dallas DC to Denver Dist.","DC-DAL","DST-DEN","FINISHED","TRUCK",2,32.7767,-96.7970,39.7392,-104.9903,3,0,28,80,false,"\N",0
97,"2026-08-10","RT-S05","Hops: Yakima to Brooklyn Brewery","SUP-WA","BRW-01","HOPS","TRUCK",7,46.6021,-120.5059,40.6782,-73.9442,8,0,30,92,false,"\N",9
85,"2026-05-18","RT-D05","Atlanta DC to Nashville Dist.","DC-ATL","DST-NSH","FINISHED","TRUCK",1,33.7537,-84.3863,36.1627,-86.7816,2,0,26,100,false,"\N",8
71,"2026-02-09","RT-B05","Chicago Brewery to Dallas DC","BRW-02","DC-DAL","FINISHED","TRUCK",3,41.8881,-87.6298,32.7767,-96.7970,4,0,17,114,false,"\N",0
61,"2025-12-01","RT-D06","Chicago DC to Detroit Dist.","DC-CHI","DST-DET","FINISHED","TRUCK",1,41.8525,-87.6514,42.3314,-83.0458,1,0,27,120,false,"\N",8
62,"2025-12-08","RT-D10","Dallas DC to Denver Dist.","DC-DAL","DST-DEN","FINISHED","TRUCK",2,32.7767,-96.7970,39.7392,-104.9903,3,0,22,90,false,"\N",0
65,"2025-12-29","RT-S02","Barley: N.Dakota to Chicago Brewery","SUP-ND","BRW-02","BARLEY","RAIL",3,46.8772,-96.7898,41.8881,-87.6298,3,0,22,118,false,"\N",3
66,"2026-01-05","RT-B06","Portland Brewery to Seattle DC","BRW-03","DC-SEA","FINISHED","TRUCK",1,45.5152,-122.6784,47.6062,-122.3321,2,0,29,101,false,"\N",3
4,"2024-10-28","RT-S07","Hops: Yakima to Portland Brewery","SUP-WA","BRW-03","HOPS","TRUCK",1,46.6021,-120.5059,45.5152,-122.6784,2,0,11,126,false,"\N",9
10,"2024-12-09","RT-S03","Barley: Idaho to Portland Brewery","SUP-ID","BRW-03","BARLEY","TRUCK",2,43.6150,-116.2023,45.5152,-122.6784,3,0.125,16.2,78.1,false,"\N",20
22,"2025-03-03","RT-D07","Chicago DC to Minneapolis Dist.","DC-CHI","DST-MSP","FINISHED","TRUCK",1,41.8525,-87.6514,44.9778,-93.2650,1,0,12,83,false,"\N",1
26,"2025-03-31","RT-D09","Dallas DC to Houston Dist.","DC-DAL","DST-HOU","FINISHED","TRUCK",1,32.7767,-96.7970,29.7604,-95.3698,2,0,30,91,false,"\N",0
78,"2026-03-30","RT-D03","Atlanta DC to Miami Dist.","DC-ATL","DST-MIA","FINISHED","TRUCK",2,33.7537,-84.3863,25.7617,-80.1918,2,0,27,123,false,"\N",5
92,"2026-07-06","RT-B04","Chicago Brewery to Chicago DC","BRW-02","DC-CHI","FINISHED","TRUCK",1,41.8881,-87.6298,41.8525,-87.6514,1,0.12,28.6,117.27,false,"Midwest Drought - Domestic Barley Belt",22
56,"2025-10-27","RT-D10","Dallas DC to Denver Dist.","DC-DAL","DST-DEN","FINISHED","TRUCK",2,32.7767,-96.7970,39.7392,-104.9903,2,0,18,84,false,"\N",6
80,"2026-04-13","RT-D07","Chicago DC to Minneapolis Dist.","DC-CHI","DST-MSP","FINISHED","TRUCK",1,41.8525,-87.6514,44.9778,-93.2650,2,0,10,105,false,"\N",2
42,"2025-07-21","RT-D02","NYC DC to Philadelphia Dist.","DC-NYC","DST-PHL","FINISHED","TRUCK",1,40.6501,-74.0139,39.9526,-75.1652,1,0,30,86,false,"\N",4
47,"2025-08-25","RT-D01","NYC DC to Boston Dist.","DC-NYC","DST-BOS","FINISHED","TRUCK",1,40.6501,-74.0139,42.3601,-71.0589,1,0,22,125,false,"\N",0
2,"2024-10-14","RT-D08","Chicago DC to St.Louis Dist.","DC-CHI","DST-STL","FINISHED","TRUCK",1,41.8525,-87.6514,38.6270,-90.1994,2,0,27,77,false,"\N",8
4,"2024-10-28","RT-S04","Barley: Saskatchewan to Brooklyn","SUP-SK","BRW-01","BARLEY","RAIL",6,50.4452,-104.6189,40.6782,-73.9442,7,0.125,16.2,78.1,false,"\N",23
5,"2024-11-04","RT-B04","Chicago Brewery to Chicago DC","BRW-02","DC-CHI","FINISHED","TRUCK",1,41.8881,-87.6298,41.8525,-87.6514,2,0.25,17.1,156,true,"Ukraine-Russia War - Grain Export Disruption",36
6,"2024-11-11","RT-B04","Chicago Brewery to Chicago DC","BRW-02","DC-CHI","FINISHED","TRUCK",1,41.8881,-87.6298,41.8525,-87.6514,1,0.25,11.7,92.4,true,"Ukraine-Russia War - Grain Export Disruption",33
5,"2024-11-04","RT-S08","Hops: Germany (via Newark) to Brooklyn","SUP-DE","BRW-01","HOPS","OCEAN+TRUCK",21,40.7282,-74.1534,40.6782,-73.9442,22,0,17,106,false,"\N",5
13,"2024-12-30","RT-D06","Chicago DC to Detroit Dist.","DC-CHI","DST-DET","FINISHED","TRUCK",1,41.8525,-87.6514,42.3314,-83.0458,1,0,19,114,false,"\N",6
2,"2024-10-14","RT-D03","Atlanta DC to Miami Dist.","DC-ATL","DST-MIA","FINISHED","TRUCK",2,33.7537,-84.3863,25.7617,-80.1918,3,0,17,99,false,"\N",10
8,"2024-11-25","RT-B06","Portland Brewery to Seattle DC","BRW-03","DC-SEA","FINISHED","TRUCK",1,45.5152,-122.6784,47.6062,-122.3321,1,0.25,26.1,136.8,true,"Ukraine-Russia War - Grain Export Disruption",39
12,"2024-12-23","RT-D08","Chicago DC to St.Louis Dist.","DC-CHI","DST-STL","FINISHED","TRUCK",1,41.8525,-87.6514,38.6270,-90.1994,1,0,22,129,false,"\N",2
23,"2025-03-10","RT-S01","Barley: Montana to Brooklyn Brewery","SUP-MT","BRW-01","BARLEY","RAIL",5,47.5063,-111.2813,40.6782,-73.9442,5,0.125,23.8,93.5,false,"\N",18
74,"2026-03-02","RT-D06","Chicago DC to Detroit Dist.","DC-CHI","DST-DET","FINISHED","TRUCK",1,41.8525,-87.6514,42.3314,-83.0458,1,0,11,121,false,"\N",10
51,"2025-09-22","RT-S02","Barley: N.Dakota to Chicago Brewery","SUP-ND","BRW-02","BARLEY","RAIL",3,46.8772,-96.7898,41.8881,-87.6298,3,0.075,18.4,118.72,false,"\N",13
46,"2025-08-18","RT-S02","Barley: N.Dakota to Chicago Brewery","SUP-ND","BRW-02","BARLEY","RAIL",3,46.8772,-96.7898,41.8881,-87.6298,3,0.075,24.3,116.6,false,"\N",16
97,"2026-08-10","RT-D02","NYC DC to Philadelphia Dist.","DC-NYC","DST-PHL","FINISHED","TRUCK",1,40.6501,-74.0139,39.9526,-75.1652,1,0,19,86,false,"\N",7
80,"2026-04-13","RT-D08","Chicago DC to St.Louis Dist.","DC-CHI","DST-STL","FINISHED","TRUCK",1,41.8525,-87.6514,38.6270,-90.1994,1,0,18,120,false,"\N",10
55,"2025-10-20","RT-S05","Hops: Yakima to Brooklyn Brewery","SUP-WA","BRW-01","HOPS","TRUCK",7,46.6021,-120.5059,40.6782,-73.9442,7,0,24,119,false,"\N",9
100,"2026-08-31","RT-S05","Hops: Yakima to Brooklyn Brewery","SUP-WA","BRW-01","HOPS","TRUCK",7,46.6021,-120.5059,40.6782,-73.9442,7,0,20,97,false,"\N",3
25,"2025-03-24","RT-D12","Seattle DC to Portland Dist.","DC-SEA","DST-PDX","FINISHED","TRUCK",1,47.6062,-122.3321,45.5152,-122.6784,1,0,30,71,false,"\N",5
77,"2026-03-23","RT-B02","Brooklyn Brewery to Atlanta DC","BRW-01","DC-ATL","FINISHED","TRUCK",3,40.6782,-73.9442,33.7537,-84.3863,4,0,11,77,false,"\N",8
90,"2026-06-22","RT-S01","Barley: Montana to Brooklyn Brewery","SUP-MT","BRW-01","BARLEY","RAIL",5,47.5063,-111.2813,40.6782,-73.9442,6,0.06,28.3,111.09,false,"\N",8
47,"2025-08-25","RT-S06","Hops: Yakima to Chicago Brewery","SUP-WA","BRW-02","HOPS","TRUCK",5,46.6021,-120.5059,41.8881,-87.6298,6,0.35,10.3,135.68,true,"\N",47
33,"2025-05-19","RT-B04","Chicago Brewery to Chicago DC","BRW-02","DC-CHI","FINISHED","TRUCK",1,41.8881,-87.6298,41.8525,-87.6514,1,0.4,11.8,150.48,true,"Ukraine-Russia War - Grain Export Disruption",52
78,"2026-03-30","RT-S07","Hops: Yakima to Portland Brewery","SUP-WA","BRW-03","HOPS","TRUCK",1,46.6021,-120.5059,45.5152,-122.6784,1,0,21,110,false,"\N",4
98,"2026-08-17","RT-S08","Hops: Germany (via Newark) to Brooklyn","SUP-DE","BRW-01","HOPS","OCEAN+TRUCK",21,40.7282,-74.1534,40.6782,-73.9442,21,0,19,124,false,"\N",6
100,"2026-08-31","RT-S03","Barley: Idaho to Portland Brewery","SUP-ID","BRW-03","BARLEY","TRUCK",2,43.6150,-116.2023,45.5152,-122.6784,2,0.06,9.8,80.7,false,"\N",8
89,"2026-06-15","RT-B01","Brooklyn Brewery to NYC DC","BRW-01","DC-NYC","FINISHED","TRUCK",1,40.6782,-73.9442,40.6501,-74.0139,2,0.18,22.3,117.83,true,"EU Export Controls on Hop Extracts",25
58,"2025-11-10","RT-D09","Dallas DC to Houston Dist.","DC-DAL","DST-HOU","FINISHED","TRUCK",1,32.7767,-96.7970,29.7604,-95.3698,2,0,14,122,false,"\N",7
60,"2025-11-24","RT-B05","Chicago Brewery to Dallas DC","BRW-02","DC-DAL","FINISHED","TRUCK",3,41.8881,-87.6298,32.7767,-96.7970,3,0,26,71,false,"\N",7
67,"2026-01-12","RT-D13","Seattle DC to SF Dist.","DC-SEA","DST-SFO","FINISHED","TRUCK",2,47.6062,-122.3321,37.7749,-122.4194,3,0,22,88,false,"\N",5
57,"2025-11-03","RT-D11","Dallas DC to Phoenix Dist.","DC-DAL","DST-PHX","FINISHED","TRUCK",2,32.7767,-96.7970,33.4484,-112.0740,2,0,28,109,false,"\N",1
102,"2026-09-14","RT-B05","Chicago Brewery to Dallas DC","BRW-02","DC-DAL","FINISHED","TRUCK",3,41.8881,-87.6298,32.7767,-96.7970,3,0,29,75,false,"\N",3
7,"2024-11-18","RT-B02","Brooklyn Brewery to Atlanta DC","BRW-01","DC-ATL","FINISHED","TRUCK",3,40.6782,-73.9442,33.7537,-84.3863,4,0.55,13.3,119.52,true,"Ukraine-Russia War - Grain Export Disruption",68
8,"2024-11-25","RT-B04","Chicago Brewery to Chicago DC","BRW-02","DC-CHI","FINISHED","TRUCK",1,41.8881,-87.6298,41.8525,-87.6514,1,0.25,24.3,140.4,true,"Ukraine-Russia War - Grain Export Disruption",38
13,"2024-12-30","RT-S04","Barley: Saskatchewan to Brooklyn","SUP-SK","BRW-01","BARLEY","RAIL",6,50.4452,-104.6189,40.6782,-73.9442,7,0.125,9.5,136.4,false,"\N",17
32,"2025-05-12","RT-D14","Seattle DC to LA Dist.","DC-SEA","DST-LAX","FINISHED","TRUCK",3,47.6062,-122.3321,34.0522,-118.2437,4,0,27,99,false,"\N",9
47,"2025-08-25","RT-D12","Seattle DC to Portland Dist.","DC-SEA","DST-PDX","FINISHED","TRUCK",1,47.6062,-122.3321,45.5152,-122.6784,2,0,23,86,false,"\N",0
12,"2024-12-23","RT-S05","Hops: Yakima to Brooklyn Brewery","SUP-WA","BRW-01","HOPS","TRUCK",7,46.6021,-120.5059,40.6782,-73.9442,8,0,29,120,false,"\N",9
21,"2025-02-24","RT-D07","Chicago DC to Minneapolis Dist.","DC-CHI","DST-MSP","FINISHED","TRUCK",1,41.8525,-87.6514,44.9778,-93.2650,1,0,24,86,false,"\N",3
36,"2025-06-09","RT-B01","Brooklyn Brewery to NYC DC","BRW-01","DC-NYC","FINISHED","TRUCK",1,40.6782,-73.9442,40.6501,-74.0139,2,0.25,21.6,93.6,true,"Ukraine-Russia War - Grain Export Disruption",31
80,"2026-04-13","RT-S01","Barley: Montana to Brooklyn Brewery","SUP-MT","BRW-01","BARLEY","RAIL",5,47.5063,-111.2813,40.6782,-73.9442,5,0,14,105,false,"\N",0
93,"2026-07-13","RT-S01","Barley: Montana to Brooklyn Brewery","SUP-MT","BRW-01","BARLEY","RAIL",5,47.5063,-111.2813,40.6782,-73.9442,5,0.06,17.6,117.38,false,"\N",12
30,"2025-04-28","RT-D04","Atlanta DC to Tampa Dist.","DC-ATL","DST-TPA","FINISHED","TRUCK",1,33.7537,-84.3863,27.9506,-82.4572,2,0,22,112,false,"\N",10
77,"2026-03-23","RT-D13","Seattle DC to SF Dist.","DC-SEA","DST-SFO","FINISHED","TRUCK",2,47.6062,-122.3321,37.7749,-122.4194,2,0,13,88,false,"\N",8
22,"2025-03-03","RT-D09","Dallas DC to Houston Dist.","DC-DAL","DST-HOU","FINISHED","TRUCK",1,32.7767,-96.7970,29.7604,-95.3698,1,0,15,84,false,"\N",8
45,"2025-08-11","RT-B02","Brooklyn Brewery to Atlanta DC","BRW-01","DC-ATL","FINISHED","TRUCK",3,40.6782,-73.9442,33.7537,-84.3863,4,0.15,23.5,103.04,false,"Black Sea Grain Corridor Collapse",21
52,"2025-09-29","RT-D14","Seattle DC to LA Dist.","DC-SEA","DST-LAX","FINISHED","TRUCK",3,47.6062,-122.3321,34.0522,-118.2437,4,0,24,84,false,"\N",1
23,"2025-03-10","RT-D06","Chicago DC to Detroit Dist.","DC-CHI","DST-DET","FINISHED","TRUCK",1,41.8525,-87.6514,42.3314,-83.0458,2,0,21,85,false,"\N",8
64,"2025-12-22","RT-D05","Atlanta DC to Nashville Dist.","DC-ATL","DST-NSH","FINISHED","TRUCK",1,33.7537,-84.3863,36.1627,-86.7816,1,0,27,93,false,"\N",0
64,"2025-12-22","RT-D14","Seattle DC to LA Dist.","DC-SEA","DST-LAX","FINISHED","TRUCK",3,47.6062,-122.3321,34.0522,-118.2437,3,0,14,82,false,"\N",3
61,"2025-12-01","RT-D14","Seattle DC to LA Dist.","DC-SEA","DST-LAX","FINISHED","TRUCK",3,47.6062,-122.3321,34.0522,-118.2437,3,0,30,108,false,"\N",6
73,"2026-02-23","RT-B06","Portland Brewery to Seattle DC","BRW-03","DC-SEA","FINISHED","TRUCK",1,45.5152,-122.6784,47.6062,-122.3321,2,0,29,118,false,"\N",1
11,"2024-12-16","RT-B03","Brooklyn Brewery to Toronto DC","BRW-01","DC-TOR","FINISHED","TRUCK",2,40.6782,-73.9442,43.6532,-79.3832,3,0.3,19.4,141.36,true,"Ukraine-Russia War - Grain Export Disruption",44
5,"2024-11-04","RT-S01","Barley: Montana to Brooklyn Brewery","SUP-MT","BRW-01","BARLEY","RAIL",5,47.5063,-111.2813,40.6782,-73.9442,7,0.125,13.3,119.9,false,"\N",21
7,"2024-11-18","RT-D06","Chicago DC to Detroit Dist.","DC-CHI","DST-DET","FINISHED","TRUCK",1,41.8525,-87.6514,42.3314,-83.0458,1,0,23,92,false,"\N",8
13,"2024-12-30","RT-S05","Hops: Yakima to Brooklyn Brewery","SUP-WA","BRW-01","HOPS","TRUCK",7,46.6021,-120.5059,40.6782,-73.9442,8,0,13,77,false,"\N",6
26,"2025-03-31","RT-D04","Atlanta DC to Tampa Dist.","DC-ATL","DST-TPA","FINISHED","TRUCK",1,33.7537,-84.3863,27.9506,-82.4572,1,0,22,96,false,"\N",8
34,"2025-05-26","RT-D01","NYC DC to Boston Dist.","DC-NYC","DST-BOS","FINISHED","TRUCK",1,40.6501,-74.0139,42.3601,-71.0589,1,0,27,74,false,"\N",7
9,"2024-12-02","RT-S07","Hops: Yakima to Portland Brewery","SUP-WA","BRW-03","HOPS","TRUCK",1,46.6021,-120.5059,45.5152,-122.6784,2,0,26,73,false,"\N",5
24,"2025-03-17","RT-D06","Chicago DC to Detroit Dist.","DC-CHI","DST-DET","FINISHED","TRUCK",1,41.8525,-87.6514,42.3314,-83.0458,1,0,25,95,false,"\N",1
79,"2026-04-06","RT-D01","NYC DC to Boston Dist.","DC-NYC","DST-BOS","FINISHED","TRUCK",1,40.6501,-74.0139,42.3601,-71.0589,1,0,28,75,false,"\N",7
82,"2026-04-27","RT-D01","NYC DC to Boston Dist.","DC-NYC","DST-BOS","FINISHED","TRUCK",1,40.6501,-74.0139,42.3601,-71.0589,1,0,20,103,false,"\N",4
97,"2026-08-10","RT-B04","Chicago Brewery to Chicago DC","BRW-02","DC-CHI","FINISHED","TRUCK",1,41.8881,-87.6298,41.8525,-87.6514,2,0.3,26.4,146.32,true,"Midwest Drought - Domestic Barley Belt",36
98,"2026-08-17","RT-D11","Dallas DC to Phoenix Dist.","DC-DAL","DST-PHX","FINISHED","TRUCK",2,32.7767,-96.7970,33.4484,-112.0740,3,0,25,121,false,"\N",1
85,"2026-05-18","RT-B02","Brooklyn Brewery to Atlanta DC","BRW-01","DC-ATL","FINISHED","TRUCK",3,40.6782,-73.9442,33.7537,-84.3863,3,0,24,106,false,"\N",1
89,"2026-06-15","RT-D14","Seattle DC to LA Dist.","DC-SEA","DST-LAX","FINISHED","TRUCK",3,47.6062,-122.3321,34.0522,-118.2437,3,0,13,70,false,"\N",7
64,"2025-12-22","RT-D10","Dallas DC to Denver Dist.","DC-DAL","DST-DEN","FINISHED","TRUCK",2,32.7767,-96.7970,39.7392,-104.9903,2,0,20,105,false,"\N",0
64,"2025-12-22","RT-D01","NYC DC to Boston Dist.","DC-NYC","DST-BOS","FINISHED","TRUCK",1,40.6501,-74.0139,42.3601,-71.0589,1,0,26,117,false,"\N",8
59,"2025-11-17","RT-D02","NYC DC to Philadelphia Dist.","DC-NYC","DST-PHL","FINISHED","TRUCK",1,40.6501,-74.0139,39.9526,-75.1652,1,0,24,80,false,"\N",3
72,"2026-02-16","RT-D02","NYC DC to Philadelphia Dist.","DC-NYC","DST-PHL","FINISHED","TRUCK",1,40.6501,-74.0139,39.9526,-75.1652,1,0,24,125,false,"\N",8
57,"2025-11-03","RT-D07","Chicago DC to Minneapolis Dist.","DC-CHI","DST-MSP","FINISHED","TRUCK",1,41.8525,-87.6514,44.9778,-93.2650,1,0,25,105,false,"\N",7
103,"2026-09-21","RT-D06","Chicago DC to Detroit Dist.","DC-CHI","DST-DET","FINISHED","TRUCK",1,41.8525,-87.6514,42.3314,-83.0458,2,0,14,121,false,"\N",6
65,"2025-12-29","RT-D07","Chicago DC to Minneapolis Dist.","DC-CHI","DST-MSP","FINISHED","TRUCK",1,41.8525,-87.6514,44.9778,-93.2650,1,0,10,107,false,"\N",1
34,"2025-05-26","RT-B06","Portland Brewery to Seattle DC","BRW-03","DC-SEA","FINISHED","TRUCK",1,45.5152,-122.6784,47.6062,-122.3321,1,0.25,14.4,93.6,true,"Ukraine-Russia War - Grain Export Disruption",40
10,"2024-12-09","RT-B05","Chicago Brewery to Dallas DC","BRW-02","DC-DAL","FINISHED","TRUCK",3,41.8881,-87.6298,32.7767,-96.7970,5,0.25,18.9,92.4,true,"Ukraine-Russia War - Grain Export Disruption",40
24,"2025-03-17","RT-S06","Hops: Yakima to Chicago Brewery","SUP-WA","BRW-02","HOPS","TRUCK",5,46.6021,-120.5059,41.8881,-87.6298,6,0,15,103,false,"\N",1
39,"2025-06-30","RT-D01","NYC DC to Boston Dist.","DC-NYC","DST-BOS","FINISHED","TRUCK",1,40.6501,-74.0139,42.3601,-71.0589,1,0,21,71,false,"\N",3
49,"2025-09-08","RT-B04","Chicago Brewery to Chicago DC","BRW-02","DC-CHI","FINISHED","TRUCK",1,41.8881,-87.6298,41.8525,-87.6514,2,0.15,11.3,120.96,false,"Black Sea Grain Corridor Collapse",28
91,"2026-06-29","RT-D01","NYC DC to Boston Dist.","DC-NYC","DST-BOS","FINISHED","TRUCK",1,40.6501,-74.0139,42.3601,-71.0589,1,0,25,79,false,"\N",2
83,"2026-05-04","RT-S07","Hops: Yakima to Portland Brewery","SUP-WA","BRW-03","HOPS","TRUCK",1,46.6021,-120.5059,45.5152,-122.6784,1,0,24,123,false,"\N",2
77,"2026-03-23","RT-D05","Atlanta DC to Nashville Dist.","DC-ATL","DST-NSH","FINISHED","TRUCK",1,33.7537,-84.3863,36.1627,-86.7816,2,0,10,125,false,"\N",1
77,"2026-03-23","RT-D14","Seattle DC to LA Dist.","DC-SEA","DST-LAX","FINISHED","TRUCK",3,47.6062,-122.3321,34.0522,-118.2437,4,0,28,100,false,"\N",1
54,"2025-10-13","RT-B06","Portland Brewery to Seattle DC","BRW-03","DC-SEA","FINISHED","TRUCK",1,45.5152,-122.6784,47.6062,-122.3321,1,0.15,22.6,117.6,false,"Black Sea Grain Corridor Collapse",27
33,"2025-05-19","RT-B05","Chicago Brewery to Dallas DC","BRW-02","DC-DAL","FINISHED","TRUCK",3,41.8881,-87.6298,32.7767,-96.7970,3,0.25,20.7,129.6,true,"Ukraine-Russia War - Grain Export Disruption",40
97,"2026-08-10","RT-D10","Dallas DC to Denver Dist.","DC-DAL","DST-DEN","FINISHED","TRUCK",2,32.7767,-96.7970,39.7392,-104.9903,2,0,16,93,false,"\N",6
86,"2026-05-25","RT-B06","Portland Brewery to Seattle DC","BRW-03","DC-SEA","FINISHED","TRUCK",1,45.5152,-122.6784,47.6062,-122.3321,1,0.18,14.8,120.12,true,"EU Export Controls on Hop Extracts",29
66,"2026-01-05","RT-S03","Barley: Idaho to Portland Brewery","SUP-ID","BRW-03","BARLEY","TRUCK",2,43.6150,-116.2023,45.5152,-122.6784,3,0,16,120,false,"\N",2
70,"2026-02-02","RT-S08","Hops: Germany (via Newark) to Brooklyn","SUP-DE","BRW-01","HOPS","OCEAN+TRUCK",21,40.7282,-74.1534,40.6782,-73.9442,22,0,21,117,false,"\N",8
70,"2026-02-02","RT-D05","Atlanta DC to Nashville Dist.","DC-ATL","DST-NSH","FINISHED","TRUCK",1,33.7537,-84.3863,36.1627,-86.7816,2,0,10,89,false,"\N",6
72,"2026-02-16","RT-B06","Portland Brewery to Seattle DC","BRW-03","DC-SEA","FINISHED","TRUCK",1,45.5152,-122.6784,47.6062,-122.3321,1,0,15,87,false,"\N",2
57,"2025-11-03","RT-D09","Dallas DC to Houston Dist.","DC-DAL","DST-HOU","FINISHED","TRUCK",1,32.7767,-96.7970,29.7604,-95.3698,1,0,14,84,false,"\N",8
63,"2025-12-15","RT-D03","Atlanta DC to Miami Dist.","DC-ATL","DST-MIA","FINISHED","TRUCK",2,33.7537,-84.3863,25.7617,-80.1918,3,0,12,103,false,"\N",6
5,"2024-11-04","RT-B01","Brooklyn Brewery to NYC DC","BRW-01","DC-NYC","FINISHED","TRUCK",1,40.6782,-73.9442,40.6501,-74.0139,1,0.25,15.3,153.6,true,"Ukraine-Russia War - Grain Export Disruption",39
10,"2024-12-09","RT-S01","Barley: Montana to Brooklyn Brewery","SUP-MT","BRW-01","BARLEY","RAIL",5,47.5063,-111.2813,40.6782,-73.9442,5,0.125,10.5,114.4,false,"\N",25
15,"2025-01-13","RT-D14","Seattle DC to LA Dist.","DC-SEA","DST-LAX","FINISHED","TRUCK",3,47.6062,-122.3321,34.0522,-118.2437,4,0,15,119,false,"\N",7
16,"2025-01-20","RT-S07","Hops: Yakima to Portland Brewery","SUP-WA","BRW-03","HOPS","TRUCK",1,46.6021,-120.5059,45.5152,-122.6784,2,0,12,130,false,"\N",4
54,"2025-10-13","RT-B01","Brooklyn Brewery to NYC DC","BRW-01","DC-NYC","FINISHED","TRUCK",1,40.6782,-73.9442,40.6501,-74.0139,1,0.15,17.9,103.04,false,"Black Sea Grain Corridor Collapse",20
45,"2025-08-11","RT-D10","Dallas DC to Denver Dist.","DC-DAL","DST-DEN","FINISHED","TRUCK",2,32.7767,-96.7970,39.7392,-104.9903,3,0,11,90,false,"\N",9
7,"2024-11-18","RT-B06","Portland Brewery to Seattle DC","BRW-03","DC-SEA","FINISHED","TRUCK",1,45.5152,-122.6784,47.6062,-122.3321,2,0.25,10.8,141.6,true,"Ukraine-Russia War - Grain Export Disruption",34
53,"2025-10-06","RT-B01","Brooklyn Brewery to NYC DC","BRW-01","DC-NYC","FINISHED","TRUCK",1,40.6782,-73.9442,40.6501,-74.0139,1,0.15,22.6,118.72,false,"Black Sea Grain Corridor Collapse",24
20,"2025-02-17","RT-D09","Dallas DC to Houston Dist.","DC-DAL","DST-HOU","FINISHED","TRUCK",1,32.7767,-96.7970,29.7604,-95.3698,1,0,22,122,false,"\N",7
88,"2026-06-08","RT-D03","Atlanta DC to Miami Dist.","DC-ATL","DST-MIA","FINISHED","TRUCK",2,33.7537,-84.3863,25.7617,-80.1918,2,0,24,86,false,"\N",10
80,"2026-04-13","RT-D05","Atlanta DC to Nashville Dist.","DC-ATL","DST-NSH","FINISHED","TRUCK",1,33.7537,-84.3863,36.1627,-86.7816,1,0,10,114,false,"\N",7
78,"2026-03-30","RT-D12","Seattle DC to Portland Dist.","DC-SEA","DST-PDX","FINISHED","TRUCK",1,47.6062,-122.3321,45.5152,-122.6784,1,0,22,102,false,"\N",8
79,"2026-04-06","RT-B03","Brooklyn Brewery to Toronto DC","BRW-01","DC-TOR","FINISHED","TRUCK",2,40.6782,-73.9442,43.6532,-79.3832,2,0.18,13.9,126.98,true,"EU Export Controls on Hop Extracts",31
96,"2026-08-03","RT-S08","Hops: Germany (via Newark) to Brooklyn","SUP-DE","BRW-01","HOPS","OCEAN+TRUCK",21,40.7282,-74.1534,40.6782,-73.9442,22,0,22,87,false,"\N",1
43,"2025-07-28","RT-D14","Seattle DC to LA Dist.","DC-SEA","DST-LAX","FINISHED","TRUCK",3,47.6062,-122.3321,34.0522,-118.2437,4,0,21,88,false,"\N",1
75,"2026-03-09","RT-D02","NYC DC to Philadelphia Dist.","DC-NYC","DST-PHL","FINISHED","TRUCK",1,40.6501,-74.0139,39.9526,-75.1652,1,0,24,127,false,"\N",4
61,"2025-12-01","RT-D12","Seattle DC to Portland Dist.","DC-SEA","DST-PDX","FINISHED","TRUCK",1,47.6062,-122.3321,45.5152,-122.6784,2,0,25,119,false,"\N",2
61,"2025-12-01","RT-B02","Brooklyn Brewery to Atlanta DC","BRW-01","DC-ATL","FINISHED","TRUCK",3,40.6782,-73.9442,33.7537,-84.3863,4,0,12,98,false,"\N",3
72,"2026-02-16","RT-D07","Chicago DC to Minneapolis Dist.","DC-CHI","DST-MSP","FINISHED","TRUCK",1,41.8525,-87.6514,44.9778,-93.2650,1,0,19,87,false,"\N",3
104,"2026-09-28","RT-S07","Hops: Yakima to Portland Brewery","SUP-WA","BRW-03","HOPS","TRUCK",1,46.6021,-120.5059,45.5152,-122.6784,1,0,26,74,false,"\N",7
2,"2024-10-14","RT-D04","Atlanta DC to Tampa Dist.","DC-ATL","DST-TPA","FINISHED","TRUCK",1,33.7537,-84.3863,27.9506,-82.4572,2,0,10,93,false,"\N",4
8,"2024-11-25","RT-D03","Atlanta DC to Miami Dist.","DC-ATL","DST-MIA","FINISHED","TRUCK",2,33.7537,-84.3863,25.7617,-80.1918,2,0,22,95,false,"\N",3
11,"2024-12-16","RT-S03","Barley: Idaho to Portland Brewery","SUP-ID","BRW-03","BARLEY","TRUCK",2,43.6150,-116.2023,45.5152,-122.6784,2,0.125,10.5,138.6,false,"\N",19
17,"2025-01-27","RT-D01","NYC DC to Boston Dist.","DC-NYC","DST-BOS","FINISHED","TRUCK",1,40.6501,-74.0139,42.3601,-71.0589,2,0,11,130,false,"\N",7
39,"2025-06-30","RT-D10","Dallas DC to Denver Dist.","DC-DAL","DST-DEN","FINISHED","TRUCK",2,32.7767,-96.7970,39.7392,-104.9903,2,0,15,111,false,"\N",10
37,"2025-06-16","RT-D14","Seattle DC to LA Dist.","DC-SEA","DST-LAX","FINISHED","TRUCK",3,47.6062,-122.3321,34.0522,-118.2437,3,0,17,71,false,"\N",5
74,"2026-03-02","RT-D01","NYC DC to Boston Dist.","DC-NYC","DST-BOS","FINISHED","TRUCK",1,40.6501,-74.0139,42.3601,-71.0589,1,0,16,111,false,"\N",4
25,"2025-03-24","RT-D03","Atlanta DC to Miami Dist.","DC-ATL","DST-MIA","FINISHED","TRUCK",2,33.7537,-84.3863,25.7617,-80.1918,2,0,27,89,false,"\N",8
81,"2026-04-20","RT-D04","Atlanta DC to Tampa Dist.","DC-ATL","DST-TPA","FINISHED","TRUCK",1,33.7537,-84.3863,27.9506,-82.4572,2,0,18,83,false,"\N",7
81,"2026-04-20","RT-B06","Portland Brewery to Seattle DC","BRW-03","DC-SEA","FINISHED","TRUCK",1,45.5152,-122.6784,47.6062,-122.3321,2,0.18,15.8,89.23,true,"EU Export Controls on Hop Extracts",26
43,"2025-07-28","RT-S01","Barley: Montana to Brooklyn Brewery","SUP-MT","BRW-01","BARLEY","RAIL",5,47.5063,-111.2813,40.6782,-73.9442,6,0.075,26.2,133.56,false,"\N",19
65,"2025-12-29","RT-D08","Chicago DC to St.Louis Dist.","DC-CHI","DST-STL","FINISHED","TRUCK",1,41.8525,-87.6514,38.6270,-90.1994,1,0,20,70,false,"\N",1
72,"2026-02-16","RT-B03","Brooklyn Brewery to Toronto DC","BRW-01","DC-TOR","FINISHED","TRUCK",2,40.6782,-73.9442,43.6532,-79.3832,3,0,14,106,false,"\N",2
104,"2026-09-28","RT-S05","Hops: Yakima to Brooklyn Brewery","SUP-WA","BRW-01","HOPS","TRUCK",7,46.6021,-120.5059,40.6782,-73.9442,7,0,13,102,false,"\N",5
3,"2024-10-21","RT-D09","Dallas DC to Houston Dist.","DC-DAL","DST-HOU","FINISHED","TRUCK",1,32.7767,-96.7970,29.7604,-95.3698,2,0,23,91,false,"\N",1
13,"2024-12-30","RT-S01","Barley: Montana to Brooklyn Brewery","SUP-MT","BRW-01","BARLEY","RAIL",5,47.5063,-111.2813,40.6782,-73.9442,6,0.125,22.8,86.9,false,"\N",17
36,"2025-06-09","RT-S02","Barley: N.Dakota to Chicago Brewery","SUP-ND","BRW-02","BARLEY","RAIL",3,46.8772,-96.7898,41.8881,-87.6298,4,0.125,22.8,89.1,false,"\N",22
47,"2025-08-25","RT-D11","Dallas DC to Phoenix Dist.","DC-DAL","DST-PHX","FINISHED","TRUCK",2,32.7767,-96.7970,33.4484,-112.0740,2,0,26,88,false,"\N",7
84,"2026-05-11","RT-D01","NYC DC to Boston Dist.","DC-NYC","DST-BOS","FINISHED","TRUCK",1,40.6501,-74.0139,42.3601,-71.0589,1,0,15,130,false,"\N",10
6,"2024-11-11","RT-D02","NYC DC to Philadelphia Dist.","DC-NYC","DST-PHL","FINISHED","TRUCK",1,40.6501,-74.0139,39.9526,-75.1652,2,0,25,95,false,"\N",2
90,"2026-06-22","RT-D01","NYC DC to Boston Dist.","DC-NYC","DST-BOS","FINISHED","TRUCK",1,40.6501,-74.0139,42.3601,-71.0589,1,0,27,87,false,"\N",7
90,"2026-06-22","RT-D03","Atlanta DC to Miami Dist.","DC-ATL","DST-MIA","FINISHED","TRUCK",2,33.7537,-84.3863,25.7617,-80.1918,3,0,21,111,false,"\N",9
47,"2025-08-25","RT-S03","Barley: Idaho to Portland Brewery","SUP-ID","BRW-03","BARLEY","TRUCK",2,43.6150,-116.2023,45.5152,-122.6784,2,0.075,22.3,130.38,false,"\N",17
96,"2026-08-03","RT-D08","Chicago DC to St.Louis Dist.","DC-CHI","DST-STL","FINISHED","TRUCK",1,41.8525,-87.6514,38.6270,-90.1994,1,0,24,127,false,"\N",4
33,"2025-05-19","RT-B02","Brooklyn Brewery to Atlanta DC","BRW-01","DC-ATL","FINISHED","TRUCK",3,40.6782,-73.9442,33.7537,-84.3863,4,0.25,15.3,136.8,true,"Ukraine-Russia War - Grain Export Disruption",36
92,"2026-07-06","RT-D04","Atlanta DC to Tampa Dist.","DC-ATL","DST-TPA","FINISHED","TRUCK",1,33.7537,-84.3863,27.9506,-82.4572,2,0,27,119,false,"\N",8
75,"2026-03-09","RT-S08","Hops: Germany (via Newark) to Brooklyn","SUP-DE","BRW-01","HOPS","OCEAN+TRUCK",21,40.7282,-74.1534,40.6782,-73.9442,22,0,16,100,false,"\N",9
75,"2026-03-09","RT-D13","Seattle DC to SF Dist.","DC-SEA","DST-SFO","FINISHED","TRUCK",2,47.6062,-122.3321,37.7749,-122.4194,2,0,22,102,false,"\N",9
29,"2025-04-21","RT-D10","Dallas DC to Denver Dist.","DC-DAL","DST-DEN","FINISHED","TRUCK",2,32.7767,-96.7970,39.7392,-104.9903,2,0,20,116,false,"\N",10
45,"2025-08-11","RT-S03","Barley: Idaho to Portland Brewery","SUP-ID","BRW-03","BARLEY","TRUCK",2,43.6150,-116.2023,45.5152,-122.6784,2,0.075,26.2,80.56,false,"\N",11
100,"2026-08-31","RT-D06","Chicago DC to Detroit Dist.","DC-CHI","DST-DET","FINISHED","TRUCK",1,41.8525,-87.6514,42.3314,-83.0458,1,0,24,116,false,"\N",7
86,"2026-05-25","RT-D03","Atlanta DC to Miami Dist.","DC-ATL","DST-MIA","FINISHED","TRUCK",2,33.7537,-84.3863,25.7617,-80.1918,3,0,13,126,false,"\N",10
92,"2026-07-06","RT-S01","Barley: Montana to Brooklyn Brewery","SUP-MT","BRW-01","BARLEY","RAIL",5,47.5063,-111.2813,40.6782,-73.9442,5,0.06,25.4,74.41,false,"\N",17
25,"2025-03-24","RT-S03","Barley: Idaho to Portland Brewery","SUP-ID","BRW-03","BARLEY","TRUCK",2,43.6150,-116.2023,45.5152,-122.6784,2,0.125,21.8,104.5,false,"\N",22
75,"2026-03-09","RT-B05","Chicago Brewery to Dallas DC","BRW-02","DC-DAL","FINISHED","TRUCK",3,41.8881,-87.6298,32.7767,-96.7970,3,0,30,112,false,"\N",1
60,"2025-11-24","RT-S06","Hops: Yakima to Chicago Brewery","SUP-WA","BRW-02","HOPS","TRUCK",5,46.6021,-120.5059,41.8881,-87.6298,5,0,20,81,false,"\N",2
64,"2025-12-22","RT-S02","Barley: N.Dakota to Chicago Brewery","SUP-ND","BRW-02","BARLEY","RAIL",3,46.8772,-96.7898,41.8881,-87.6298,3,0,13,71,false,"\N",8
70,"2026-02-02","RT-B01","Brooklyn Brewery to NYC DC","BRW-01","DC-NYC","FINISHED","TRUCK",1,40.6782,-73.9442,40.6501,-74.0139,2,0,22,74,false,"\N",5
73,"2026-02-23","RT-S07","Hops: Yakima to Portland Brewery","SUP-WA","BRW-03","HOPS","TRUCK",1,46.6021,-120.5059,45.5152,-122.6784,1,0,14,124,false,"\N",8
104,"2026-09-28","RT-D05","Atlanta DC to Nashville Dist.","DC-ATL","DST-NSH","FINISHED","TRUCK",1,33.7537,-84.3863,36.1627,-86.7816,1,0,10,112,false,"\N",1
3,"2024-10-21","RT-S04","Barley: Saskatchewan to Brooklyn","SUP-SK","BRW-01","BARLEY","RAIL",6,50.4452,-104.6189,40.6782,-73.9442,7,0.125,22.8,92.4,false,"\N",23
49,"2025-09-08","RT-D11","Dallas DC to Phoenix Dist.","DC-DAL","DST-PHX","FINISHED","TRUCK",2,32.7767,-96.7970,33.4484,-112.0740,2,0,13,85,false,"\N",4
42,"2025-07-21","RT-D06","Chicago DC to Detroit Dist.","DC-CHI","DST-DET","FINISHED","TRUCK",1,41.8525,-87.6514,42.3314,-83.0458,2,0,13,115,false,"\N",0
98,"2026-08-17","RT-D09","Dallas DC to Houston Dist.","DC-DAL","DST-HOU","FINISHED","TRUCK",1,32.7767,-96.7970,29.7604,-95.3698,1,0,16,79,false,"\N",6
53,"2025-10-06","RT-D09","Dallas DC to Houston Dist.","DC-DAL","DST-HOU","FINISHED","TRUCK",1,32.7767,-96.7970,29.7604,-95.3698,1,0,14,130,false,"\N",6
1,"2024-10-07","RT-B04","Chicago Brewery to Chicago DC","BRW-02","DC-CHI","FINISHED","TRUCK",1,41.8881,-87.6298,41.8525,-87.6514,1,0.25,24.3,116.4,true,"Ukraine-Russia War - Grain Export Disruption",31
3,"2024-10-21","RT-S05","Hops: Yakima to Brooklyn Brewery","SUP-WA","BRW-01","HOPS","TRUCK",7,46.6021,-120.5059,40.6782,-73.9442,8,0,14,115,false,"\N",7
17,"2025-01-27","RT-D14","Seattle DC to LA Dist.","DC-SEA","DST-LAX","FINISHED","TRUCK",3,47.6062,-122.3321,34.0522,-118.2437,3,0,29,76,false,"\N",10
90,"2026-06-22","RT-S03","Barley: Idaho to Portland Brewery","SUP-ID","BRW-03","BARLEY","TRUCK",2,43.6150,-116.2023,45.5152,-122.6784,2,0.06,17.6,76.5,false,"\N",13
23,"2025-03-10","RT-B02","Brooklyn Brewery to Atlanta DC","BRW-01","DC-ATL","FINISHED","TRUCK",3,40.6782,-73.9442,33.7537,-84.3863,3,0.25,13.5,108,true,"Ukraine-Russia War - Grain Export Disruption",40
89,"2026-06-15","RT-D08","Chicago DC to St.Louis Dist.","DC-CHI","DST-STL","FINISHED","TRUCK",1,41.8525,-87.6514,38.6270,-90.1994,1,0,29,109,false,"\N",4
33,"2025-05-19","RT-D03","Atlanta DC to Miami Dist.","DC-ATL","DST-MIA","FINISHED","TRUCK",2,33.7537,-84.3863,25.7617,-80.1918,2,0,19,103,false,"\N",7
35,"2025-06-02","RT-D14","Seattle DC to LA Dist.","DC-SEA","DST-LAX","FINISHED","TRUCK",3,47.6062,-122.3321,34.0522,-118.2437,4,0,25,120,false,"\N",7
93,"2026-07-13","RT-D14","Seattle DC to LA Dist.","DC-SEA","DST-LAX","FINISHED","TRUCK",3,47.6062,-122.3321,34.0522,-118.2437,3,0,19,70,false,"\N",6
83,"2026-05-04","RT-B04","Chicago Brewery to Chicago DC","BRW-02","DC-CHI","FINISHED","TRUCK",1,41.8881,-87.6298,41.8525,-87.6514,2,0,16,122,false,"\N",6
44,"2025-08-04","RT-S04","Barley: Saskatchewan to Brooklyn","SUP-SK","BRW-01","BARLEY","RAIL",6,50.4452,-104.6189,40.6782,-73.9442,6,0.075,29.1,89.04,false,"\N",17
19,"2025-02-10","RT-S05","Hops: Yakima to Brooklyn Brewery","SUP-WA","BRW-01","HOPS","TRUCK",7,46.6021,-120.5059,40.6782,-73.9442,8,0,16,95,false,"\N",2
43,"2025-07-28","RT-D09","Dallas DC to Houston Dist.","DC-DAL","DST-HOU","FINISHED","TRUCK",1,32.7767,-96.7970,29.7604,-95.3698,1,0,10,112,false,"\N",6
94,"2026-07-20","RT-D04","Atlanta DC to Tampa Dist.","DC-ATL","DST-TPA","FINISHED","TRUCK",1,33.7537,-84.3863,27.9506,-82.4572,1,0,25,87,false,"\N",10
75,"2026-03-09","RT-D10","Dallas DC to Denver Dist.","DC-DAL","DST-DEN","FINISHED","TRUCK",2,32.7767,-96.7970,39.7392,-104.9903,2,0,18,98,false,"\N",3
67,"2026-01-12","RT-D03","Atlanta DC to Miami Dist.","DC-ATL","DST-MIA","FINISHED","TRUCK",2,33.7537,-84.3863,25.7617,-80.1918,2,0,17,111,false,"\N",8
72,"2026-02-16","RT-D03","Atlanta DC to Miami Dist.","DC-ATL","DST-MIA","FINISHED","TRUCK",2,33.7537,-84.3863,25.7617,-80.1918,3,0,23,99,false,"\N",2
5,"2024-11-04","RT-B03","Brooklyn Brewery to Toronto DC","BRW-01","DC-TOR","FINISHED","TRUCK",2,40.6782,-73.9442,43.6532,-79.3832,2,0.25,21.6,118.8,true,"Ukraine-Russia War - Grain Export Disruption",30
18,"2025-02-03","RT-S01","Barley: Montana to Brooklyn Brewery","SUP-MT","BRW-01","BARLEY","RAIL",5,47.5063,-111.2813,40.6782,-73.9442,6,0.125,24.7,88,false,"\N",20
8,"2024-11-25","RT-D11","Dallas DC to Phoenix Dist.","DC-DAL","DST-PHX","FINISHED","TRUCK",2,32.7767,-96.7970,33.4484,-112.0740,2,0,10,122,false,"\N",5
24,"2025-03-17","RT-S02","Barley: N.Dakota to Chicago Brewery","SUP-ND","BRW-02","BARLEY","RAIL",3,46.8772,-96.7898,41.8881,-87.6298,4,0.125,12.4,82.5,false,"\N",23
74,"2026-03-02","RT-D12","Seattle DC to Portland Dist.","DC-SEA","DST-PDX","FINISHED","TRUCK",1,47.6062,-122.3321,45.5152,-122.6784,1,0,24,71,false,"\N",6
83,"2026-05-04","RT-D07","Chicago DC to Minneapolis Dist.","DC-CHI","DST-MSP","FINISHED","TRUCK",1,41.8525,-87.6514,44.9778,-93.2650,1,0,20,85,false,"\N",0
14,"2025-01-06","RT-S01","Barley: Montana to Brooklyn Brewery","SUP-MT","BRW-01","BARLEY","RAIL",5,47.5063,-111.2813,40.6782,-73.9442,7,0.125,9.5,134.2,false,"\N",25
15,"2025-01-13","RT-D12","Seattle DC to Portland Dist.","DC-SEA","DST-PDX","FINISHED","TRUCK",1,47.6062,-122.3321,45.5152,-122.6784,2,0,18,108,false,"\N",10
31,"2025-05-05","RT-S07","Hops: Yakima to Portland Brewery","SUP-WA","BRW-03","HOPS","TRUCK",1,46.6021,-120.5059,45.5152,-122.6784,1,0,25,130,false,"\N",8
51,"2025-09-22","RT-B02","Brooklyn Brewery to Atlanta DC","BRW-01","DC-ATL","FINISHED","TRUCK",3,40.6782,-73.9442,33.7537,-84.3863,3,0.15,23.5,109.76,false,"Black Sea Grain Corridor Collapse",23
19,"2025-02-10","RT-B05","Chicago Brewery to Dallas DC","BRW-02","DC-DAL","FINISHED","TRUCK",3,41.8881,-87.6298,32.7767,-96.7970,5,0.25,16.2,106.8,true,"Ukraine-Russia War - Grain Export Disruption",36
33,"2025-05-19","RT-D07","Chicago DC to Minneapolis Dist.","DC-CHI","DST-MSP","FINISHED","TRUCK",1,41.8525,-87.6514,44.9778,-93.2650,2,0,28,76,false,"\N",3
91,"2026-06-29","RT-S03","Barley: Idaho to Portland Brewery","SUP-ID","BRW-03","BARLEY","TRUCK",2,43.6150,-116.2023,45.5152,-122.6784,3,0.06,22.4,126.81,false,"\N",14
83,"2026-05-04","RT-S06","Hops: Yakima to Chicago Brewery","SUP-WA","BRW-02","HOPS","TRUCK",5,46.6021,-120.5059,41.8881,-87.6298,5,0,26,87,false,"\N",7
99,"2026-08-24","RT-D04","Atlanta DC to Tampa Dist.","DC-ATL","DST-TPA","FINISHED","TRUCK",1,33.7537,-84.3863,27.9506,-82.4572,2,0,16,129,false,"\N",5
92,"2026-07-06","RT-D13","Seattle DC to SF Dist.","DC-SEA","DST-SFO","FINISHED","TRUCK",2,47.6062,-122.3321,37.7749,-122.4194,2,0,16,114,false,"\N",10
95,"2026-07-27","RT-D01","NYC DC to Boston Dist.","DC-NYC","DST-BOS","FINISHED","TRUCK",1,40.6501,-74.0139,42.3601,-71.0589,1,0,16,108,false,"\N",5
74,"2026-03-02","RT-D02","NYC DC to Philadelphia Dist.","DC-NYC","DST-PHL","FINISHED","TRUCK",1,40.6501,-74.0139,39.9526,-75.1652,1,0,27,104,false,"\N",4
91,"2026-06-29","RT-S08","Hops: Germany (via Newark) to Brooklyn","SUP-DE","BRW-01","HOPS","OCEAN+TRUCK",21,40.7282,-74.1534,40.6782,-73.9442,22,0,19,100,false,"\N",0
48,"2025-09-01","RT-S03","Barley: Idaho to Portland Brewery","SUP-ID","BRW-03","BARLEY","TRUCK",2,43.6150,-116.2023,45.5152,-122.6784,3,0.075,19.4,133.56,false,"\N",11
42,"2025-07-21","RT-B06","Portland Brewery to Seattle DC","BRW-03","DC-SEA","FINISHED","TRUCK",1,45.5152,-122.6784,47.6062,-122.3321,1,0.15,19.7,107.52,false,"Black Sea Grain Corridor Collapse",28
41,"2025-07-14","RT-D01","NYC DC to Boston Dist.","DC-NYC","DST-BOS","FINISHED","TRUCK",1,40.6501,-74.0139,42.3601,-71.0589,1,0,28,106,false,"\N",10
97,"2026-08-10","RT-S01","Barley: Montana to Brooklyn Brewery","SUP-MT","BRW-01","BARLEY","RAIL",5,47.5063,-111.2813,40.6782,-73.9442,5,0.06,26.4,84.89,false,"\N",11
68,"2026-01-19","RT-D03","Atlanta DC to Miami Dist.","DC-ATL","DST-MIA","FINISHED","TRUCK",2,33.7537,-84.3863,25.7617,-80.1918,2,0,16,73,false,"\N",1
65,"2025-12-29","RT-B02","Brooklyn Brewery to Atlanta DC","BRW-01","DC-ATL","FINISHED","TRUCK",3,40.6782,-73.9442,33.7537,-84.3863,3,0,27,91,false,"\N",3
69,"2026-01-26","RT-S01","Barley: Montana to Brooklyn Brewery","SUP-MT","BRW-01","BARLEY","RAIL",5,47.5063,-111.2813,40.6782,-73.9442,5,0,28,70,false,"\N",0
72,"2026-02-16","RT-D09","Dallas DC to Houston Dist.","DC-DAL","DST-HOU","FINISHED","TRUCK",1,32.7767,-96.7970,29.7604,-95.3698,1,0,17,114,false,"\N",1
1,"2024-10-07","RT-D01","NYC DC to Boston Dist.","DC-NYC","DST-BOS","FINISHED","TRUCK",1,40.6501,-74.0139,42.3601,-71.0589,2,0,25,97,false,"\N",10
3,"2024-10-21","RT-B03","Brooklyn Brewery to Toronto DC","BRW-01","DC-TOR","FINISHED","TRUCK",2,40.6782,-73.9442,43.6532,-79.3832,3,0.25,16.2,99.6,true,"Ukraine-Russia War - Grain Export Disruption",34
12,"2024-12-23","RT-S04","Barley: Saskatchewan to Brooklyn","SUP-SK","BRW-01","BARLEY","RAIL",6,50.4452,-104.6189,40.6782,-73.9442,7,0.125,18.1,126.5,false,"\N",15
14,"2025-01-06","RT-D04","Atlanta DC to Tampa Dist.","DC-ATL","DST-TPA","FINISHED","TRUCK",1,33.7537,-84.3863,27.9506,-82.4572,1,0,18,123,false,"\N",5
16,"2025-01-20","RT-B05","Chicago Brewery to Dallas DC","BRW-02","DC-DAL","FINISHED","TRUCK",3,41.8881,-87.6298,32.7767,-96.7970,3,0.25,18,105.6,true,"Ukraine-Russia War - Grain Export Disruption",32
21,"2025-02-24","RT-S03","Barley: Idaho to Portland Brewery","SUP-ID","BRW-03","BARLEY","TRUCK",2,43.6150,-116.2023,45.5152,-122.6784,2,0.125,28.5,121,false,"\N",25
9,"2024-12-02","RT-D06","Chicago DC to Detroit Dist.","DC-CHI","DST-DET","FINISHED","TRUCK",1,41.8525,-87.6514,42.3314,-83.0458,2,0,20,78,false,"\N",4
48,"2025-09-01","RT-D05","Atlanta DC to Nashville Dist.","DC-ATL","DST-NSH","FINISHED","TRUCK",1,33.7537,-84.3863,36.1627,-86.7816,1,0,11,107,false,"\N",6
17,"2025-01-27","RT-D06","Chicago DC to Detroit Dist.","DC-CHI","DST-DET","FINISHED","TRUCK",1,41.8525,-87.6514,42.3314,-83.0458,2,0,18,97,false,"\N",7
24,"2025-03-17","RT-B01","Brooklyn Brewery to NYC DC","BRW-01","DC-NYC","FINISHED","TRUCK",1,40.6782,-73.9442,40.6501,-74.0139,1,0.4,21.8,129.36,true,"Ukraine-Russia War - Grain Export Disruption",52
32,"2025-05-12","RT-B02","Brooklyn Brewery to Atlanta DC","BRW-01","DC-ATL","FINISHED","TRUCK",3,40.6782,-73.9442,33.7537,-84.3863,3,0.25,15.3,134.4,true,"Ukraine-Russia War - Grain Export Disruption",37
48,"2025-09-01","RT-D01","NYC DC to Boston Dist.","DC-NYC","DST-BOS","FINISHED","TRUCK",1,40.6501,-74.0139,42.3601,-71.0589,1,0,21,82,false,"\N",3
56,"2025-10-27","RT-B03","Brooklyn Brewery to Toronto DC","BRW-01","DC-TOR","FINISHED","TRUCK",2,40.6782,-73.9442,43.6532,-79.3832,2,0.15,18.8,103.04,false,"Black Sea Grain Corridor Collapse",18
29,"2025-04-21","RT-D12","Seattle DC to Portland Dist.","DC-SEA","DST-PDX","FINISHED","TRUCK",1,47.6062,-122.3321,45.5152,-122.6784,1,0,16,118,false,"\N",2
29,"2025-04-21","RT-D06","Chicago DC to Detroit Dist.","DC-CHI","DST-DET","FINISHED","TRUCK",1,41.8525,-87.6514,42.3314,-83.0458,2,0,18,86,false,"\N",2
84,"2026-05-11","RT-B05","Chicago Brewery to Dallas DC","BRW-02","DC-DAL","FINISHED","TRUCK",3,41.8881,-87.6298,32.7767,-96.7970,3,0,19,89,false,"\N",9
90,"2026-06-22","RT-D02","NYC DC to Philadelphia Dist.","DC-NYC","DST-PHL","FINISHED","TRUCK",1,40.6501,-74.0139,39.9526,-75.1652,2,0,19,115,false,"\N",6
94,"2026-07-20","RT-D06","Chicago DC to Detroit Dist.","DC-CHI","DST-DET","FINISHED","TRUCK",1,41.8525,-87.6514,42.3314,-83.0458,1,0,15,111,false,"\N",5
43,"2025-07-28","RT-B02","Brooklyn Brewery to Atlanta DC","BRW-01","DC-ATL","FINISHED","TRUCK",3,40.6782,-73.9442,33.7537,-84.3863,3,0.15,23.5,135.52,false,"Black Sea Grain Corridor Collapse",21
96,"2026-08-03","RT-D05","Atlanta DC to Nashville Dist.","DC-ATL","DST-NSH","FINISHED","TRUCK",1,33.7537,-84.3863,36.1627,-86.7816,1,0,14,98,false,"\N",2
22,"2025-03-03","RT-S02","Barley: N.Dakota to Chicago Brewery","SUP-ND","BRW-02","BARLEY","RAIL",3,46.8772,-96.7898,41.8881,-87.6298,3,0.125,16.2,104.5,false,"\N",25
39,"2025-06-30","RT-D12","Seattle DC to Portland Dist.","DC-SEA","DST-PDX","FINISHED","TRUCK",1,47.6062,-122.3321,45.5152,-122.6784,2,0,17,101,false,"\N",4
39,"2025-06-30","RT-D03","Atlanta DC to Miami Dist.","DC-ATL","DST-MIA","FINISHED","TRUCK",2,33.7537,-84.3863,25.7617,-80.1918,3,0,13,80,false,"\N",8
32,"2025-05-12","RT-B05","Chicago Brewery to Dallas DC","BRW-02","DC-DAL","FINISHED","TRUCK",3,41.8881,-87.6298,32.7767,-96.7970,3,0.25,27,96,true,"Ukraine-Russia War - Grain Export Disruption",32
94,"2026-07-20","RT-B02","Brooklyn Brewery to Atlanta DC","BRW-01","DC-ATL","FINISHED","TRUCK",3,40.6782,-73.9442,33.7537,-84.3863,3,0,30,72,false,"\N",7
40,"2025-07-07","RT-D09","Dallas DC to Houston Dist.","DC-DAL","DST-HOU","FINISHED","TRUCK",1,32.7767,-96.7970,29.7604,-95.3698,1,0,29,76,false,"\N",6
27,"2025-04-07","RT-D01","NYC DC to Boston Dist.","DC-NYC","DST-BOS","FINISHED","TRUCK",1,40.6501,-74.0139,42.3601,-71.0589,1,0,25,109,false,"\N",0
55,"2025-10-20","RT-D01","NYC DC to Boston Dist.","DC-NYC","DST-BOS","FINISHED","TRUCK",1,40.6501,-74.0139,42.3601,-71.0589,2,0,10,108,false,"\N",8
68,"2026-01-19","RT-B04","Chicago Brewery to Chicago DC","BRW-02","DC-CHI","FINISHED","TRUCK",1,41.8881,-87.6298,41.8525,-87.6514,1,0,18,107,false,"\N",0
71,"2026-02-09","RT-B06","Portland Brewery to Seattle DC","BRW-03","DC-SEA","FINISHED","TRUCK",1,45.5152,-122.6784,47.6062,-122.3321,1,0,28,94,false,"\N",1
62,"2025-12-08","RT-B02","Brooklyn Brewery to Atlanta DC","BRW-01","DC-ATL","FINISHED","TRUCK",3,40.6782,-73.9442,33.7537,-84.3863,4,0,25,128,false,"\N",10
65,"2025-12-29","RT-B06","Portland Brewery to Seattle DC","BRW-03","DC-SEA","FINISHED","TRUCK",1,45.5152,-122.6784,47.6062,-122.3321,1,0,20,99,false,"\N",7
70,"2026-02-02","RT-D13","Seattle DC to SF Dist.","DC-SEA","DST-SFO","FINISHED","TRUCK",2,47.6062,-122.3321,37.7749,-122.4194,2,0,23,80,false,"\N",6
104,"2026-09-28","RT-B03","Brooklyn Brewery to Toronto DC","BRW-01","DC-TOR","FINISHED","TRUCK",2,40.6782,-73.9442,43.6532,-79.3832,3,0,12,109,false,"\N",7
69,"2026-01-26","RT-B06","Portland Brewery to Seattle DC","BRW-03","DC-SEA","FINISHED","TRUCK",1,45.5152,-122.6784,47.6062,-122.3321,2,0,19,122,false,"\N",4
101,"2026-09-07","RT-B06","Portland Brewery to Seattle DC","BRW-03","DC-SEA","FINISHED","TRUCK",1,45.5152,-122.6784,47.6062,-122.3321,1,0,22,79,false,"\N",4
16,"2025-01-20","RT-S01","Barley: Montana to Brooklyn Brewery","SUP-MT","BRW-01","BARLEY","RAIL",5,47.5063,-111.2813,40.6782,-73.9442,6,0.125,28.5,77,false,"\N",17
41,"2025-07-14","RT-D11","Dallas DC to Phoenix Dist.","DC-DAL","DST-PHX","FINISHED","TRUCK",2,32.7767,-96.7970,33.4484,-112.0740,2,0,30,86,false,"\N",7
19,"2025-02-10","RT-D14","Seattle DC to LA Dist.","DC-SEA","DST-LAX","FINISHED","TRUCK",3,47.6062,-122.3321,34.0522,-118.2437,3,0,12,78,false,"\N",5
34,"2025-05-26","RT-S01","Barley: Montana to Brooklyn Brewery","SUP-MT","BRW-01","BARLEY","RAIL",5,47.5063,-111.2813,40.6782,-73.9442,7,0.125,10.5,136.4,false,"\N",18
74,"2026-03-02","RT-B05","Chicago Brewery to Dallas DC","BRW-02","DC-DAL","FINISHED","TRUCK",3,41.8881,-87.6298,32.7767,-96.7970,4,0,29,110,false,"\N",6
50,"2025-09-15","RT-D09","Dallas DC to Houston Dist.","DC-DAL","DST-HOU","FINISHED","TRUCK",1,32.7767,-96.7970,29.7604,-95.3698,1,0,29,129,false,"\N",10
50,"2025-09-15","RT-D05","Atlanta DC to Nashville Dist.","DC-ATL","DST-NSH","FINISHED","TRUCK",1,33.7537,-84.3863,36.1627,-86.7816,1,0,23,98,false,"\N",6
86,"2026-05-25","RT-D06","Chicago DC to Detroit Dist.","DC-CHI","DST-DET","FINISHED","TRUCK",1,41.8525,-87.6514,42.3314,-83.0458,2,0,28,107,false,"\N",5
81,"2026-04-20","RT-D05","Atlanta DC to Nashville Dist.","DC-ATL","DST-NSH","FINISHED","TRUCK",1,33.7537,-84.3863,36.1627,-86.7816,1,0,29,114,false,"\N",1
30,"2025-04-28","RT-S07","Hops: Yakima to Portland Brewery","SUP-WA","BRW-03","HOPS","TRUCK",1,46.6021,-120.5059,45.5152,-122.6784,1,0,17,105,false,"\N",6
68,"2026-01-19","RT-B02","Brooklyn Brewery to Atlanta DC","BRW-01","DC-ATL","FINISHED","TRUCK",3,40.6782,-73.9442,33.7537,-84.3863,3,0,26,95,false,"\N",2
65,"2025-12-29","RT-D11","Dallas DC to Phoenix Dist.","DC-DAL","DST-PHX","FINISHED","TRUCK",2,32.7767,-96.7970,33.4484,-112.0740,2,0,28,87,false,"\N",6
70,"2026-02-02","RT-D08","Chicago DC to St.Louis Dist.","DC-CHI","DST-STL","FINISHED","TRUCK",1,41.8525,-87.6514,38.6270,-90.1994,1,0,23,83,false,"\N",6
57,"2025-11-03","RT-S06","Hops: Yakima to Chicago Brewery","SUP-WA","BRW-02","HOPS","TRUCK",5,46.6021,-120.5059,41.8881,-87.6298,5,0,25,98,false,"\N",9
101,"2026-09-07","RT-S07","Hops: Yakima to Portland Brewery","SUP-WA","BRW-03","HOPS","TRUCK",1,46.6021,-120.5059,45.5152,-122.6784,1,0,13,87,false,"\N",9
6,"2024-11-11","RT-B02","Brooklyn Brewery to Atlanta DC","BRW-01","DC-ATL","FINISHED","TRUCK",3,40.6782,-73.9442,33.7537,-84.3863,6,0.55,23.4,149.76,true,"Ukraine-Russia War - Grain Export Disruption",68
4,"2024-10-28","RT-D03","Atlanta DC to Miami Dist.","DC-ATL","DST-MIA","FINISHED","TRUCK",2,33.7537,-84.3863,25.7617,-80.1918,2,0,10,87,false,"\N",3
10,"2024-12-09","RT-D09","Dallas DC to Houston Dist.","DC-DAL","DST-HOU","FINISHED","TRUCK",1,32.7767,-96.7970,29.7604,-95.3698,1,0,23,106,false,"\N",10
34,"2025-05-26","RT-S03","Barley: Idaho to Portland Brewery","SUP-ID","BRW-03","BARLEY","TRUCK",2,43.6150,-116.2023,45.5152,-122.6784,2,0.125,23.8,107.8,false,"\N",17
53,"2025-10-06","RT-B04","Chicago Brewery to Chicago DC","BRW-02","DC-CHI","FINISHED","TRUCK",1,41.8881,-87.6298,41.8525,-87.6514,2,0.15,24.4,91.84,false,"Black Sea Grain Corridor Collapse",28
45,"2025-08-11","RT-B01","Brooklyn Brewery to NYC DC","BRW-01","DC-NYC","FINISHED","TRUCK",1,40.6782,-73.9442,40.6501,-74.0139,1,0.15,21.6,82.88,false,"Black Sea Grain Corridor Collapse",18
17,"2025-01-27","RT-D09","Dallas DC to Houston Dist.","DC-DAL","DST-HOU","FINISHED","TRUCK",1,32.7767,-96.7970,29.7604,-95.3698,2,0,22,126,false,"\N",9
21,"2025-02-24","RT-D13","Seattle DC to SF Dist.","DC-SEA","DST-SFO","FINISHED","TRUCK",2,47.6062,-122.3321,37.7749,-122.4194,3,0,15,89,false,"\N",7
53,"2025-10-06","RT-D07","Chicago DC to Minneapolis Dist.","DC-CHI","DST-MSP","FINISHED","TRUCK",1,41.8525,-87.6514,44.9778,-93.2650,1,0,26,122,false,"\N",6
9,"2024-12-02","RT-D11","Dallas DC to Phoenix Dist.","DC-DAL","DST-PHX","FINISHED","TRUCK",2,32.7767,-96.7970,33.4484,-112.0740,3,0,21,100,false,"\N",6
9,"2024-12-02","RT-D05","Atlanta DC to Nashville Dist.","DC-ATL","DST-NSH","FINISHED","TRUCK",1,33.7537,-84.3863,36.1627,-86.7816,2,0,11,129,false,"\N",6
20,"2025-02-17","RT-B05","Chicago Brewery to Dallas DC","BRW-02","DC-DAL","FINISHED","TRUCK",3,41.8881,-87.6298,32.7767,-96.7970,5,0.25,13.5,142.8,true,"Ukraine-Russia War - Grain Export Disruption",39
41,"2025-07-14","RT-D05","Atlanta DC to Nashville Dist.","DC-ATL","DST-NSH","FINISHED","TRUCK",1,33.7537,-84.3863,36.1627,-86.7816,2,0,21,129,false,"\N",4
90,"2026-06-22","RT-B04","Chicago Brewery to Chicago DC","BRW-02","DC-CHI","FINISHED","TRUCK",1,41.8881,-87.6298,41.8525,-87.6514,1,0.12,23.8,95.35,false,"Midwest Drought - Domestic Barley Belt",14
35,"2025-06-02","RT-S05","Hops: Yakima to Brooklyn Brewery","SUP-WA","BRW-01","HOPS","TRUCK",7,46.6021,-120.5059,40.6782,-73.9442,8,0,16,76,false,"\N",0
83,"2026-05-04","RT-S03","Barley: Idaho to Portland Brewery","SUP-ID","BRW-03","BARLEY","TRUCK",2,43.6150,-116.2023,45.5152,-122.6784,2,0,25,105,false,"\N",0
20,"2025-02-17","RT-S06","Hops: Yakima to Chicago Brewery","SUP-WA","BRW-02","HOPS","TRUCK",5,46.6021,-120.5059,41.8881,-87.6298,6,0,14,120,false,"\N",2
52,"2025-09-29","RT-D02","NYC DC to Philadelphia Dist.","DC-NYC","DST-PHL","FINISHED","TRUCK",1,40.6501,-74.0139,39.9526,-75.1652,1,0,29,111,false,"\N",8
30,"2025-04-28","RT-D10","Dallas DC to Denver Dist.","DC-DAL","DST-DEN","FINISHED","TRUCK",2,32.7767,-96.7970,39.7392,-104.9903,3,0,25,78,false,"\N",4
85,"2026-05-18","RT-S03","Barley: Idaho to Portland Brewery","SUP-ID","BRW-03","BARLEY","TRUCK",2,43.6150,-116.2023,45.5152,-122.6784,2,0,17,113,false,"\N",2
103,"2026-09-21","RT-D04","Atlanta DC to Tampa Dist.","DC-ATL","DST-TPA","FINISHED","TRUCK",1,33.7537,-84.3863,27.9506,-82.4572,1,0,22,119,false,"\N",0
72,"2026-02-16","RT-D11","Dallas DC to Phoenix Dist.","DC-DAL","DST-PHX","FINISHED","TRUCK",2,32.7767,-96.7970,33.4484,-112.0740,2,0,19,125,false,"\N",7
3,"2024-10-21","RT-B04","Chicago Brewery to Chicago DC","BRW-02","DC-CHI","FINISHED","TRUCK",1,41.8881,-87.6298,41.8525,-87.6514,1,0.25,15.3,133.2,true,"Ukraine-Russia War - Grain Export Disruption",34
12,"2024-12-23","RT-S07","Hops: Yakima to Portland Brewery","SUP-WA","BRW-03","HOPS","TRUCK",1,46.6021,-120.5059,45.5152,-122.6784,2,0,15,120,false,"\N",4
7,"2024-11-18","RT-D12","Seattle DC to Portland Dist.","DC-SEA","DST-PDX","FINISHED","TRUCK",1,47.6062,-122.3321,45.5152,-122.6784,1,0,21,93,false,"\N",2
53,"2025-10-06","RT-B06","Portland Brewery to Seattle DC","BRW-03","DC-SEA","FINISHED","TRUCK",1,45.5152,-122.6784,47.6062,-122.3321,2,0.15,28.2,89.6,false,"Black Sea Grain Corridor Collapse",19
95,"2026-07-27","RT-D08","Chicago DC to St.Louis Dist.","DC-CHI","DST-STL","FINISHED","TRUCK",1,41.8525,-87.6514,38.6270,-90.1994,1,0,19,78,false,"\N",1
28,"2025-04-14","RT-D04","Atlanta DC to Tampa Dist.","DC-ATL","DST-TPA","FINISHED","TRUCK",1,33.7537,-84.3863,27.9506,-82.4572,1,0,14,70,false,"\N",6
40,"2025-07-07","RT-B01","Brooklyn Brewery to NYC DC","BRW-01","DC-NYC","FINISHED","TRUCK",1,40.6782,-73.9442,40.6501,-74.0139,1,0.15,22.6,89.6,false,"Black Sea Grain Corridor Collapse",20
91,"2026-06-29","RT-D12","Seattle DC to Portland Dist.","DC-SEA","DST-PDX","FINISHED","TRUCK",1,47.6062,-122.3321,45.5152,-122.6784,1,0,28,97,false,"\N",7
97,"2026-08-10","RT-D03","Atlanta DC to Miami Dist.","DC-ATL","DST-MIA","FINISHED","TRUCK",2,33.7537,-84.3863,25.7617,-80.1918,2,0,23,97,false,"\N",8
76,"2026-03-16","RT-S07","Hops: Yakima to Portland Brewery","SUP-WA","BRW-03","HOPS","TRUCK",1,46.6021,-120.5059,45.5152,-122.6784,2,0,19,93,false,"\N",3
98,"2026-08-17","RT-S05","Hops: Yakima to Brooklyn Brewery","SUP-WA","BRW-01","HOPS","TRUCK",7,46.6021,-120.5059,40.6782,-73.9442,8,0,16,81,false,"\N",2
40,"2025-07-07","RT-D02","NYC DC to Philadelphia Dist.","DC-NYC","DST-PHL","FINISHED","TRUCK",1,40.6501,-74.0139,39.9526,-75.1652,1,0,26,94,false,"\N",8
93,"2026-07-13","RT-D07","Chicago DC to Minneapolis Dist.","DC-CHI","DST-MSP","FINISHED","TRUCK",1,41.8525,-87.6514,44.9778,-93.2650,2,0,20,75,false,"\N",10
76,"2026-03-16","RT-D04","Atlanta DC to Tampa Dist.","DC-ATL","DST-TPA","FINISHED","TRUCK",1,33.7537,-84.3863,27.9506,-82.4572,1,0,18,126,false,"\N",8
71,"2026-02-09","RT-B02","Brooklyn Brewery to Atlanta DC","BRW-01","DC-ATL","FINISHED","TRUCK",3,40.6782,-73.9442,33.7537,-84.3863,3,0,22,104,false,"\N",3
8,"2024-11-25","RT-D07","Chicago DC to Minneapolis Dist.","DC-CHI","DST-MSP","FINISHED","TRUCK",1,41.8525,-87.6514,44.9778,-93.2650,1,0,16,112,false,"\N",6
17,"2025-01-27","RT-D12","Seattle DC to Portland Dist.","DC-SEA","DST-PDX","FINISHED","TRUCK",1,47.6062,-122.3321,45.5152,-122.6784,1,0,24,112,false,"\N",5
36,"2025-06-09","RT-B06","Portland Brewery to Seattle DC","BRW-03","DC-SEA","FINISHED","TRUCK",1,45.5152,-122.6784,47.6062,-122.3321,1,0.25,15.3,133.2,true,"Ukraine-Russia War - Grain Export Disruption",31
9,"2024-12-02","RT-B03","Brooklyn Brewery to Toronto DC","BRW-01","DC-TOR","FINISHED","TRUCK",2,40.6782,-73.9442,43.6532,-79.3832,4,0.3,15.8,112.84,true,"Ukraine-Russia War - Grain Export Disruption",38
8,"2024-11-25","RT-S07","Hops: Yakima to Portland Brewery","SUP-WA","BRW-03","HOPS","TRUCK",1,46.6021,-120.5059,45.5152,-122.6784,1,0,20,83,false,"\N",1
14,"2025-01-06","RT-D03","Atlanta DC to Miami Dist.","DC-ATL","DST-MIA","FINISHED","TRUCK",2,33.7537,-84.3863,25.7617,-80.1918,2,0,18,125,false,"\N",6
26,"2025-03-31","RT-B05","Chicago Brewery to Dallas DC","BRW-02","DC-DAL","FINISHED","TRUCK",3,41.8881,-87.6298,32.7767,-96.7970,3,0.25,22.5,85.2,true,"Ukraine-Russia War - Grain Export Disruption",39
39,"2025-06-30","RT-B02","Brooklyn Brewery to Atlanta DC","BRW-01","DC-ATL","FINISHED","TRUCK",3,40.6782,-73.9442,33.7537,-84.3863,5,0.25,26.1,105.6,true,"Ukraine-Russia War - Grain Export Disruption",35
49,"2025-09-08","RT-D10","Dallas DC to Denver Dist.","DC-DAL","DST-DEN","FINISHED","TRUCK",2,32.7767,-96.7970,39.7392,-104.9903,2,0,16,80,false,"\N",2
20,"2025-02-17","RT-S05","Hops: Yakima to Brooklyn Brewery","SUP-WA","BRW-01","HOPS","TRUCK",7,46.6021,-120.5059,40.6782,-73.9442,8,0,12,102,false,"\N",8
82,"2026-04-27","RT-D06","Chicago DC to Detroit Dist.","DC-CHI","DST-DET","FINISHED","TRUCK",1,41.8525,-87.6514,42.3314,-83.0458,1,0,16,114,false,"\N",1
98,"2026-08-17","RT-D14","Seattle DC to LA Dist.","DC-SEA","DST-LAX","FINISHED","TRUCK",3,47.6062,-122.3321,34.0522,-118.2437,3,0,22,102,false,"\N",1
43,"2025-07-28","RT-D04","Atlanta DC to Tampa Dist.","DC-ATL","DST-TPA","FINISHED","TRUCK",1,33.7537,-84.3863,27.9506,-82.4572,1,0,15,87,false,"\N",8
47,"2025-08-25","RT-S08","Hops: Germany (via Newark) to Brooklyn","SUP-DE","BRW-01","HOPS","OCEAN+TRUCK",21,40.7282,-74.1534,40.6782,-73.9442,28,0.35,18.9,152.32,true,"\N",46
81,"2026-04-20","RT-D14","Seattle DC to LA Dist.","DC-SEA","DST-LAX","FINISHED","TRUCK",3,47.6062,-122.3321,34.0522,-118.2437,3,0,11,110,false,"\N",9
53,"2025-10-06","RT-S06","Hops: Yakima to Chicago Brewery","SUP-WA","BRW-02","HOPS","TRUCK",5,46.6021,-120.5059,41.8881,-87.6298,5,0,28,120,false,"\N",7
54,"2025-10-13","RT-B05","Chicago Brewery to Dallas DC","BRW-02","DC-DAL","FINISHED","TRUCK",3,41.8881,-87.6298,32.7767,-96.7970,6,0.5,18.4,126,true,"Hurricane Season - Gulf Coast",68
40,"2025-07-07","RT-D01","NYC DC to Boston Dist.","DC-NYC","DST-BOS","FINISHED","TRUCK",1,40.6501,-74.0139,42.3601,-71.0589,2,0,16,90,false,"\N",5
94,"2026-07-20","RT-S03","Barley: Idaho to Portland Brewery","SUP-ID","BRW-03","BARLEY","TRUCK",2,43.6150,-116.2023,45.5152,-122.6784,3,0.06,15.6,91.18,false,"\N",11
64,"2025-12-22","RT-D07","Chicago DC to Minneapolis Dist.","DC-CHI","DST-MSP","FINISHED","TRUCK",1,41.8525,-87.6514,44.9778,-93.2650,2,0,10,122,false,"\N",3
66,"2026-01-05","RT-S04","Barley: Saskatchewan to Brooklyn","SUP-SK","BRW-01","BARLEY","RAIL",6,50.4452,-104.6189,40.6782,-73.9442,7,0,12,107,false,"\N",2
104,"2026-09-28","RT-D09","Dallas DC to Houston Dist.","DC-DAL","DST-HOU","FINISHED","TRUCK",1,32.7767,-96.7970,29.7604,-95.3698,2,0,24,124,false,"\N",7
57,"2025-11-03","RT-S03","Barley: Idaho to Portland Brewery","SUP-ID","BRW-03","BARLEY","TRUCK",2,43.6150,-116.2023,45.5152,-122.6784,2,0,12,105,false,"\N",2
69,"2026-01-26","RT-S07","Hops: Yakima to Portland Brewery","SUP-WA","BRW-03","HOPS","TRUCK",1,46.6021,-120.5059,45.5152,-122.6784,1,0,21,82,false,"\N",7
5,"2024-11-04","RT-D08","Chicago DC to St.Louis Dist.","DC-CHI","DST-STL","FINISHED","TRUCK",1,41.8525,-87.6514,38.6270,-90.1994,2,0,20,125,false,"\N",6
18,"2025-02-03","RT-B05","Chicago Brewery to Dallas DC","BRW-02","DC-DAL","FINISHED","TRUCK",3,41.8881,-87.6298,32.7767,-96.7970,4,0.25,23.4,152.4,true,"Ukraine-Russia War - Grain Export Disruption",35
21,"2025-02-24","RT-B01","Brooklyn Brewery to NYC DC","BRW-01","DC-NYC","FINISHED","TRUCK",1,40.6782,-73.9442,40.6501,-74.0139,1,0.3,13.2,137.64,true,"Ukraine-Russia War - Grain Export Disruption",40
28,"2025-04-14","RT-D13","Seattle DC to SF Dist.","DC-SEA","DST-SFO","FINISHED","TRUCK",2,47.6062,-122.3321,37.7749,-122.4194,2,0,27,103,false,"\N",7
46,"2025-08-18","RT-D02","NYC DC to Philadelphia Dist.","DC-NYC","DST-PHL","FINISHED","TRUCK",1,40.6501,-74.0139,39.9526,-75.1652,1,0,28,99,false,"\N",0
9,"2024-12-02","RT-B05","Chicago Brewery to Dallas DC","BRW-02","DC-DAL","FINISHED","TRUCK",3,41.8881,-87.6298,32.7767,-96.7970,5,0.25,16.2,86.4,true,"Ukraine-Russia War - Grain Export Disruption",32
54,"2025-10-13","RT-D12","Seattle DC to Portland Dist.","DC-SEA","DST-PDX","FINISHED","TRUCK",1,47.6062,-122.3321,45.5152,-122.6784,2,0,10,111,false,"\N",6
88,"2026-06-08","RT-S07","Hops: Yakima to Portland Brewery","SUP-WA","BRW-03","HOPS","TRUCK",1,46.6021,-120.5059,45.5152,-122.6784,1,0,29,105,false,"\N",0
55,"2025-10-20","RT-S01","Barley: Montana to Brooklyn Brewery","SUP-MT","BRW-01","BARLEY","RAIL",5,47.5063,-111.2813,40.6782,-73.9442,6,0.075,20.4,135.68,false,"\N",15
27,"2025-04-07","RT-B02","Brooklyn Brewery to Atlanta DC","BRW-01","DC-ATL","FINISHED","TRUCK",3,40.6782,-73.9442,33.7537,-84.3863,5,0.25,26.1,127.2,true,"Ukraine-Russia War - Grain Export Disruption",30
52,"2025-09-29","RT-B06","Portland Brewery to Seattle DC","BRW-03","DC-SEA","FINISHED","TRUCK",1,45.5152,-122.6784,47.6062,-122.3321,1,0.35,11.2,122.88,true,"Pacific NW Wildfires - Hop Country",45
100,"2026-08-31","RT-D11","Dallas DC to Phoenix Dist.","DC-DAL","DST-PHX","FINISHED","TRUCK",2,32.7767,-96.7970,33.4484,-112.0740,2,0,12,124,false,"\N",3
44,"2025-08-04","RT-D10","Dallas DC to Denver Dist.","DC-DAL","DST-DEN","FINISHED","TRUCK",2,32.7767,-96.7970,39.7392,-104.9903,3,0,18,102,false,"\N",5
39,"2025-06-30","RT-D05","Atlanta DC to Nashville Dist.","DC-ATL","DST-NSH","FINISHED","TRUCK",1,33.7537,-84.3863,36.1627,-86.7816,1,0,21,74,false,"\N",2
97,"2026-08-10","RT-S06","Hops: Yakima to Chicago Brewery","SUP-WA","BRW-02","HOPS","TRUCK",5,46.6021,-120.5059,41.8881,-87.6298,5,0,24,85,false,"\N",7
103,"2026-09-21","RT-S02","Barley: N.Dakota to Chicago Brewery","SUP-ND","BRW-02","BARLEY","RAIL",3,46.8772,-96.7898,41.8881,-87.6298,3,0,22,101,false,"\N",2
59,"2025-11-17","RT-D14","Seattle DC to LA Dist.","DC-SEA","DST-LAX","FINISHED","TRUCK",3,47.6062,-122.3321,34.0522,-118.2437,3,0,26,123,false,"\N",0
62,"2025-12-08","RT-S07","Hops: Yakima to Portland Brewery","SUP-WA","BRW-03","HOPS","TRUCK",1,46.6021,-120.5059,45.5152,-122.6784,1,0,15,105,false,"\N",2
4,"2024-10-28","RT-D10","Dallas DC to Denver Dist.","DC-DAL","DST-DEN","FINISHED","TRUCK",2,32.7767,-96.7970,39.7392,-104.9903,3,0,24,102,false,"\N",7
12,"2024-12-23","RT-B06","Portland Brewery to Seattle DC","BRW-03","DC-SEA","FINISHED","TRUCK",1,45.5152,-122.6784,47.6062,-122.3321,1,0.25,12.6,145.2,true,"Ukraine-Russia War - Grain Export Disruption",33
55,"2025-10-20","RT-D10","Dallas DC to Denver Dist.","DC-DAL","DST-DEN","FINISHED","TRUCK",2,32.7767,-96.7970,39.7392,-104.9903,3,0,20,118,false,"\N",0
18,"2025-02-03","RT-B06","Portland Brewery to Seattle DC","BRW-03","DC-SEA","FINISHED","TRUCK",1,45.5152,-122.6784,47.6062,-122.3321,2,0.25,12.6,120,true,"Ukraine-Russia War - Grain Export Disruption",36
28,"2025-04-14","RT-D08","Chicago DC to St.Louis Dist.","DC-CHI","DST-STL","FINISHED","TRUCK",1,41.8525,-87.6514,38.6270,-90.1994,1,0,19,82,false,"\N",7
47,"2025-08-25","RT-D13","Seattle DC to SF Dist.","DC-SEA","DST-SFO","FINISHED","TRUCK",2,47.6062,-122.3321,37.7749,-122.4194,2,0,21,71,false,"\N",3
96,"2026-08-03","RT-S02","Barley: N.Dakota to Chicago Brewery","SUP-ND","BRW-02","BARLEY","RAIL",3,46.8772,-96.7898,41.8881,-87.6298,3,0.06,29.3,113.18,false,"\N",12
98,"2026-08-17","RT-D02","NYC DC to Philadelphia Dist.","DC-NYC","DST-PHL","FINISHED","TRUCK",1,40.6501,-74.0139,39.9526,-75.1652,1,0,12,107,false,"\N",6
40,"2025-07-07","RT-B02","Brooklyn Brewery to Atlanta DC","BRW-01","DC-ATL","FINISHED","TRUCK",3,40.6782,-73.9442,33.7537,-84.3863,3,0.15,25.4,88.48,false,"Black Sea Grain Corridor Collapse",19
86,"2026-05-25","RT-S06","Hops: Yakima to Chicago Brewery","SUP-WA","BRW-02","HOPS","TRUCK",5,46.6021,-120.5059,41.8881,-87.6298,5,0,17,90,false,"\N",0
76,"2026-03-16","RT-B06","Portland Brewery to Seattle DC","BRW-03","DC-SEA","FINISHED","TRUCK",1,45.5152,-122.6784,47.6062,-122.3321,2,0.18,24.1,94.95,true,"EU Export Controls on Hop Extracts",25
37,"2025-06-16","RT-B06","Portland Brewery to Seattle DC","BRW-03","DC-SEA","FINISHED","TRUCK",1,45.5152,-122.6784,47.6062,-122.3321,1,0.25,21.6,124.8,true,"Ukraine-Russia War - Grain Export Disruption",32
29,"2025-04-21","RT-D11","Dallas DC to Phoenix Dist.","DC-DAL","DST-PHX","FINISHED","TRUCK",2,32.7767,-96.7970,33.4484,-112.0740,3,0,28,80,false,"\N",2
35,"2025-06-02","RT-D04","Atlanta DC to Tampa Dist.","DC-ATL","DST-TPA","FINISHED","TRUCK",1,33.7537,-84.3863,27.9506,-82.4572,1,0,19,93,false,"\N",4
77,"2026-03-23","RT-D10","Dallas DC to Denver Dist.","DC-DAL","DST-DEN","FINISHED","TRUCK",2,32.7767,-96.7970,39.7392,-104.9903,2,0,30,85,false,"\N",1
27,"2025-04-07","RT-D04","Atlanta DC to Tampa Dist.","DC-ATL","DST-TPA","FINISHED","TRUCK",1,33.7537,-84.3863,27.9506,-82.4572,1,0,15,126,false,"\N",3
76,"2026-03-16","RT-D01","NYC DC to Boston Dist.","DC-NYC","DST-BOS","FINISHED","TRUCK",1,40.6501,-74.0139,42.3601,-71.0589,1,0,28,107,false,"\N",3
72,"2026-02-16","RT-S05","Hops: Yakima to Brooklyn Brewery","SUP-WA","BRW-01","HOPS","TRUCK",7,46.6021,-120.5059,40.6782,-73.9442,8,0,19,122,false,"\N",2
73,"2026-02-23","RT-D02","NYC DC to Philadelphia Dist.","DC-NYC","DST-PHL","FINISHED","TRUCK",1,40.6501,-74.0139,39.9526,-75.1652,2,0,21,124,false,"\N",8
63,"2025-12-15","RT-S06","Hops: Yakima to Chicago Brewery","SUP-WA","BRW-02","HOPS","TRUCK",5,46.6021,-120.5059,41.8881,-87.6298,6,0,14,114,false,"\N",9
57,"2025-11-03","RT-D04","Atlanta DC to Tampa Dist.","DC-ATL","DST-TPA","FINISHED","TRUCK",1,33.7537,-84.3863,27.9506,-82.4572,2,0,26,85,false,"\N",1
1,"2024-10-07","RT-S03","Barley: Idaho to Portland Brewery","SUP-ID","BRW-03","BARLEY","TRUCK",2,43.6150,-116.2023,45.5152,-122.6784,2,0.125,22.8,110,false,"\N",23
5,"2024-11-04","RT-D09","Dallas DC to Houston Dist.","DC-DAL","DST-HOU","FINISHED","TRUCK",1,32.7767,-96.7970,29.7604,-95.3698,1,0,19,105,false,"\N",8
5,"2024-11-04","RT-D04","Atlanta DC to Tampa Dist.","DC-ATL","DST-TPA","FINISHED","TRUCK",1,33.7537,-84.3863,27.9506,-82.4572,2,0,26,87,false,"\N",6
14,"2025-01-06","RT-D06","Chicago DC to Detroit Dist.","DC-CHI","DST-DET","FINISHED","TRUCK",1,41.8525,-87.6514,42.3314,-83.0458,1,0,19,77,false,"\N",9
17,"2025-01-27","RT-B05","Chicago Brewery to Dallas DC","BRW-02","DC-DAL","FINISHED","TRUCK",3,41.8881,-87.6298,32.7767,-96.7970,5,0.25,18.9,126,true,"Ukraine-Russia War - Grain Export Disruption",38
52,"2025-09-29","RT-D13","Seattle DC to SF Dist.","DC-SEA","DST-SFO","FINISHED","TRUCK",2,47.6062,-122.3321,37.7749,-122.4194,2,0,18,87,false,"\N",0
31,"2025-05-05","RT-S03","Barley: Idaho to Portland Brewery","SUP-ID","BRW-03","BARLEY","TRUCK",2,43.6150,-116.2023,45.5152,-122.6784,2,0.125,14.3,126.5,false,"\N",17
53,"2025-10-06","RT-D08","Chicago DC to St.Louis Dist.","DC-CHI","DST-STL","FINISHED","TRUCK",1,41.8525,-87.6514,38.6270,-90.1994,2,0,24,90,false,"\N",6
41,"2025-07-14","RT-S07","Hops: Yakima to Portland Brewery","SUP-WA","BRW-03","HOPS","TRUCK",1,46.6021,-120.5059,45.5152,-122.6784,1,0,14,98,false,"\N",1
54,"2025-10-13","RT-D08","Chicago DC to St.Louis Dist.","DC-CHI","DST-STL","FINISHED","TRUCK",1,41.8525,-87.6514,38.6270,-90.1994,1,0,29,90,false,"\N",3
19,"2025-02-10","RT-D08","Chicago DC to St.Louis Dist.","DC-CHI","DST-STL","FINISHED","TRUCK",1,41.8525,-87.6514,38.6270,-90.1994,2,0,21,129,false,"\N",8
38,"2025-06-23","RT-B03","Brooklyn Brewery to Toronto DC","BRW-01","DC-TOR","FINISHED","TRUCK",2,40.6782,-73.9442,43.6532,-79.3832,2,0.25,9,127.2,true,"Ukraine-Russia War - Grain Export Disruption",32
52,"2025-09-29","RT-D01","NYC DC to Boston Dist.","DC-NYC","DST-BOS","FINISHED","TRUCK",1,40.6501,-74.0139,42.3601,-71.0589,1,0,29,96,false,"\N",6
41,"2025-07-14","RT-S05","Hops: Yakima to Brooklyn Brewery","SUP-WA","BRW-01","HOPS","TRUCK",7,46.6021,-120.5059,40.6782,-73.9442,8,0,28,103,false,"\N",4
79,"2026-04-06","RT-S03","Barley: Idaho to Portland Brewery","SUP-ID","BRW-03","BARLEY","TRUCK",2,43.6150,-116.2023,45.5152,-122.6784,2,0,19,116,false,"\N",6
34,"2025-05-26","RT-B03","Brooklyn Brewery to Toronto DC","BRW-01","DC-TOR","FINISHED","TRUCK",2,40.6782,-73.9442,43.6532,-79.3832,2,0.25,11.7,106.8,true,"Ukraine-Russia War - Grain Export Disruption",38
43,"2025-07-28","RT-B05","Chicago Brewery to Dallas DC","BRW-02","DC-DAL","FINISHED","TRUCK",3,41.8881,-87.6298,32.7767,-96.7970,3,0.15,16,119.84,false,"Black Sea Grain Corridor Collapse",27
51,"2025-09-22","RT-S06","Hops: Yakima to Chicago Brewery","SUP-WA","BRW-02","HOPS","TRUCK",5,46.6021,-120.5059,41.8881,-87.6298,6,0.35,25.8,147.2,true,"\N",45
52,"2025-09-29","RT-D10","Dallas DC to Denver Dist.","DC-DAL","DST-DEN","FINISHED","TRUCK",2,32.7767,-96.7970,39.7392,-104.9903,2,0,29,113,false,"\N",6
77,"2026-03-23","RT-D08","Chicago DC to St.Louis Dist.","DC-CHI","DST-STL","FINISHED","TRUCK",1,41.8525,-87.6514,38.6270,-90.1994,1,0,21,121,false,"\N",1
60,"2025-11-24","RT-S08","Hops: Germany (via Newark) to Brooklyn","SUP-DE","BRW-01","HOPS","OCEAN+TRUCK",21,40.7282,-74.1534,40.6782,-73.9442,21,0,18,74,false,"\N",5
68,"2026-01-19","RT-S01","Barley: Montana to Brooklyn Brewery","SUP-MT","BRW-01","BARLEY","RAIL",5,47.5063,-111.2813,40.6782,-73.9442,5,0,27,126,false,"\N",7
71,"2026-02-09","RT-D11","Dallas DC to Phoenix Dist.","DC-DAL","DST-PHX","FINISHED","TRUCK",2,32.7767,-96.7970,33.4484,-112.0740,2,0,15,117,false,"\N",8
103,"2026-09-21","RT-B04","Chicago Brewery to Chicago DC","BRW-02","DC-CHI","FINISHED","TRUCK",1,41.8881,-87.6298,41.8525,-87.6514,1,0,19,89,false,"\N",7
70,"2026-02-02","RT-B03","Brooklyn Brewery to Toronto DC","BRW-01","DC-TOR","FINISHED","TRUCK",2,40.6782,-73.9442,43.6532,-79.3832,3,0,28,84,false,"\N",3
70,"2026-02-02","RT-D01","NYC DC to Boston Dist.","DC-NYC","DST-BOS","FINISHED","TRUCK",1,40.6501,-74.0139,42.3601,-71.0589,1,0,28,106,false,"\N",2
72,"2026-02-16","RT-D13","Seattle DC to SF Dist.","DC-SEA","DST-SFO","FINISHED","TRUCK",2,47.6062,-122.3321,37.7749,-122.4194,2,0,11,74,false,"\N",5
4,"2024-10-28","RT-S08","Hops: Germany (via Newark) to Brooklyn","SUP-DE","BRW-01","HOPS","OCEAN+TRUCK",21,40.7282,-74.1534,40.6782,-73.9442,21,0,14,101,false,"\N",4
6,"2024-11-11","RT-B05","Chicago Brewery to Dallas DC","BRW-02","DC-DAL","FINISHED","TRUCK",3,41.8881,-87.6298,32.7767,-96.7970,5,0.25,25.2,110.4,true,"Ukraine-Russia War - Grain Export Disruption",31
13,"2024-12-30","RT-B03","Brooklyn Brewery to Toronto DC","BRW-01","DC-TOR","FINISHED","TRUCK",2,40.6782,-73.9442,43.6532,-79.3832,2,0.3,24.6,136.4,true,"Ukraine-Russia War - Grain Export Disruption",36
17,"2025-01-27","RT-S01","Barley: Montana to Brooklyn Brewery","SUP-MT","BRW-01","BARLEY","RAIL",5,47.5063,-111.2813,40.6782,-73.9442,5,0.125,19,122.1,false,"\N",17
22,"2025-03-03","RT-B05","Chicago Brewery to Dallas DC","BRW-02","DC-DAL","FINISHED","TRUCK",3,41.8881,-87.6298,32.7767,-96.7970,3,0.25,9.9,144,true,"Ukraine-Russia War - Grain Export Disruption",31
53,"2025-10-06","RT-S07","Hops: Yakima to Portland Brewery","SUP-WA","BRW-03","HOPS","TRUCK",1,46.6021,-120.5059,45.5152,-122.6784,1,0,23,76,false,"\N",4
86,"2026-05-25","RT-S07","Hops: Yakima to Portland Brewery","SUP-WA","BRW-03","HOPS","TRUCK",1,46.6021,-120.5059,45.5152,-122.6784,1,0,17,102,false,"\N",9
15,"2025-01-13","RT-D01","NYC DC to Boston Dist.","DC-NYC","DST-BOS","FINISHED","TRUCK",1,40.6501,-74.0139,42.3601,-71.0589,2,0,29,114,false,"\N",5
19,"2025-02-10","RT-S07","Hops: Yakima to Portland Brewery","SUP-WA","BRW-03","HOPS","TRUCK",1,46.6021,-120.5059,45.5152,-122.6784,1,0,24,79,false,"\N",10
38,"2025-06-23","RT-B06","Portland Brewery to Seattle DC","BRW-03","DC-SEA","FINISHED","TRUCK",1,45.5152,-122.6784,47.6062,-122.3321,2,0.25,12.6,106.8,true,"Ukraine-Russia War - Grain Export Disruption",32
96,"2026-08-03","RT-B04","Chicago Brewery to Chicago DC","BRW-02","DC-CHI","FINISHED","TRUCK",1,41.8881,-87.6298,41.8525,-87.6514,1,0.3,15.8,145.08,true,"Midwest Drought - Domestic Barley Belt",41
40,"2025-07-07","RT-B03","Brooklyn Brewery to Toronto DC","BRW-01","DC-TOR","FINISHED","TRUCK",2,40.6782,-73.9442,43.6532,-79.3832,2,0.15,12.2,129.92,false,"Black Sea Grain Corridor Collapse",22
77,"2026-03-23","RT-S05","Hops: Yakima to Brooklyn Brewery","SUP-WA","BRW-01","HOPS","TRUCK",7,46.6021,-120.5059,40.6782,-73.9442,7,0,21,99,false,"\N",8
98,"2026-08-17","RT-S03","Barley: Idaho to Portland Brewery","SUP-ID","BRW-03","BARLEY","TRUCK",2,43.6150,-116.2023,45.5152,-122.6784,2,0.06,24.4,107.94,false,"\N",14
33,"2025-05-19","RT-D06","Chicago DC to Detroit Dist.","DC-CHI","DST-DET","FINISHED","TRUCK",1,41.8525,-87.6514,42.3314,-83.0458,1,0,11,72,false,"\N",5
87,"2026-06-01","RT-D14","Seattle DC to LA Dist.","DC-SEA","DST-LAX","FINISHED","TRUCK",3,47.6062,-122.3321,34.0522,-118.2437,3,0,19,80,false,"\N",0
99,"2026-08-24","RT-S07","Hops: Yakima to Portland Brewery","SUP-WA","BRW-03","HOPS","TRUCK",1,46.6021,-120.5059,45.5152,-122.6784,2,0,10,71,false,"\N",5
91,"2026-06-29","RT-S04","Barley: Saskatchewan to Brooklyn","SUP-SK","BRW-01","BARLEY","RAIL",6,50.4452,-104.6189,40.6782,-73.9442,6,0.06,15.6,94.32,false,"\N",8
58,"2025-11-10","RT-D01","NYC DC to Boston Dist.","DC-NYC","DST-BOS","FINISHED","TRUCK",1,40.6501,-74.0139,42.3601,-71.0589,2,0,11,105,false,"\N",1
104,"2026-09-28","RT-B01","Brooklyn Brewery to NYC DC","BRW-01","DC-NYC","FINISHED","TRUCK",1,40.6782,-73.9442,40.6501,-74.0139,1,0,12,116,false,"\N",9
1,"2024-10-07","RT-D06","Chicago DC to Detroit Dist.","DC-CHI","DST-DET","FINISHED","TRUCK",1,41.8525,-87.6514,42.3314,-83.0458,1,0,24,70,false,"\N",4
3,"2024-10-21","RT-B01","Brooklyn Brewery to NYC DC","BRW-01","DC-NYC","FINISHED","TRUCK",1,40.6782,-73.9442,40.6501,-74.0139,2,0.25,11.7,129.6,true,"Ukraine-Russia War - Grain Export Disruption",36
3,"2024-10-21","RT-S06","Hops: Yakima to Chicago Brewery","SUP-WA","BRW-02","HOPS","TRUCK",5,46.6021,-120.5059,41.8881,-87.6298,5,0,16,96,false,"\N",2
13,"2024-12-30","RT-D10","Dallas DC to Denver Dist.","DC-DAL","DST-DEN","FINISHED","TRUCK",2,32.7767,-96.7970,39.7392,-104.9903,2,0,18,100,false,"\N",6
16,"2025-01-20","RT-D11","Dallas DC to Phoenix Dist.","DC-DAL","DST-PHX","FINISHED","TRUCK",2,32.7767,-96.7970,33.4484,-112.0740,3,0,30,74,false,"\N",7
74,"2026-03-02","RT-S05","Hops: Yakima to Brooklyn Brewery","SUP-WA","BRW-01","HOPS","TRUCK",7,46.6021,-120.5059,40.6782,-73.9442,8,0,26,74,false,"\N",0
20,"2025-02-17","RT-D12","Seattle DC to Portland Dist.","DC-SEA","DST-PDX","FINISHED","TRUCK",1,47.6062,-122.3321,45.5152,-122.6784,1,0,28,97,false,"\N",9
15,"2025-01-13","RT-D11","Dallas DC to Phoenix Dist.","DC-DAL","DST-PHX","FINISHED","TRUCK",2,32.7767,-96.7970,33.4484,-112.0740,2,0,13,101,false,"\N",5
78,"2026-03-30","RT-D04","Atlanta DC to Tampa Dist.","DC-ATL","DST-TPA","FINISHED","TRUCK",1,33.7537,-84.3863,27.9506,-82.4572,2,0,11,93,false,"\N",3
78,"2026-03-30","RT-B06","Portland Brewery to Seattle DC","BRW-03","DC-SEA","FINISHED","TRUCK",1,45.5152,-122.6784,47.6062,-122.3321,1,0.18,10.2,116.69,true,"EU Export Controls on Hop Extracts",22
35,"2025-06-02","RT-D03","Atlanta DC to Miami Dist.","DC-ATL","DST-MIA","FINISHED","TRUCK",2,33.7537,-84.3863,25.7617,-80.1918,2,0,13,109,false,"\N",8
81,"2026-04-20","RT-D07","Chicago DC to Minneapolis Dist.","DC-CHI","DST-MSP","FINISHED","TRUCK",1,41.8525,-87.6514,44.9778,-93.2650,2,0,27,113,false,"\N",10
92,"2026-07-06","RT-B01","Brooklyn Brewery to NYC DC","BRW-01","DC-NYC","FINISHED","TRUCK",1,40.6782,-73.9442,40.6501,-74.0139,1,0,14,94,false,"\N",10
95,"2026-07-27","RT-D13","Seattle DC to SF Dist.","DC-SEA","DST-SFO","FINISHED","TRUCK",2,47.6062,-122.3321,37.7749,-122.4194,2,0,29,73,false,"\N",5
97,"2026-08-10","RT-B02","Brooklyn Brewery to Atlanta DC","BRW-01","DC-ATL","FINISHED","TRUCK",3,40.6782,-73.9442,33.7537,-84.3863,3,0,25,107,false,"\N",6
38,"2025-06-23","RT-D13","Seattle DC to SF Dist.","DC-SEA","DST-SFO","FINISHED","TRUCK",2,47.6062,-122.3321,37.7749,-122.4194,2,0,21,129,false,"\N",7
43,"2025-07-28","RT-S03","Barley: Idaho to Portland Brewery","SUP-ID","BRW-03","BARLEY","TRUCK",2,43.6150,-116.2023,45.5152,-122.6784,2,0.075,25.2,108.12,false,"\N",12
46,"2025-08-18","RT-S05","Hops: Yakima to Brooklyn Brewery","SUP-WA","BRW-01","HOPS","TRUCK",7,46.6021,-120.5059,40.6782,-73.9442,10,0.35,17.2,147.2,true,"\N",49
52,"2025-09-29","RT-S05","Hops: Yakima to Brooklyn Brewery","SUP-WA","BRW-01","HOPS","TRUCK",7,46.6021,-120.5059,40.6782,-73.9442,10,0.35,25.8,93.44,true,"\N",44
9,"2024-12-02","RT-B06","Portland Brewery to Seattle DC","BRW-03","DC-SEA","FINISHED","TRUCK",1,45.5152,-122.6784,47.6062,-122.3321,1,0.25,15.3,104.4,true,"Ukraine-Russia War - Grain Export Disruption",38
56,"2025-10-27","RT-S01","Barley: Montana to Brooklyn Brewery","SUP-MT","BRW-01","BARLEY","RAIL",5,47.5063,-111.2813,40.6782,-73.9442,5,0.075,20.4,120.84,false,"\N",17
76,"2026-03-16","RT-D02","NYC DC to Philadelphia Dist.","DC-NYC","DST-PHL","FINISHED","TRUCK",1,40.6501,-74.0139,39.9526,-75.1652,1,0,26,77,false,"\N",9
22,"2025-03-03","RT-B01","Brooklyn Brewery to NYC DC","BRW-01","DC-NYC","FINISHED","TRUCK",1,40.6782,-73.9442,40.6501,-74.0139,2,0.4,22.7,132,true,"Ukraine-Russia War - Grain Export Disruption",58
58,"2025-11-10","RT-B03","Brooklyn Brewery to Toronto DC","BRW-01","DC-TOR","FINISHED","TRUCK",2,40.6782,-73.9442,43.6532,-79.3832,2,0,15,99,false,"\N",0
58,"2025-11-10","RT-D10","Dallas DC to Denver Dist.","DC-DAL","DST-DEN","FINISHED","TRUCK",2,32.7767,-96.7970,39.7392,-104.9903,2,0,28,96,false,"\N",6
60,"2025-11-24","RT-S03","Barley: Idaho to Portland Brewery","SUP-ID","BRW-03","BARLEY","TRUCK",2,43.6150,-116.2023,45.5152,-122.6784,2,0,16,75,false,"\N",2
67,"2026-01-12","RT-B02","Brooklyn Brewery to Atlanta DC","BRW-01","DC-ATL","FINISHED","TRUCK",3,40.6782,-73.9442,33.7537,-84.3863,3,0,14,92,false,"\N",10
67,"2026-01-12","RT-S01","Barley: Montana to Brooklyn Brewery","SUP-MT","BRW-01","BARLEY","RAIL",5,47.5063,-111.2813,40.6782,-73.9442,5,0,16,74,false,"\N",8
68,"2026-01-19","RT-D11","Dallas DC to Phoenix Dist.","DC-DAL","DST-PHX","FINISHED","TRUCK",2,32.7767,-96.7970,33.4484,-112.0740,2,0,18,80,false,"\N",7
59,"2025-11-17","RT-S02","Barley: N.Dakota to Chicago Brewery","SUP-ND","BRW-02","BARLEY","RAIL",3,46.8772,-96.7898,41.8881,-87.6298,4,0,14,70,false,"\N",3
62,"2025-12-08","RT-D03","Atlanta DC to Miami Dist.","DC-ATL","DST-MIA","FINISHED","TRUCK",2,33.7537,-84.3863,25.7617,-80.1918,3,0,27,94,false,"\N",2
65,"2025-12-29","RT-D02","NYC DC to Philadelphia Dist.","DC-NYC","DST-PHL","FINISHED","TRUCK",1,40.6501,-74.0139,39.9526,-75.1652,1,0,24,120,false,"\N",2
57,"2025-11-03","RT-D06","Chicago DC to Detroit Dist.","DC-CHI","DST-DET","FINISHED","TRUCK",1,41.8525,-87.6514,42.3314,-83.0458,1,0,18,77,false,"\N",3
21,"2025-02-24","RT-D08","Chicago DC to St.Louis Dist.","DC-CHI","DST-STL","FINISHED","TRUCK",1,41.8525,-87.6514,38.6270,-90.1994,1,0,20,127,false,"\N",7
21,"2025-02-24","RT-D05","Atlanta DC to Nashville Dist.","DC-ATL","DST-NSH","FINISHED","TRUCK",1,33.7537,-84.3863,36.1627,-86.7816,1,0,18,97,false,"\N",7
24,"2025-03-17","RT-B04","Chicago Brewery to Chicago DC","BRW-02","DC-CHI","FINISHED","TRUCK",1,41.8881,-87.6298,41.8525,-87.6514,1,0.25,20.7,136.8,true,"Ukraine-Russia War - Grain Export Disruption",33
9,"2024-12-02","RT-D09","Dallas DC to Houston Dist.","DC-DAL","DST-HOU","FINISHED","TRUCK",1,32.7767,-96.7970,29.7604,-95.3698,1,0,17,125,false,"\N",8
76,"2026-03-16","RT-B02","Brooklyn Brewery to Atlanta DC","BRW-01","DC-ATL","FINISHED","TRUCK",3,40.6782,-73.9442,33.7537,-84.3863,3,0,11,104,false,"\N",1
15,"2025-01-13","RT-S04","Barley: Saskatchewan to Brooklyn","SUP-SK","BRW-01","BARLEY","RAIL",6,50.4452,-104.6189,40.6782,-73.9442,6,0.125,9.5,137.5,false,"\N",24
21,"2025-02-24","RT-S04","Barley: Saskatchewan to Brooklyn","SUP-SK","BRW-01","BARLEY","RAIL",6,50.4452,-104.6189,40.6782,-73.9442,6,0.125,27.6,110,false,"\N",17
36,"2025-06-09","RT-B05","Chicago Brewery to Dallas DC","BRW-02","DC-DAL","FINISHED","TRUCK",3,41.8881,-87.6298,32.7767,-96.7970,5,0.25,13.5,120,true,"Ukraine-Russia War - Grain Export Disruption",40
48,"2025-09-01","RT-S08","Hops: Germany (via Newark) to Brooklyn","SUP-DE","BRW-01","HOPS","OCEAN+TRUCK",21,40.7282,-74.1534,40.6782,-73.9442,29,0.35,14.6,119.04,true,"\N",49
35,"2025-06-02","RT-S03","Barley: Idaho to Portland Brewery","SUP-ID","BRW-03","BARLEY","TRUCK",2,43.6150,-116.2023,45.5152,-122.6784,3,0.125,14.3,115.5,false,"\N",21
93,"2026-07-13","RT-D11","Dallas DC to Phoenix Dist.","DC-DAL","DST-PHX","FINISHED","TRUCK",2,32.7767,-96.7970,33.4484,-112.0740,2,0,27,107,false,"\N",5
81,"2026-04-20","RT-D03","Atlanta DC to Miami Dist.","DC-ATL","DST-MIA","FINISHED","TRUCK",2,33.7537,-84.3863,25.7617,-80.1918,3,0,26,70,false,"\N",0
25,"2025-03-24","RT-B05","Chicago Brewery to Dallas DC","BRW-02","DC-DAL","FINISHED","TRUCK",3,41.8881,-87.6298,32.7767,-96.7970,3,0.25,18,156,true,"Ukraine-Russia War - Grain Export Disruption",39
75,"2026-03-09","RT-D07","Chicago DC to Minneapolis Dist.","DC-CHI","DST-MSP","FINISHED","TRUCK",1,41.8525,-87.6514,44.9778,-93.2650,1,0,20,80,false,"\N",10
61,"2025-12-01","RT-S03","Barley: Idaho to Portland Brewery","SUP-ID","BRW-03","BARLEY","TRUCK",2,43.6150,-116.2023,45.5152,-122.6784,2,0,25,77,false,"\N",10
62,"2025-12-08","RT-D04","Atlanta DC to Tampa Dist.","DC-ATL","DST-TPA","FINISHED","TRUCK",1,33.7537,-84.3863,27.9506,-82.4572,1,0,25,128,false,"\N",0
57,"2025-11-03","RT-S01","Barley: Montana to Brooklyn Brewery","SUP-MT","BRW-01","BARLEY","RAIL",5,47.5063,-111.2813,40.6782,-73.9442,6,0,21,93,false,"\N",5
69,"2026-01-26","RT-D10","Dallas DC to Denver Dist.","DC-DAL","DST-DEN","FINISHED","TRUCK",2,32.7767,-96.7970,39.7392,-104.9903,2,0,29,108,false,"\N",10
7,"2024-11-18","RT-S05","Hops: Yakima to Brooklyn Brewery","SUP-WA","BRW-01","HOPS","TRUCK",7,46.6021,-120.5059,40.6782,-73.9442,8,0,15,89,false,"\N",1
13,"2024-12-30","RT-D13","Seattle DC to SF Dist.","DC-SEA","DST-SFO","FINISHED","TRUCK",2,47.6062,-122.3321,37.7749,-122.4194,2,0,10,75,false,"\N",8
17,"2025-01-27","RT-D13","Seattle DC to SF Dist.","DC-SEA","DST-SFO","FINISHED","TRUCK",2,47.6062,-122.3321,37.7749,-122.4194,3,0,16,125,false,"\N",3
6,"2024-11-11","RT-S03","Barley: Idaho to Portland Brewery","SUP-ID","BRW-03","BARLEY","TRUCK",2,43.6150,-116.2023,45.5152,-122.6784,2,0.125,20,106.7,false,"\N",17
31,"2025-05-05","RT-B03","Brooklyn Brewery to Toronto DC","BRW-01","DC-TOR","FINISHED","TRUCK",2,40.6782,-73.9442,43.6532,-79.3832,3,0.4,10.9,102.96,true,"Ukraine-Russia War - Grain Export Disruption",58
19,"2025-02-10","RT-S02","Barley: N.Dakota to Chicago Brewery","SUP-ND","BRW-02","BARLEY","RAIL",3,46.8772,-96.7898,41.8881,-87.6298,4,0.125,20,108.9,false,"\N",18
23,"2025-03-10","RT-B05","Chicago Brewery to Dallas DC","BRW-02","DC-DAL","FINISHED","TRUCK",3,41.8881,-87.6298,32.7767,-96.7970,4,0.25,20.7,105.6,true,"Ukraine-Russia War - Grain Export Disruption",35
74,"2026-03-02","RT-D08","Chicago DC to St.Louis Dist.","DC-CHI","DST-STL","FINISHED","TRUCK",1,41.8525,-87.6514,38.6270,-90.1994,2,0,24,110,false,"\N",6
48,"2025-09-01","RT-B05","Chicago Brewery to Dallas DC","BRW-02","DC-DAL","FINISHED","TRUCK",3,41.8881,-87.6298,32.7767,-96.7970,5,0.5,8,119,true,"Hurricane Season - Gulf Coast",63
19,"2025-02-10","RT-S04","Barley: Saskatchewan to Brooklyn","SUP-SK","BRW-01","BARLEY","RAIL",6,50.4452,-104.6189,40.6782,-73.9442,8,0.125,23.8,89.1,false,"\N",15
29,"2025-04-21","RT-S05","Hops: Yakima to Brooklyn Brewery","SUP-WA","BRW-01","HOPS","TRUCK",7,46.6021,-120.5059,40.6782,-73.9442,8,0,17,74,false,"\N",9
43,"2025-07-28","RT-D02","NYC DC to Philadelphia Dist.","DC-NYC","DST-PHL","FINISHED","TRUCK",1,40.6501,-74.0139,39.9526,-75.1652,1,0,14,95,false,"\N",6
82,"2026-04-27","RT-D12","Seattle DC to Portland Dist.","DC-SEA","DST-PDX","FINISHED","TRUCK",1,47.6062,-122.3321,45.5152,-122.6784,2,0,12,75,false,"\N",6
84,"2026-05-11","RT-S01","Barley: Montana to Brooklyn Brewery","SUP-MT","BRW-01","BARLEY","RAIL",5,47.5063,-111.2813,40.6782,-73.9442,5,0,16,124,false,"\N",2
46,"2025-08-18","RT-D05","Atlanta DC to Nashville Dist.","DC-ATL","DST-NSH","FINISHED","TRUCK",1,33.7537,-84.3863,36.1627,-86.7816,1,0,23,128,false,"\N",6
88,"2026-06-08","RT-D14","Seattle DC to LA Dist.","DC-SEA","DST-LAX","FINISHED","TRUCK",3,47.6062,-122.3321,34.0522,-118.2437,3,0,25,103,false,"\N",6
45,"2025-08-11","RT-S08","Hops: Germany (via Newark) to Brooklyn","SUP-DE","BRW-01","HOPS","OCEAN+TRUCK",21,40.7282,-74.1534,40.6782,-73.9442,21,0,13,85,false,"\N",1
84,"2026-05-11","RT-D14","Seattle DC to LA Dist.","DC-SEA","DST-LAX","FINISHED","TRUCK",3,47.6062,-122.3321,34.0522,-118.2437,3,0,30,82,false,"\N",2
47,"2025-08-25","RT-B04","Chicago Brewery to Chicago DC","BRW-02","DC-CHI","FINISHED","TRUCK",1,41.8881,-87.6298,41.8525,-87.6514,1,0.15,19.7,126.56,false,"Black Sea Grain Corridor Collapse",28
84,"2026-05-11","RT-D13","Seattle DC to SF Dist.","DC-SEA","DST-SFO","FINISHED","TRUCK",2,47.6062,-122.3321,37.7749,-122.4194,2,0,27,79,false,"\N",8
96,"2026-08-03","RT-S04","Barley: Saskatchewan to Brooklyn","SUP-SK","BRW-01","BARLEY","RAIL",6,50.4452,-104.6189,40.6782,-73.9442,6,0.06,17.6,108.99,false,"\N",13
98,"2026-08-17","RT-S02","Barley: N.Dakota to Chicago Brewery","SUP-ND","BRW-02","BARLEY","RAIL",3,46.8772,-96.7898,41.8881,-87.6298,3,0.06,22.4,86.98,false,"\N",15
33,"2025-05-19","RT-D12","Seattle DC to Portland Dist.","DC-SEA","DST-PDX","FINISHED","TRUCK",1,47.6062,-122.3321,45.5152,-122.6784,2,0,14,128,false,"\N",6
100,"2026-08-31","RT-D03","Atlanta DC to Miami Dist.","DC-ATL","DST-MIA","FINISHED","TRUCK",2,33.7537,-84.3863,25.7617,-80.1918,2,0,28,105,false,"\N",3
99,"2026-08-24","RT-B03","Brooklyn Brewery to Toronto DC","BRW-01","DC-TOR","FINISHED","TRUCK",2,40.6782,-73.9442,43.6532,-79.3832,2,0,27,103,false,"\N",0
35,"2025-06-02","RT-D01","NYC DC to Boston Dist.","DC-NYC","DST-BOS","FINISHED","TRUCK",1,40.6501,-74.0139,42.3601,-71.0589,1,0,17,94,false,"\N",2
38,"2025-06-23","RT-D02","NYC DC to Philadelphia Dist.","DC-NYC","DST-PHL","FINISHED","TRUCK",1,40.6501,-74.0139,39.9526,-75.1652,1,0,17,85,false,"\N",7
92,"2026-07-06","RT-S08","Hops: Germany (via Newark) to Brooklyn","SUP-DE","BRW-01","HOPS","OCEAN+TRUCK",21,40.7282,-74.1534,40.6782,-73.9442,22,0,24,106,false,"\N",10
100,"2026-08-31","RT-B04","Chicago Brewery to Chicago DC","BRW-02","DC-CHI","FINISHED","TRUCK",1,41.8881,-87.6298,41.8525,-87.6514,1,0.12,26.7,127.14,false,"Midwest Drought - Domestic Barley Belt",15
44,"2025-08-04","RT-B02","Brooklyn Brewery to Atlanta DC","BRW-01","DC-ATL","FINISHED","TRUCK",3,40.6782,-73.9442,33.7537,-84.3863,4,0.15,19.7,97.44,false,"Black Sea Grain Corridor Collapse",28
71,"2026-02-09","RT-D08","Chicago DC to St.Louis Dist.","DC-CHI","DST-STL","FINISHED","TRUCK",1,41.8525,-87.6514,38.6270,-90.1994,1,0,23,97,false,"\N",10
103,"2026-09-21","RT-B06","Portland Brewery to Seattle DC","BRW-03","DC-SEA","FINISHED","TRUCK",1,45.5152,-122.6784,47.6062,-122.3321,2,0,14,117,false,"\N",2
4,"2024-10-28","RT-D13","Seattle DC to SF Dist.","DC-SEA","DST-SFO","FINISHED","TRUCK",2,47.6062,-122.3321,37.7749,-122.4194,3,0,12,121,false,"\N",2
2,"2024-10-14","RT-D05","Atlanta DC to Nashville Dist.","DC-ATL","DST-NSH","FINISHED","TRUCK",1,33.7537,-84.3863,36.1627,-86.7816,1,0,26,70,false,"\N",1
6,"2024-11-11","RT-S01","Barley: Montana to Brooklyn Brewery","SUP-MT","BRW-01","BARLEY","RAIL",5,47.5063,-111.2813,40.6782,-73.9442,5,0.125,23.8,78.1,false,"\N",20
8,"2024-11-25","RT-S03","Barley: Idaho to Portland Brewery","SUP-ID","BRW-03","BARLEY","TRUCK",2,43.6150,-116.2023,45.5152,-122.6784,2,0.125,26.6,133.1,false,"\N",21
18,"2025-02-03","RT-D05","Atlanta DC to Nashville Dist.","DC-ATL","DST-NSH","FINISHED","TRUCK",1,33.7537,-84.3863,36.1627,-86.7816,1,0,24,102,false,"\N",3
95,"2026-07-27","RT-B03","Brooklyn Brewery to Toronto DC","BRW-01","DC-TOR","FINISHED","TRUCK",2,40.6782,-73.9442,43.6532,-79.3832,2,0,24,79,false,"\N",8
12,"2024-12-23","RT-D09","Dallas DC to Houston Dist.","DC-DAL","DST-HOU","FINISHED","TRUCK",1,32.7767,-96.7970,29.7604,-95.3698,1,0,14,125,false,"\N",1
17,"2025-01-27","RT-S04","Barley: Saskatchewan to Brooklyn","SUP-SK","BRW-01","BARLEY","RAIL",6,50.4452,-104.6189,40.6782,-73.9442,8,0.125,28.5,114.4,false,"\N",15
21,"2025-02-24","RT-B02","Brooklyn Brewery to Atlanta DC","BRW-01","DC-ATL","FINISHED","TRUCK",3,40.6782,-73.9442,33.7537,-84.3863,3,0.25,22.5,127.2,true,"Ukraine-Russia War - Grain Export Disruption",36
22,"2025-03-03","RT-D04","Atlanta DC to Tampa Dist.","DC-ATL","DST-TPA","FINISHED","TRUCK",1,33.7537,-84.3863,27.9506,-82.4572,2,0,17,89,false,"\N",7
53,"2025-10-06","RT-S05","Hops: Yakima to Brooklyn Brewery","SUP-WA","BRW-01","HOPS","TRUCK",7,46.6021,-120.5059,40.6782,-73.9442,7,0,14,121,false,"\N",7
41,"2025-07-14","RT-D13","Seattle DC to SF Dist.","DC-SEA","DST-SFO","FINISHED","TRUCK",2,47.6062,-122.3321,37.7749,-122.4194,2,0,26,114,false,"\N",7
38,"2025-06-23","RT-S01","Barley: Montana to Brooklyn Brewery","SUP-MT","BRW-01","BARLEY","RAIL",5,47.5063,-111.2813,40.6782,-73.9442,5,0.125,20.9,127.6,false,"\N",23
82,"2026-04-27","RT-S01","Barley: Montana to Brooklyn Brewery","SUP-MT","BRW-01","BARLEY","RAIL",5,47.5063,-111.2813,40.6782,-73.9442,6,0,16,96,false,"\N",7
14,"2025-01-06","RT-B02","Brooklyn Brewery to Atlanta DC","BRW-01","DC-ATL","FINISHED","TRUCK",3,40.6782,-73.9442,33.7537,-84.3863,5,0.25,21.6,85.2,true,"Ukraine-Russia War - Grain Export Disruption",34
37,"2025-06-16","RT-D09","Dallas DC to Houston Dist.","DC-DAL","DST-HOU","FINISHED","TRUCK",1,32.7767,-96.7970,29.7604,-95.3698,1,0,16,126,false,"\N",7
96,"2026-08-03","RT-D14","Seattle DC to LA Dist.","DC-SEA","DST-LAX","FINISHED","TRUCK",3,47.6062,-122.3321,34.0522,-118.2437,3,0,10,82,false,"\N",5
50,"2025-09-15","RT-D03","Atlanta DC to Miami Dist.","DC-ATL","DST-MIA","FINISHED","TRUCK",2,33.7537,-84.3863,25.7617,-80.1918,3,0,18,92,false,"\N",3
95,"2026-07-27","RT-D04","Atlanta DC to Tampa Dist.","DC-ATL","DST-TPA","FINISHED","TRUCK",1,33.7537,-84.3863,27.9506,-82.4572,2,0,18,124,false,"\N",7
61,"2025-12-01","RT-D05","Atlanta DC to Nashville Dist.","DC-ATL","DST-NSH","FINISHED","TRUCK",1,33.7537,-84.3863,36.1627,-86.7816,1,0,25,118,false,"\N",1
101,"2026-09-07","RT-D09","Dallas DC to Houston Dist.","DC-DAL","DST-HOU","FINISHED","TRUCK",1,32.7767,-96.7970,29.7604,-95.3698,1,0,13,121,false,"\N",1
4,"2024-10-28","RT-D07","Chicago DC to Minneapolis Dist.","DC-CHI","DST-MSP","FINISHED","TRUCK",1,41.8525,-87.6514,44.9778,-93.2650,2,0,28,124,false,"\N",4
16,"2025-01-20","RT-D10","Dallas DC to Denver Dist.","DC-DAL","DST-DEN","FINISHED","TRUCK",2,32.7767,-96.7970,39.7392,-104.9903,2,0,22,112,false,"\N",10
10,"2024-12-09","RT-D13","Seattle DC to SF Dist.","DC-SEA","DST-SFO","FINISHED","TRUCK",2,47.6062,-122.3321,37.7749,-122.4194,2,0,17,79,false,"\N",8
18,"2025-02-03","RT-D07","Chicago DC to Minneapolis Dist.","DC-CHI","DST-MSP","FINISHED","TRUCK",1,41.8525,-87.6514,44.9778,-93.2650,1,0,14,110,false,"\N",3
49,"2025-09-08","RT-D02","NYC DC to Philadelphia Dist.","DC-NYC","DST-PHL","FINISHED","TRUCK",1,40.6501,-74.0139,39.9526,-75.1652,2,0,16,126,false,"\N",2
8,"2024-11-25","RT-B05","Chicago Brewery to Dallas DC","BRW-02","DC-DAL","FINISHED","TRUCK",3,41.8881,-87.6298,32.7767,-96.7970,4,0.25,9.9,134.4,true,"Ukraine-Russia War - Grain Export Disruption",36
11,"2024-12-16","RT-D05","Atlanta DC to Nashville Dist.","DC-ATL","DST-NSH","FINISHED","TRUCK",1,33.7537,-84.3863,36.1627,-86.7816,1,0,20,109,false,"\N",8
45,"2025-08-11","RT-B03","Brooklyn Brewery to Toronto DC","BRW-01","DC-TOR","FINISHED","TRUCK",2,40.6782,-73.9442,43.6532,-79.3832,2,0.15,14.1,89.6,false,"Black Sea Grain Corridor Collapse",27
78,"2026-03-30","RT-S08","Hops: Germany (via Newark) to Brooklyn","SUP-DE","BRW-01","HOPS","OCEAN+TRUCK",21,40.7282,-74.1534,40.6782,-73.9442,21,0,14,116,false,"\N",9
89,"2026-06-15","RT-D09","Dallas DC to Houston Dist.","DC-DAL","DST-HOU","FINISHED","TRUCK",1,32.7767,-96.7970,29.7604,-95.3698,1,0,27,124,false,"\N",10
92,"2026-07-06","RT-S04","Barley: Saskatchewan to Brooklyn","SUP-SK","BRW-01","BARLEY","RAIL",6,50.4452,-104.6189,40.6782,-73.9442,6,0.06,20.5,114.23,false,"\N",16
92,"2026-07-06","RT-D06","Chicago DC to Detroit Dist.","DC-CHI","DST-DET","FINISHED","TRUCK",1,41.8525,-87.6514,42.3314,-83.0458,2,0,15,94,false,"\N",3
95,"2026-07-27","RT-S03","Barley: Idaho to Portland Brewery","SUP-ID","BRW-03","BARLEY","TRUCK",2,43.6150,-116.2023,45.5152,-122.6784,2,0.06,9.8,118.42,false,"\N",9
86,"2026-05-25","RT-B04","Chicago Brewery to Chicago DC","BRW-02","DC-CHI","FINISHED","TRUCK",1,41.8881,-87.6298,41.8525,-87.6514,1,0,12,85,false,"\N",9
43,"2025-07-28","RT-S08","Hops: Germany (via Newark) to Brooklyn","SUP-DE","BRW-01","HOPS","OCEAN+TRUCK",21,40.7282,-74.1534,40.6782,-73.9442,21,0,13,125,false,"\N",2
91,"2026-06-29","RT-D11","Dallas DC to Phoenix Dist.","DC-DAL","DST-PHX","FINISHED","TRUCK",2,32.7767,-96.7970,33.4484,-112.0740,3,0,19,116,false,"\N",3
49,"2025-09-08","RT-S02","Barley: N.Dakota to Chicago Brewery","SUP-ND","BRW-02","BARLEY","RAIL",3,46.8772,-96.7898,41.8881,-87.6298,3,0.075,14.6,97.52,false,"\N",16
88,"2026-06-08","RT-B04","Chicago Brewery to Chicago DC","BRW-02","DC-CHI","FINISHED","TRUCK",1,41.8881,-87.6298,41.8525,-87.6514,1,0.12,25.7,134.81,false,"Midwest Drought - Domestic Barley Belt",23
55,"2025-10-20","RT-B01","Brooklyn Brewery to NYC DC","BRW-01","DC-NYC","FINISHED","TRUCK",1,40.6782,-73.9442,40.6501,-74.0139,1,0.15,21.6,92.96,false,"Black Sea Grain Corridor Collapse",21
76,"2026-03-16","RT-B01","Brooklyn Brewery to NYC DC","BRW-01","DC-NYC","FINISHED","TRUCK",1,40.6782,-73.9442,40.6501,-74.0139,1,0.18,26,123.55,true,"EU Export Controls on Hop Extracts",27
76,"2026-03-16","RT-D08","Chicago DC to St.Louis Dist.","DC-CHI","DST-STL","FINISHED","TRUCK",1,41.8525,-87.6514,38.6270,-90.1994,2,0,19,90,false,"\N",5
67,"2026-01-12","RT-D05","Atlanta DC to Nashville Dist.","DC-ATL","DST-NSH","FINISHED","TRUCK",1,33.7537,-84.3863,36.1627,-86.7816,2,0,10,77,false,"\N",1
67,"2026-01-12","RT-D01","NYC DC to Boston Dist.","DC-NYC","DST-BOS","FINISHED","TRUCK",1,40.6501,-74.0139,42.3601,-71.0589,2,0,11,120,false,"\N",4
68,"2026-01-19","RT-D10","Dallas DC to Denver Dist.","DC-DAL","DST-DEN","FINISHED","TRUCK",2,32.7767,-96.7970,39.7392,-104.9903,2,0,29,80,false,"\N",8
70,"2026-02-02","RT-D09","Dallas DC to Houston Dist.","DC-DAL","DST-HOU","FINISHED","TRUCK",1,32.7767,-96.7970,29.7604,-95.3698,1,0,30,75,false,"\N",9
73,"2026-02-23","RT-D11","Dallas DC to Phoenix Dist.","DC-DAL","DST-PHX","FINISHED","TRUCK",2,32.7767,-96.7970,33.4484,-112.0740,2,0,21,88,false,"\N",4
73,"2026-02-23","RT-B03","Brooklyn Brewery to Toronto DC","BRW-01","DC-TOR","FINISHED","TRUCK",2,40.6782,-73.9442,43.6532,-79.3832,2,0,13,107,false,"\N",1
102,"2026-09-14","RT-D05","Atlanta DC to Nashville Dist.","DC-ATL","DST-NSH","FINISHED","TRUCK",1,33.7537,-84.3863,36.1627,-86.7816,1,0,19,91,false,"\N",2
4,"2024-10-28","RT-D01","NYC DC to Boston Dist.","DC-NYC","DST-BOS","FINISHED","TRUCK",1,40.6501,-74.0139,42.3601,-71.0589,1,0,29,79,false,"\N",3
5,"2024-11-04","RT-D01","NYC DC to Boston Dist.","DC-NYC","DST-BOS","FINISHED","TRUCK",1,40.6501,-74.0139,42.3601,-71.0589,2,0,25,96,false,"\N",1
16,"2025-01-20","RT-S04","Barley: Saskatchewan to Brooklyn","SUP-SK","BRW-01","BARLEY","RAIL",6,50.4452,-104.6189,40.6782,-73.9442,8,0.125,15.2,82.5,false,"\N",19
18,"2025-02-03","RT-D03","Atlanta DC to Miami Dist.","DC-ATL","DST-MIA","FINISHED","TRUCK",2,33.7537,-84.3863,25.7617,-80.1918,2,0,17,81,false,"\N",3
36,"2025-06-09","RT-D14","Seattle DC to LA Dist.","DC-SEA","DST-LAX","FINISHED","TRUCK",3,47.6062,-122.3321,34.0522,-118.2437,3,0,15,88,false,"\N",0
15,"2025-01-13","RT-D04","Atlanta DC to Tampa Dist.","DC-ATL","DST-TPA","FINISHED","TRUCK",1,33.7537,-84.3863,27.9506,-82.4572,1,0,27,110,false,"\N",0
16,"2025-01-20","RT-D13","Seattle DC to SF Dist.","DC-SEA","DST-SFO","FINISHED","TRUCK",2,47.6062,-122.3321,37.7749,-122.4194,2,0,15,123,false,"\N",10
17,"2025-01-27","RT-D03","Atlanta DC to Miami Dist.","DC-ATL","DST-MIA","FINISHED","TRUCK",2,33.7537,-84.3863,25.7617,-80.1918,2,0,10,105,false,"\N",6
26,"2025-03-31","RT-S02","Barley: N.Dakota to Chicago Brewery","SUP-ND","BRW-02","BARLEY","RAIL",3,46.8772,-96.7898,41.8881,-87.6298,3,0.125,22.8,80.3,false,"\N",19
88,"2026-06-08","RT-D06","Chicago DC to Detroit Dist.","DC-CHI","DST-DET","FINISHED","TRUCK",1,41.8525,-87.6514,42.3314,-83.0458,1,0,27,80,false,"\N",1
27,"2025-04-07","RT-S08","Hops: Germany (via Newark) to Brooklyn","SUP-DE","BRW-01","HOPS","OCEAN+TRUCK",21,40.7282,-74.1534,40.6782,-73.9442,21,0,15,82,false,"\N",0
40,"2025-07-07","RT-D05","Atlanta DC to Nashville Dist.","DC-ATL","DST-NSH","FINISHED","TRUCK",1,33.7537,-84.3863,36.1627,-86.7816,1,0,15,129,false,"\N",10
30,"2025-04-28","RT-S01","Barley: Montana to Brooklyn Brewery","SUP-MT","BRW-01","BARLEY","RAIL",5,47.5063,-111.2813,40.6782,-73.9442,6,0.125,15.2,122.1,false,"\N",22
96,"2026-08-03","RT-B02","Brooklyn Brewery to Atlanta DC","BRW-01","DC-ATL","FINISHED","TRUCK",3,40.6782,-73.9442,33.7537,-84.3863,3,0,13,74,false,"\N",6
50,"2025-09-15","RT-D04","Atlanta DC to Tampa Dist.","DC-ATL","DST-TPA","FINISHED","TRUCK",1,33.7537,-84.3863,27.9506,-82.4572,1,0,14,103,false,"\N",7
93,"2026-07-13","RT-D03","Atlanta DC to Miami Dist.","DC-ATL","DST-MIA","FINISHED","TRUCK",2,33.7537,-84.3863,25.7617,-80.1918,2,0,27,129,false,"\N",9
91,"2026-06-29","RT-D04","Atlanta DC to Tampa Dist.","DC-ATL","DST-TPA","FINISHED","TRUCK",1,33.7537,-84.3863,27.9506,-82.4572,1,0,26,125,false,"\N",0
91,"2026-06-29","RT-D14","Seattle DC to LA Dist.","DC-SEA","DST-LAX","FINISHED","TRUCK",3,47.6062,-122.3321,34.0522,-118.2437,3,0,13,125,false,"\N",1
64,"2025-12-22","RT-D11","Dallas DC to Phoenix Dist.","DC-DAL","DST-PHX","FINISHED","TRUCK",2,32.7767,-96.7970,33.4484,-112.0740,2,0,25,79,false,"\N",10
67,"2026-01-12","RT-D10","Dallas DC to Denver Dist.","DC-DAL","DST-DEN","FINISHED","TRUCK",2,32.7767,-96.7970,39.7392,-104.9903,2,0,16,106,false,"\N",3
72,"2026-02-16","RT-D10","Dallas DC to Denver Dist.","DC-DAL","DST-DEN","FINISHED","TRUCK",2,32.7767,-96.7970,39.7392,-104.9903,2,0,29,79,false,"\N",8
72,"2026-02-16","RT-D14","Seattle DC to LA Dist.","DC-SEA","DST-LAX","FINISHED","TRUCK",3,47.6062,-122.3321,34.0522,-118.2437,4,0,14,107,false,"\N",3
104,"2026-09-28","RT-S08","Hops: Germany (via Newark) to Brooklyn","SUP-DE","BRW-01","HOPS","OCEAN+TRUCK",21,40.7282,-74.1534,40.6782,-73.9442,21,0,28,86,false,"\N",0
5,"2024-11-04","RT-D06","Chicago DC to Detroit Dist.","DC-CHI","DST-DET","FINISHED","TRUCK",1,41.8525,-87.6514,42.3314,-83.0458,1,0,20,121,false,"\N",1
4,"2024-10-28","RT-B03","Brooklyn Brewery to Toronto DC","BRW-01","DC-TOR","FINISHED","TRUCK",2,40.6782,-73.9442,43.6532,-79.3832,2,0.25,15.3,151.2,true,"Ukraine-Russia War - Grain Export Disruption",38
7,"2024-11-18","RT-D09","Dallas DC to Houston Dist.","DC-DAL","DST-HOU","FINISHED","TRUCK",1,32.7767,-96.7970,29.7604,-95.3698,1,0,29,93,false,"\N",1
7,"2024-11-18","RT-S01","Barley: Montana to Brooklyn Brewery","SUP-MT","BRW-01","BARLEY","RAIL",5,47.5063,-111.2813,40.6782,-73.9442,5,0.125,24.7,118.8,false,"\N",21
17,"2025-01-27","RT-B01","Brooklyn Brewery to NYC DC","BRW-01","DC-NYC","FINISHED","TRUCK",1,40.6782,-73.9442,40.6501,-74.0139,1,0.3,24.6,86.8,true,"Ukraine-Russia War - Grain Export Disruption",44
22,"2025-03-03","RT-B03","Brooklyn Brewery to Toronto DC","BRW-01","DC-TOR","FINISHED","TRUCK",2,40.6782,-73.9442,43.6532,-79.3832,3,0.3,25.5,102.92,true,"Ukraine-Russia War - Grain Export Disruption",46
26,"2025-03-31","RT-B03","Brooklyn Brewery to Toronto DC","BRW-01","DC-TOR","FINISHED","TRUCK",2,40.6782,-73.9442,43.6532,-79.3832,3,0.3,15.8,119.04,true,"Ukraine-Russia War - Grain Export Disruption",42
51,"2025-09-22","RT-D09","Dallas DC to Houston Dist.","DC-DAL","DST-HOU","FINISHED","TRUCK",1,32.7767,-96.7970,29.7604,-95.3698,1,0,22,88,false,"\N",2
14,"2025-01-06","RT-D02","NYC DC to Philadelphia Dist.","DC-NYC","DST-PHL","FINISHED","TRUCK",1,40.6501,-74.0139,39.9526,-75.1652,1,0,18,88,false,"\N",7
31,"2025-05-05","RT-D09","Dallas DC to Houston Dist.","DC-DAL","DST-HOU","FINISHED","TRUCK",1,32.7767,-96.7970,29.7604,-95.3698,1,0,30,82,false,"\N",4
49,"2025-09-08","RT-D06","Chicago DC to Detroit Dist.","DC-CHI","DST-DET","FINISHED","TRUCK",1,41.8525,-87.6514,42.3314,-83.0458,2,0,17,105,false,"\N",9
79,"2026-04-06","RT-D03","Atlanta DC to Miami Dist.","DC-ATL","DST-MIA","FINISHED","TRUCK",2,33.7537,-84.3863,25.7617,-80.1918,3,0,22,127,false,"\N",2
40,"2025-07-07","RT-D12","Seattle DC to Portland Dist.","DC-SEA","DST-PDX","FINISHED","TRUCK",1,47.6062,-122.3321,45.5152,-122.6784,2,0,29,94,false,"\N",9
46,"2025-08-18","RT-S08","Hops: Germany (via Newark) to Brooklyn","SUP-DE","BRW-01","HOPS","OCEAN+TRUCK",21,40.7282,-74.1534,40.6782,-73.9442,27,0.35,23.2,158.72,true,"\N",48
94,"2026-07-20","RT-S08","Hops: Germany (via Newark) to Brooklyn","SUP-DE","BRW-01","HOPS","OCEAN+TRUCK",21,40.7282,-74.1534,40.6782,-73.9442,21,0,18,117,false,"\N",4
47,"2025-08-25","RT-D14","Seattle DC to LA Dist.","DC-SEA","DST-LAX","FINISHED","TRUCK",3,47.6062,-122.3321,34.0522,-118.2437,4,0,25,99,false,"\N",1
79,"2026-04-06","RT-D12","Seattle DC to Portland Dist.","DC-SEA","DST-PDX","FINISHED","TRUCK",1,47.6062,-122.3321,45.5152,-122.6784,2,0,29,81,false,"\N",1
55,"2025-10-20","RT-B06","Portland Brewery to Seattle DC","BRW-03","DC-SEA","FINISHED","TRUCK",1,45.5152,-122.6784,47.6062,-122.3321,1,0.15,24.4,117.6,false,"Black Sea Grain Corridor Collapse",20
100,"2026-08-31","RT-D02","NYC DC to Philadelphia Dist.","DC-NYC","DST-PHL","FINISHED","TRUCK",1,40.6501,-74.0139,39.9526,-75.1652,1,0,26,82,false,"\N",8
89,"2026-06-15","RT-B03","Brooklyn Brewery to Toronto DC","BRW-01","DC-TOR","FINISHED","TRUCK",2,40.6782,-73.9442,43.6532,-79.3832,2,0.18,14.8,92.66,true,"EU Export Controls on Hop Extracts",26
30,"2025-04-28","RT-B05","Chicago Brewery to Dallas DC","BRW-02","DC-DAL","FINISHED","TRUCK",3,41.8881,-87.6298,32.7767,-96.7970,3,0.25,18.9,139.2,true,"Ukraine-Russia War - Grain Export Disruption",38
86,"2026-05-25","RT-D07","Chicago DC to Minneapolis Dist.","DC-CHI","DST-MSP","FINISHED","TRUCK",1,41.8525,-87.6514,44.9778,-93.2650,2,0,21,74,false,"\N",2
25,"2025-03-24","RT-S02","Barley: N.Dakota to Chicago Brewery","SUP-ND","BRW-02","BARLEY","RAIL",3,46.8772,-96.7898,41.8881,-87.6298,3,0.125,27.6,110,false,"\N",19
38,"2025-06-23","RT-D09","Dallas DC to Houston Dist.","DC-DAL","DST-HOU","FINISHED","TRUCK",1,32.7767,-96.7970,29.7604,-95.3698,1,0,27,117,false,"\N",4
58,"2025-11-10","RT-S03","Barley: Idaho to Portland Brewery","SUP-ID","BRW-03","BARLEY","TRUCK",2,43.6150,-116.2023,45.5152,-122.6784,2,0,23,94,false,"\N",9
58,"2025-11-10","RT-S08","Hops: Germany (via Newark) to Brooklyn","SUP-DE","BRW-01","HOPS","OCEAN+TRUCK",21,40.7282,-74.1534,40.6782,-73.9442,21,0,17,99,false,"\N",7
64,"2025-12-22","RT-D13","Seattle DC to SF Dist.","DC-SEA","DST-SFO","FINISHED","TRUCK",2,47.6062,-122.3321,37.7749,-122.4194,2,0,26,88,false,"\N",10
68,"2026-01-19","RT-D07","Chicago DC to Minneapolis Dist.","DC-CHI","DST-MSP","FINISHED","TRUCK",1,41.8525,-87.6514,44.9778,-93.2650,2,0,15,96,false,"\N",10
30,"2025-04-28","RT-D12","Seattle DC to Portland Dist.","DC-SEA","DST-PDX","FINISHED","TRUCK",1,47.6062,-122.3321,45.5152,-122.6784,2,0,16,117,false,"\N",0
6,"2024-11-11","RT-B01","Brooklyn Brewery to NYC DC","BRW-01","DC-NYC","FINISHED","TRUCK",1,40.6782,-73.9442,40.6501,-74.0139,1,0.25,13.5,108,true,"Ukraine-Russia War - Grain Export Disruption",34
7,"2024-11-18","RT-S06","Hops: Yakima to Chicago Brewery","SUP-WA","BRW-02","HOPS","TRUCK",5,46.6021,-120.5059,41.8881,-87.6298,5,0,19,110,false,"\N",0
13,"2024-12-30","RT-D03","Atlanta DC to Miami Dist.","DC-ATL","DST-MIA","FINISHED","TRUCK",2,33.7537,-84.3863,25.7617,-80.1918,2,0,22,87,false,"\N",10
14,"2025-01-06","RT-S04","Barley: Saskatchewan to Brooklyn","SUP-SK","BRW-01","BARLEY","RAIL",6,50.4452,-104.6189,40.6782,-73.9442,7,0.125,18.1,136.4,false,"\N",21
23,"2025-03-10","RT-D13","Seattle DC to SF Dist.","DC-SEA","DST-SFO","FINISHED","TRUCK",2,47.6062,-122.3321,37.7749,-122.4194,2,0,29,102,false,"\N",7
78,"2026-03-30","RT-D13","Seattle DC to SF Dist.","DC-SEA","DST-SFO","FINISHED","TRUCK",2,47.6062,-122.3321,37.7749,-122.4194,2,0,20,119,false,"\N",3
22,"2025-03-03","RT-S04","Barley: Saskatchewan to Brooklyn","SUP-SK","BRW-01","BARLEY","RAIL",6,50.4452,-104.6189,40.6782,-73.9442,7,0.125,15.2,105.6,false,"\N",25
26,"2025-03-31","RT-D03","Atlanta DC to Miami Dist.","DC-ATL","DST-MIA","FINISHED","TRUCK",2,33.7537,-84.3863,25.7617,-80.1918,3,0,16,96,false,"\N",7
9,"2024-12-02","RT-S06","Hops: Yakima to Chicago Brewery","SUP-WA","BRW-02","HOPS","TRUCK",5,46.6021,-120.5059,41.8881,-87.6298,5,0,23,76,false,"\N",3
51,"2025-09-22","RT-B06","Portland Brewery to Seattle DC","BRW-03","DC-SEA","FINISHED","TRUCK",1,45.5152,-122.6784,47.6062,-122.3321,2,0.35,12.9,129.28,true,"Pacific NW Wildfires - Hop Country",52
56,"2025-10-27","RT-D03","Atlanta DC to Miami Dist.","DC-ATL","DST-MIA","FINISHED","TRUCK",2,33.7537,-84.3863,25.7617,-80.1918,2,0,30,95,false,"\N",2
19,"2025-02-10","RT-D06","Chicago DC to Detroit Dist.","DC-CHI","DST-DET","FINISHED","TRUCK",1,41.8525,-87.6514,42.3314,-83.0458,2,0,16,124,false,"\N",2
42,"2025-07-21","RT-S05","Hops: Yakima to Brooklyn Brewery","SUP-WA","BRW-01","HOPS","TRUCK",7,46.6021,-120.5059,40.6782,-73.9442,7,0,25,110,false,"\N",1
79,"2026-04-06","RT-S08","Hops: Germany (via Newark) to Brooklyn","SUP-DE","BRW-01","HOPS","OCEAN+TRUCK",21,40.7282,-74.1534,40.6782,-73.9442,21,0,22,99,false,"\N",3
35,"2025-06-02","RT-D09","Dallas DC to Houston Dist.","DC-DAL","DST-HOU","FINISHED","TRUCK",1,32.7767,-96.7970,29.7604,-95.3698,2,0,22,104,false,"\N",7
95,"2026-07-27","RT-D07","Chicago DC to Minneapolis Dist.","DC-CHI","DST-MSP","FINISHED","TRUCK",1,41.8525,-87.6514,44.9778,-93.2650,2,0,22,124,false,"\N",10
82,"2026-04-27","RT-D02","NYC DC to Philadelphia Dist.","DC-NYC","DST-PHL","FINISHED","TRUCK",1,40.6501,-74.0139,39.9526,-75.1652,2,0,27,89,false,"\N",3
55,"2025-10-20","RT-B05","Chicago Brewery to Dallas DC","BRW-02","DC-DAL","FINISHED","TRUCK",3,41.8881,-87.6298,32.7767,-96.7970,3,0.15,20.7,140,false,"Black Sea Grain Corridor Collapse",23
85,"2026-05-18","RT-B01","Brooklyn Brewery to NYC DC","BRW-01","DC-NYC","FINISHED","TRUCK",1,40.6782,-73.9442,40.6501,-74.0139,2,0.18,26.9,100.67,true,"EU Export Controls on Hop Extracts",25
37,"2025-06-16","RT-S03","Barley: Idaho to Portland Brewery","SUP-ID","BRW-03","BARLEY","TRUCK",2,43.6150,-116.2023,45.5152,-122.6784,2,0.125,12.4,108.9,false,"\N",22
27,"2025-04-07","RT-D11","Dallas DC to Phoenix Dist.","DC-DAL","DST-PHX","FINISHED","TRUCK",2,32.7767,-96.7970,33.4484,-112.0740,2,0,21,111,false,"\N",8
61,"2025-12-01","RT-B03","Brooklyn Brewery to Toronto DC","BRW-01","DC-TOR","FINISHED","TRUCK",2,40.6782,-73.9442,43.6532,-79.3832,3,0,17,124,false,"\N",4
62,"2025-12-08","RT-D09","Dallas DC to Houston Dist.","DC-DAL","DST-HOU","FINISHED","TRUCK",1,32.7767,-96.7970,29.7604,-95.3698,1,0,18,125,false,"\N",10
66,"2026-01-05","RT-D03","Atlanta DC to Miami Dist.","DC-ATL","DST-MIA","FINISHED","TRUCK",2,33.7537,-84.3863,25.7617,-80.1918,2,0,19,129,false,"\N",9
66,"2026-01-05","RT-D06","Chicago DC to Detroit Dist.","DC-CHI","DST-DET","FINISHED","TRUCK",1,41.8525,-87.6514,42.3314,-83.0458,2,0,22,95,false,"\N",9
70,"2026-02-02","RT-D12","Seattle DC to Portland Dist.","DC-SEA","DST-PDX","FINISHED","TRUCK",1,47.6062,-122.3321,45.5152,-122.6784,2,0,19,83,false,"\N",1
70,"2026-02-02","RT-D02","NYC DC to Philadelphia Dist.","DC-NYC","DST-PHL","FINISHED","TRUCK",1,40.6501,-74.0139,39.9526,-75.1652,1,0,13,106,false,"\N",4
73,"2026-02-23","RT-S04","Barley: Saskatchewan to Brooklyn","SUP-SK","BRW-01","BARLEY","RAIL",6,50.4452,-104.6189,40.6782,-73.9442,6,0,23,98,false,"\N",4
8,"2024-11-25","RT-S05","Hops: Yakima to Brooklyn Brewery","SUP-WA","BRW-01","HOPS","TRUCK",7,46.6021,-120.5059,40.6782,-73.9442,7,0,18,75,false,"\N",1
37,"2025-06-16","RT-B01","Brooklyn Brewery to NYC DC","BRW-01","DC-NYC","FINISHED","TRUCK",1,40.6782,-73.9442,40.6501,-74.0139,1,0.25,14.4,90,true,"Ukraine-Russia War - Grain Export Disruption",36
9,"2024-12-02","RT-B04","Chicago Brewery to Chicago DC","BRW-02","DC-CHI","FINISHED","TRUCK",1,41.8881,-87.6298,41.8525,-87.6514,2,0.25,17.1,130.8,true,"Ukraine-Russia War - Grain Export Disruption",40
56,"2025-10-27","RT-D06","Chicago DC to Detroit Dist.","DC-CHI","DST-DET","FINISHED","TRUCK",1,41.8525,-87.6514,42.3314,-83.0458,1,0,20,92,false,"\N",5
23,"2025-03-10","RT-D05","Atlanta DC to Nashville Dist.","DC-ATL","DST-NSH","FINISHED","TRUCK",1,33.7537,-84.3863,36.1627,-86.7816,2,0,17,84,false,"\N",2
94,"2026-07-20","RT-D05","Atlanta DC to Nashville Dist.","DC-ATL","DST-NSH","FINISHED","TRUCK",1,33.7537,-84.3863,36.1627,-86.7816,1,0,30,95,false,"\N",2
80,"2026-04-13","RT-D13","Seattle DC to SF Dist.","DC-SEA","DST-SFO","FINISHED","TRUCK",2,47.6062,-122.3321,37.7749,-122.4194,3,0,21,124,false,"\N",1
27,"2025-04-07","RT-D05","Atlanta DC to Nashville Dist.","DC-ATL","DST-NSH","FINISHED","TRUCK",1,33.7537,-84.3863,36.1627,-86.7816,2,0,12,79,false,"\N",1
82,"2026-04-27","RT-S03","Barley: Idaho to Portland Brewery","SUP-ID","BRW-03","BARLEY","TRUCK",2,43.6150,-116.2023,45.5152,-122.6784,2,0,21,90,false,"\N",6
35,"2025-06-02","RT-B05","Chicago Brewery to Dallas DC","BRW-02","DC-DAL","FINISHED","TRUCK",3,41.8881,-87.6298,32.7767,-96.7970,5,0.25,26.1,106.8,true,"Ukraine-Russia War - Grain Export Disruption",36
76,"2026-03-16","RT-D10","Dallas DC to Denver Dist.","DC-DAL","DST-DEN","FINISHED","TRUCK",2,32.7767,-96.7970,39.7392,-104.9903,3,0,22,97,false,"\N",3
43,"2025-07-28","RT-B01","Brooklyn Brewery to NYC DC","BRW-01","DC-NYC","FINISHED","TRUCK",1,40.6782,-73.9442,40.6501,-74.0139,1,0.15,24.4,126.56,false,"Black Sea Grain Corridor Collapse",23
73,"2026-02-23","RT-D05","Atlanta DC to Nashville Dist.","DC-ATL","DST-NSH","FINISHED","TRUCK",1,33.7537,-84.3863,36.1627,-86.7816,2,0,25,126,false,"\N",1
95,"2026-07-27","RT-S07","Hops: Yakima to Portland Brewery","SUP-WA","BRW-03","HOPS","TRUCK",1,46.6021,-120.5059,45.5152,-122.6784,1,0,14,101,false,"\N",3
64,"2025-12-22","RT-B06","Portland Brewery to Seattle DC","BRW-03","DC-SEA","FINISHED","TRUCK",1,45.5152,-122.6784,47.6062,-122.3321,2,0,17,77,false,"\N",10
65,"2025-12-29","RT-D04","Atlanta DC to Tampa Dist.","DC-ATL","DST-TPA","FINISHED","TRUCK",1,33.7537,-84.3863,27.9506,-82.4572,1,0,29,73,false,"\N",1
104,"2026-09-28","RT-D02","NYC DC to Philadelphia Dist.","DC-NYC","DST-PHL","FINISHED","TRUCK",1,40.6501,-74.0139,39.9526,-75.1652,1,0,30,70,false,"\N",10
69,"2026-01-26","RT-S08","Hops: Germany (via Newark) to Brooklyn","SUP-DE","BRW-01","HOPS","OCEAN+TRUCK",21,40.7282,-74.1534,40.6782,-73.9442,21,0,29,128,false,"\N",9
61,"2025-12-01","RT-D07","Chicago DC to Minneapolis Dist.","DC-CHI","DST-MSP","FINISHED","TRUCK",1,41.8525,-87.6514,44.9778,-93.2650,1,0,13,118,false,"\N",6
67,"2026-01-12","RT-D11","Dallas DC to Phoenix Dist.","DC-DAL","DST-PHX","FINISHED","TRUCK",2,32.7767,-96.7970,33.4484,-112.0740,2,0,23,95,false,"\N",1
71,"2026-02-09","RT-D07","Chicago DC to Minneapolis Dist.","DC-CHI","DST-MSP","FINISHED","TRUCK",1,41.8525,-87.6514,44.9778,-93.2650,1,0,26,85,false,"\N",6
66,"2026-01-05","RT-S07","Hops: Yakima to Portland Brewery","SUP-WA","BRW-03","HOPS","TRUCK",1,46.6021,-120.5059,45.5152,-122.6784,1,0,25,97,false,"\N",5
13,"2024-12-30","RT-D02","NYC DC to Philadelphia Dist.","DC-NYC","DST-PHL","FINISHED","TRUCK",1,40.6501,-74.0139,39.9526,-75.1652,1,0,16,123,false,"\N",4
20,"2025-02-17","RT-B02","Brooklyn Brewery to Atlanta DC","BRW-01","DC-ATL","FINISHED","TRUCK",3,40.6782,-73.9442,33.7537,-84.3863,5,0.25,11.7,110.4,true,"Ukraine-Russia War - Grain Export Disruption",31
89,"2026-06-15","RT-D04","Atlanta DC to Tampa Dist.","DC-ATL","DST-TPA","FINISHED","TRUCK",1,33.7537,-84.3863,27.9506,-82.4572,1,0,20,127,false,"\N",5
12,"2024-12-23","RT-S03","Barley: Idaho to Portland Brewery","SUP-ID","BRW-03","BARLEY","TRUCK",2,43.6150,-116.2023,45.5152,-122.6784,3,0.125,20.9,89.1,false,"\N",16
15,"2025-01-13","RT-S05","Hops: Yakima to Brooklyn Brewery","SUP-WA","BRW-01","HOPS","TRUCK",7,46.6021,-120.5059,40.6782,-73.9442,7,0,13,124,false,"\N",10
20,"2025-02-17","RT-S04","Barley: Saskatchewan to Brooklyn","SUP-SK","BRW-01","BARLEY","RAIL",6,50.4452,-104.6189,40.6782,-73.9442,8,0.125,16.2,129.8,false,"\N",19
20,"2025-02-17","RT-D06","Chicago DC to Detroit Dist.","DC-CHI","DST-DET","FINISHED","TRUCK",1,41.8525,-87.6514,42.3314,-83.0458,1,0,11,84,false,"\N",9
42,"2025-07-21","RT-S07","Hops: Yakima to Portland Brewery","SUP-WA","BRW-03","HOPS","TRUCK",1,46.6021,-120.5059,45.5152,-122.6784,1,0,17,105,false,"\N",7
44,"2025-08-04","RT-D08","Chicago DC to St.Louis Dist.","DC-CHI","DST-STL","FINISHED","TRUCK",1,41.8525,-87.6514,38.6270,-90.1994,2,0,30,88,false,"\N",9
44,"2025-08-04","RT-D05","Atlanta DC to Nashville Dist.","DC-ATL","DST-NSH","FINISHED","TRUCK",1,33.7537,-84.3863,36.1627,-86.7816,1,0,11,121,false,"\N",7
19,"2025-02-10","RT-D01","NYC DC to Boston Dist.","DC-NYC","DST-BOS","FINISHED","TRUCK",1,40.6501,-74.0139,42.3601,-71.0589,1,0,14,101,false,"\N",9
78,"2026-03-30","RT-B04","Chicago Brewery to Chicago DC","BRW-02","DC-CHI","FINISHED","TRUCK",1,41.8881,-87.6298,41.8525,-87.6514,2,0,21,81,false,"\N",10
55,"2025-10-20","RT-D11","Dallas DC to Phoenix Dist.","DC-DAL","DST-PHX","FINISHED","TRUCK",2,32.7767,-96.7970,33.4484,-112.0740,2,0,22,105,false,"\N",0
66,"2026-01-05","RT-D13","Seattle DC to SF Dist.","DC-SEA","DST-SFO","FINISHED","TRUCK",2,47.6062,-122.3321,37.7749,-122.4194,2,0,26,111,false,"\N",10
72,"2026-02-16","RT-B02","Brooklyn Brewery to Atlanta DC","BRW-01","DC-ATL","FINISHED","TRUCK",3,40.6782,-73.9442,33.7537,-84.3863,4,0,10,100,false,"\N",10
73,"2026-02-23","RT-D13","Seattle DC to SF Dist.","DC-SEA","DST-SFO","FINISHED","TRUCK",2,47.6062,-122.3321,37.7749,-122.4194,3,0,15,97,false,"\N",4
101,"2026-09-07","RT-S05","Hops: Yakima to Brooklyn Brewery","SUP-WA","BRW-01","HOPS","TRUCK",7,46.6021,-120.5059,40.6782,-73.9442,7,0,23,125,false,"\N",7
73,"2026-02-23","RT-S03","Barley: Idaho to Portland Brewery","SUP-ID","BRW-03","BARLEY","TRUCK",2,43.6150,-116.2023,45.5152,-122.6784,2,0,14,81,false,"\N",5
12,"2024-12-23","RT-S06","Hops: Yakima to Chicago Brewery","SUP-WA","BRW-02","HOPS","TRUCK",5,46.6021,-120.5059,41.8881,-87.6298,5,0,20,101,false,"\N",6
18,"2025-02-03","RT-D11","Dallas DC to Phoenix Dist.","DC-DAL","DST-PHX","FINISHED","TRUCK",2,32.7767,-96.7970,33.4484,-112.0740,3,0,20,75,false,"\N",9
24,"2025-03-17","RT-D08","Chicago DC to St.Louis Dist.","DC-CHI","DST-STL","FINISHED","TRUCK",1,41.8525,-87.6514,38.6270,-90.1994,1,0,20,71,false,"\N",2
26,"2025-03-31","RT-S08","Hops: Germany (via Newark) to Brooklyn","SUP-DE","BRW-01","HOPS","OCEAN+TRUCK",21,40.7282,-74.1534,40.6782,-73.9442,21,0,23,75,false,"\N",9
87,"2026-06-01","RT-S08","Hops: Germany (via Newark) to Brooklyn","SUP-DE","BRW-01","HOPS","OCEAN+TRUCK",21,40.7282,-74.1534,40.6782,-73.9442,21,0,25,127,false,"\N",3
9,"2024-12-02","RT-D14","Seattle DC to LA Dist.","DC-SEA","DST-LAX","FINISHED","TRUCK",3,47.6062,-122.3321,34.0522,-118.2437,3,0,15,109,false,"\N",4
90,"2026-06-22","RT-D11","Dallas DC to Phoenix Dist.","DC-DAL","DST-PHX","FINISHED","TRUCK",2,32.7767,-96.7970,33.4484,-112.0740,2,0,12,101,false,"\N",7
78,"2026-03-30","RT-S03","Barley: Idaho to Portland Brewery","SUP-ID","BRW-03","BARLEY","TRUCK",2,43.6150,-116.2023,45.5152,-122.6784,2,0,19,120,false,"\N",3
77,"2026-03-23","RT-D11","Dallas DC to Phoenix Dist.","DC-DAL","DST-PHX","FINISHED","TRUCK",2,32.7767,-96.7970,33.4484,-112.0740,2,0,21,97,false,"\N",2
50,"2025-09-15","RT-S08","Hops: Germany (via Newark) to Brooklyn","SUP-DE","BRW-01","HOPS","OCEAN+TRUCK",21,40.7282,-74.1534,40.6782,-73.9442,28,0.35,23.2,160,true,"\N",44
87,"2026-06-01","RT-S05","Hops: Yakima to Brooklyn Brewery","SUP-WA","BRW-01","HOPS","TRUCK",7,46.6021,-120.5059,40.6782,-73.9442,7,0,10,128,false,"\N",0
100,"2026-08-31","RT-B02","Brooklyn Brewery to Atlanta DC","BRW-01","DC-ATL","FINISHED","TRUCK",3,40.6782,-73.9442,33.7537,-84.3863,3,0,11,118,false,"\N",10
67,"2026-01-12","RT-S02","Barley: N.Dakota to Chicago Brewery","SUP-ND","BRW-02","BARLEY","RAIL",3,46.8772,-96.7898,41.8881,-87.6298,4,0,28,105,false,"\N",3
102,"2026-09-14","RT-D04","Atlanta DC to Tampa Dist.","DC-ATL","DST-TPA","FINISHED","TRUCK",1,33.7537,-84.3863,27.9506,-82.4572,1,0,15,83,false,"\N",10
69,"2026-01-26","RT-S03","Barley: Idaho to Portland Brewery","SUP-ID","BRW-03","BARLEY","TRUCK",2,43.6150,-116.2023,45.5152,-122.6784,3,0,12,123,false,"\N",3
3,"2024-10-21","RT-D02","NYC DC to Philadelphia Dist.","DC-NYC","DST-PHL","FINISHED","TRUCK",1,40.6501,-74.0139,39.9526,-75.1652,1,0,14,111,false,"\N",8
14,"2025-01-06","RT-S02","Barley: N.Dakota to Chicago Brewery","SUP-ND","BRW-02","BARLEY","RAIL",3,46.8772,-96.7898,41.8881,-87.6298,4,0.125,16.2,114.4,false,"\N",17
34,"2025-05-26","RT-S07","Hops: Yakima to Portland Brewery","SUP-WA","BRW-03","HOPS","TRUCK",1,46.6021,-120.5059,45.5152,-122.6784,1,0,30,92,false,"\N",5
94,"2026-07-20","RT-D12","Seattle DC to Portland Dist.","DC-SEA","DST-PDX","FINISHED","TRUCK",1,47.6062,-122.3321,45.5152,-122.6784,1,0,27,87,false,"\N",0
45,"2025-08-11","RT-S02","Barley: N.Dakota to Chicago Brewery","SUP-ND","BRW-02","BARLEY","RAIL",3,46.8772,-96.7898,41.8881,-87.6298,4,0.075,22.3,128.26,false,"\N",11
78,"2026-03-30","RT-S06","Hops: Yakima to Chicago Brewery","SUP-WA","BRW-02","HOPS","TRUCK",5,46.6021,-120.5059,41.8881,-87.6298,5,0,29,119,false,"\N",0
82,"2026-04-27","RT-B02","Brooklyn Brewery to Atlanta DC","BRW-01","DC-ATL","FINISHED","TRUCK",3,40.6782,-73.9442,33.7537,-84.3863,3,0,27,97,false,"\N",6
96,"2026-08-03","RT-D02","NYC DC to Philadelphia Dist.","DC-NYC","DST-PHL","FINISHED","TRUCK",1,40.6501,-74.0139,39.9526,-75.1652,1,0,13,130,false,"\N",4
98,"2026-08-17","RT-S06","Hops: Yakima to Chicago Brewery","SUP-WA","BRW-02","HOPS","TRUCK",5,46.6021,-120.5059,41.8881,-87.6298,6,0,22,93,false,"\N",2
87,"2026-06-01","RT-D04","Atlanta DC to Tampa Dist.","DC-ATL","DST-TPA","FINISHED","TRUCK",1,33.7537,-84.3863,27.9506,-82.4572,2,0,21,82,false,"\N",10
85,"2026-05-18","RT-D13","Seattle DC to SF Dist.","DC-SEA","DST-SFO","FINISHED","TRUCK",2,47.6062,-122.3321,37.7749,-122.4194,3,0,29,86,false,"\N",7
77,"2026-03-23","RT-S01","Barley: Montana to Brooklyn Brewery","SUP-MT","BRW-01","BARLEY","RAIL",5,47.5063,-111.2813,40.6782,-73.9442,5,0,14,121,false,"\N",5
41,"2025-07-14","RT-S01","Barley: Montana to Brooklyn Brewery","SUP-MT","BRW-01","BARLEY","RAIL",5,47.5063,-111.2813,40.6782,-73.9442,5,0.075,29.1,97.52,false,"\N",10
75,"2026-03-09","RT-D08","Chicago DC to St.Louis Dist.","DC-CHI","DST-STL","FINISHED","TRUCK",1,41.8525,-87.6514,38.6270,-90.1994,1,0,15,129,false,"\N",2
69,"2026-01-26","RT-S02","Barley: N.Dakota to Chicago Brewery","SUP-ND","BRW-02","BARLEY","RAIL",3,46.8772,-96.7898,41.8881,-87.6298,3,0,30,101,false,"\N",0
98,"2026-08-17","RT-D03","Atlanta DC to Miami Dist.","DC-ATL","DST-MIA","FINISHED","TRUCK",2,33.7537,-84.3863,25.7617,-80.1918,2,0,21,86,false,"\N",3
33,"2025-05-19","RT-D14","Seattle DC to LA Dist.","DC-SEA","DST-LAX","FINISHED","TRUCK",3,47.6062,-122.3321,34.0522,-118.2437,3,0,13,116,false,"\N",7
81,"2026-04-20","RT-S06","Hops: Yakima to Chicago Brewery","SUP-WA","BRW-02","HOPS","TRUCK",5,46.6021,-120.5059,41.8881,-87.6298,5,0,28,107,false,"\N",2
20,"2025-02-17","RT-D10","Dallas DC to Denver Dist.","DC-DAL","DST-DEN","FINISHED","TRUCK",2,32.7767,-96.7970,39.7392,-104.9903,2,0,18,87,false,"\N",7
33,"2025-05-19","RT-S08","Hops: Germany (via Newark) to Brooklyn","SUP-DE","BRW-01","HOPS","OCEAN+TRUCK",21,40.7282,-74.1534,40.6782,-73.9442,21,0,25,116,false,"\N",3
84,"2026-05-11","RT-S08","Hops: Germany (via Newark) to Brooklyn","SUP-DE","BRW-01","HOPS","OCEAN+TRUCK",21,40.7282,-74.1534,40.6782,-73.9442,21,0,13,119,false,"\N",2
50,"2025-09-15","RT-D14","Seattle DC to LA Dist.","DC-SEA","DST-LAX","FINISHED","TRUCK",3,47.6062,-122.3321,34.0522,-118.2437,3,0,26,90,false,"\N",8
67,"2026-01-12","RT-S03","Barley: Idaho to Portland Brewery","SUP-ID","BRW-03","BARLEY","TRUCK",2,43.6150,-116.2023,45.5152,-122.6784,3,0,20,85,false,"\N",0
103,"2026-09-21","RT-S04","Barley: Saskatchewan to Brooklyn","SUP-SK","BRW-01","BARLEY","RAIL",6,50.4452,-104.6189,40.6782,-73.9442,7,0,15,122,false,"\N",3
104,"2026-09-28","RT-B06","Portland Brewery to Seattle DC","BRW-03","DC-SEA","FINISHED","TRUCK",1,45.5152,-122.6784,47.6062,-122.3321,1,0,27,120,false,"\N",8
69,"2026-01-26","RT-D13","Seattle DC to SF Dist.","DC-SEA","DST-SFO","FINISHED","TRUCK",2,47.6062,-122.3321,37.7749,-122.4194,2,0,18,83,false,"\N",3
69,"2026-01-26","RT-D01","NYC DC to Boston Dist.","DC-NYC","DST-BOS","FINISHED","TRUCK",1,40.6501,-74.0139,42.3601,-71.0589,2,0,23,111,false,"\N",3
101,"2026-09-07","RT-S08","Hops: Germany (via Newark) to Brooklyn","SUP-DE","BRW-01","HOPS","OCEAN+TRUCK",21,40.7282,-74.1534,40.6782,-73.9442,21,0,20,94,false,"\N",7
102,"2026-09-14","RT-S03","Barley: Idaho to Portland Brewery","SUP-ID","BRW-03","BARLEY","TRUCK",2,43.6150,-116.2023,45.5152,-122.6784,2,0,13,120,false,"\N",3
2,"2024-10-14","RT-D07","Chicago DC to Minneapolis Dist.","DC-CHI","DST-MSP","FINISHED","TRUCK",1,41.8525,-87.6514,44.9778,-93.2650,2,0,23,74,false,"\N",9
21,"2025-02-24","RT-D01","NYC DC to Boston Dist.","DC-NYC","DST-BOS","FINISHED","TRUCK",1,40.6501,-74.0139,42.3601,-71.0589,1,0,28,115,false,"\N",7
8,"2024-11-25","RT-B02","Brooklyn Brewery to Atlanta DC","BRW-01","DC-ATL","FINISHED","TRUCK",3,40.6782,-73.9442,33.7537,-84.3863,5,0.55,20.3,152.64,true,"Ukraine-Russia War - Grain Export Disruption",70
34,"2025-05-26","RT-S04","Barley: Saskatchewan to Brooklyn","SUP-SK","BRW-01","BARLEY","RAIL",6,50.4452,-104.6189,40.6782,-73.9442,8,0.125,14.3,135.3,false,"\N",18
38,"2025-06-23","RT-D10","Dallas DC to Denver Dist.","DC-DAL","DST-DEN","FINISHED","TRUCK",2,32.7767,-96.7970,39.7392,-104.9903,3,0,16,126,false,"\N",4
18,"2025-02-03","RT-S03","Barley: Idaho to Portland Brewery","SUP-ID","BRW-03","BARLEY","TRUCK",2,43.6150,-116.2023,45.5152,-122.6784,3,0.125,11.4,137.5,false,"\N",24
21,"2025-02-24","RT-D04","Atlanta DC to Tampa Dist.","DC-ATL","DST-TPA","FINISHED","TRUCK",1,33.7537,-84.3863,27.9506,-82.4572,1,0,16,95,false,"\N",3
51,"2025-09-22","RT-B03","Brooklyn Brewery to Toronto DC","BRW-01","DC-TOR","FINISHED","TRUCK",2,40.6782,-73.9442,43.6532,-79.3832,2,0.15,13.2,125.44,false,"Black Sea Grain Corridor Collapse",23
88,"2026-06-08","RT-S01","Barley: Montana to Brooklyn Brewery","SUP-MT","BRW-01","BARLEY","RAIL",5,47.5063,-111.2813,40.6782,-73.9442,5,0.06,24.4,83.84,false,"\N",10
88,"2026-06-08","RT-B06","Portland Brewery to Seattle DC","BRW-03","DC-SEA","FINISHED","TRUCK",1,45.5152,-122.6784,47.6062,-122.3321,1,0.18,17.6,124.7,true,"Midwest Drought - Domestic Barley Belt",22
80,"2026-04-13","RT-S08","Hops: Germany (via Newark) to Brooklyn","SUP-DE","BRW-01","HOPS","OCEAN+TRUCK",21,40.7282,-74.1534,40.6782,-73.9442,21,0,12,114,false,"\N",4
38,"2025-06-23","RT-S06","Hops: Yakima to Chicago Brewery","SUP-WA","BRW-02","HOPS","TRUCK",5,46.6021,-120.5059,41.8881,-87.6298,5,0,24,82,false,"\N",7
43,"2025-07-28","RT-D01","NYC DC to Boston Dist.","DC-NYC","DST-BOS","FINISHED","TRUCK",1,40.6501,-74.0139,42.3601,-71.0589,2,0,27,96,false,"\N",2
84,"2026-05-11","RT-D02","NYC DC to Philadelphia Dist.","DC-NYC","DST-PHL","FINISHED","TRUCK",1,40.6501,-74.0139,39.9526,-75.1652,1,0,14,70,false,"\N",6
98,"2026-08-17","RT-D08","Chicago DC to St.Louis Dist.","DC-CHI","DST-STL","FINISHED","TRUCK",1,41.8525,-87.6514,38.6270,-90.1994,1,0,17,100,false,"\N",3
33,"2025-05-19","RT-S06","Hops: Yakima to Chicago Brewery","SUP-WA","BRW-02","HOPS","TRUCK",5,46.6021,-120.5059,41.8881,-87.6298,5,0,23,116,false,"\N",0
99,"2026-08-24","RT-S01","Barley: Montana to Brooklyn Brewery","SUP-MT","BRW-01","BARLEY","RAIL",5,47.5063,-111.2813,40.6782,-73.9442,5,0.06,21.5,124.71,false,"\N",12
55,"2025-10-20","RT-B02","Brooklyn Brewery to Atlanta DC","BRW-01","DC-ATL","FINISHED","TRUCK",3,40.6782,-73.9442,33.7537,-84.3863,3,0.15,22.6,103.04,false,"Black Sea Grain Corridor Collapse",27
46,"2025-08-18","RT-D11","Dallas DC to Phoenix Dist.","DC-DAL","DST-PHX","FINISHED","TRUCK",2,32.7767,-96.7970,33.4484,-112.0740,2,0,16,113,false,"\N",1
75,"2026-03-09","RT-D09","Dallas DC to Houston Dist.","DC-DAL","DST-HOU","FINISHED","TRUCK",1,32.7767,-96.7970,29.7604,-95.3698,1,0,16,127,false,"\N",2
61,"2025-12-01","RT-D08","Chicago DC to St.Louis Dist.","DC-CHI","DST-STL","FINISHED","TRUCK",1,41.8525,-87.6514,38.6270,-90.1994,1,0,16,90,false,"\N",0
73,"2026-02-23","RT-S06","Hops: Yakima to Chicago Brewery","SUP-WA","BRW-02","HOPS","TRUCK",5,46.6021,-120.5059,41.8881,-87.6298,5,0,15,109,false,"\N",0
73,"2026-02-23","RT-S01","Barley: Montana to Brooklyn Brewery","SUP-MT","BRW-01","BARLEY","RAIL",5,47.5063,-111.2813,40.6782,-73.9442,5,0,28,109,false,"\N",10
57,"2025-11-03","RT-B04","Chicago Brewery to Chicago DC","BRW-02","DC-CHI","FINISHED","TRUCK",1,41.8881,-87.6298,41.8525,-87.6514,2,0,27,126,false,"\N",9
102,"2026-09-14","RT-D06","Chicago DC to Detroit Dist.","DC-CHI","DST-DET","FINISHED","TRUCK",1,41.8525,-87.6514,42.3314,-83.0458,2,0,14,81,false,"\N",2
63,"2025-12-15","RT-B02","Brooklyn Brewery to Atlanta DC","BRW-01","DC-ATL","FINISHED","TRUCK",3,40.6782,-73.9442,33.7537,-84.3863,4,0,29,97,false,"\N",0
61,"2025-12-01","RT-B01","Brooklyn Brewery to NYC DC","BRW-01","DC-NYC","FINISHED","TRUCK",1,40.6782,-73.9442,40.6501,-74.0139,1,0,29,94,false,"\N",6
22,"2025-03-03","RT-D06","Chicago DC to Detroit Dist.","DC-CHI","DST-DET","FINISHED","TRUCK",1,41.8525,-87.6514,42.3314,-83.0458,2,0,20,83,false,"\N",3
80,"2026-04-13","RT-B06","Portland Brewery to Seattle DC","BRW-03","DC-SEA","FINISHED","TRUCK",1,45.5152,-122.6784,47.6062,-122.3321,1,0.18,18.6,145.29,true,"EU Export Controls on Hop Extracts",32
79,"2026-04-06","RT-S07","Hops: Yakima to Portland Brewery","SUP-WA","BRW-03","HOPS","TRUCK",1,46.6021,-120.5059,45.5152,-122.6784,1,0,10,82,false,"\N",4
35,"2025-06-02","RT-B06","Portland Brewery to Seattle DC","BRW-03","DC-SEA","FINISHED","TRUCK",1,45.5152,-122.6784,47.6062,-122.3321,2,0.25,27,141.6,true,"Ukraine-Russia War - Grain Export Disruption",31
40,"2025-07-07","RT-S08","Hops: Germany (via Newark) to Brooklyn","SUP-DE","BRW-01","HOPS","OCEAN+TRUCK",21,40.7282,-74.1534,40.6782,-73.9442,21,0,25,77,false,"\N",5
92,"2026-07-06","RT-B05","Chicago Brewery to Dallas DC","BRW-02","DC-DAL","FINISHED","TRUCK",3,41.8881,-87.6298,32.7767,-96.7970,3,0.12,11.4,123.85,false,"Midwest Drought - Domestic Barley Belt",14
25,"2025-03-24","RT-D01","NYC DC to Boston Dist.","DC-NYC","DST-BOS","FINISHED","TRUCK",1,40.6501,-74.0139,42.3601,-71.0589,1,0,23,108,false,"\N",1
56,"2025-10-27","RT-B04","Chicago Brewery to Chicago DC","BRW-02","DC-CHI","FINISHED","TRUCK",1,41.8881,-87.6298,41.8525,-87.6514,1,0.15,13.2,98.56,false,"Black Sea Grain Corridor Collapse",24
79,"2026-04-06","RT-S06","Hops: Yakima to Chicago Brewery","SUP-WA","BRW-02","HOPS","TRUCK",5,46.6021,-120.5059,41.8881,-87.6298,5,0,30,118,false,"\N",1
75,"2026-03-09","RT-B01","Brooklyn Brewery to NYC DC","BRW-01","DC-NYC","FINISHED","TRUCK",1,40.6782,-73.9442,40.6501,-74.0139,1,0.18,19.5,88.09,true,"EU Export Controls on Hop Extracts",25
60,"2025-11-24","RT-D10","Dallas DC to Denver Dist.","DC-DAL","DST-DEN","FINISHED","TRUCK",2,32.7767,-96.7970,39.7392,-104.9903,3,0,27,75,false,"\N",6
60,"2025-11-24","RT-B06","Portland Brewery to Seattle DC","BRW-03","DC-SEA","FINISHED","TRUCK",1,45.5152,-122.6784,47.6062,-122.3321,2,0,16,81,false,"\N",8
59,"2025-11-17","RT-D06","Chicago DC to Detroit Dist.","DC-CHI","DST-DET","FINISHED","TRUCK",1,41.8525,-87.6514,42.3314,-83.0458,2,0,15,80,false,"\N",8
61,"2025-12-01","RT-D09","Dallas DC to Houston Dist.","DC-DAL","DST-HOU","FINISHED","TRUCK",1,32.7767,-96.7970,29.7604,-95.3698,2,0,27,105,false,"\N",3
70,"2026-02-02","RT-D10","Dallas DC to Denver Dist.","DC-DAL","DST-DEN","FINISHED","TRUCK",2,32.7767,-96.7970,39.7392,-104.9903,3,0,12,96,false,"\N",4
104,"2026-09-28","RT-B04","Chicago Brewery to Chicago DC","BRW-02","DC-CHI","FINISHED","TRUCK",1,41.8881,-87.6298,41.8525,-87.6514,1,0,11,111,false,"\N",2
102,"2026-09-14","RT-B06","Portland Brewery to Seattle DC","BRW-03","DC-SEA","FINISHED","TRUCK",1,45.5152,-122.6784,47.6062,-122.3321,1,0,21,107,false,"\N",10
82,"2026-04-27","RT-D10","Dallas DC to Denver Dist.","DC-DAL","DST-DEN","FINISHED","TRUCK",2,32.7767,-96.7970,39.7392,-104.9903,2,0,10,129,false,"\N",1
33,"2025-05-19","RT-D11","Dallas DC to Phoenix Dist.","DC-DAL","DST-PHX","FINISHED","TRUCK",2,32.7767,-96.7970,33.4484,-112.0740,2,0,25,110,false,"\N",8
87,"2026-06-01","RT-S06","Hops: Yakima to Chicago Brewery","SUP-WA","BRW-02","HOPS","TRUCK",5,46.6021,-120.5059,41.8881,-87.6298,5,0,24,79,false,"\N",3
76,"2026-03-16","RT-S03","Barley: Idaho to Portland Brewery","SUP-ID","BRW-03","BARLEY","TRUCK",2,43.6150,-116.2023,45.5152,-122.6784,2,0,28,91,false,"\N",8
27,"2025-04-07","RT-B03","Brooklyn Brewery to Toronto DC","BRW-01","DC-TOR","FINISHED","TRUCK",2,40.6782,-73.9442,43.6532,-79.3832,4,0.3,15,152.52,true,"Ukraine-Russia War - Grain Export Disruption",37
29,"2025-04-21","RT-D08","Chicago DC to St.Louis Dist.","DC-CHI","DST-STL","FINISHED","TRUCK",1,41.8525,-87.6514,38.6270,-90.1994,2,0,16,109,false,"\N",1
89,"2026-06-15","RT-S06","Hops: Yakima to Chicago Brewery","SUP-WA","BRW-02","HOPS","TRUCK",5,46.6021,-120.5059,41.8881,-87.6298,5,0,17,81,false,"\N",10
44,"2025-08-04","RT-B06","Portland Brewery to Seattle DC","BRW-03","DC-SEA","FINISHED","TRUCK",1,45.5152,-122.6784,47.6062,-122.3321,2,0.15,22.6,87.36,false,"Black Sea Grain Corridor Collapse",24
13,"2024-12-30","RT-S08","Hops: Germany (via Newark) to Brooklyn","SUP-DE","BRW-01","HOPS","OCEAN+TRUCK",21,40.7282,-74.1534,40.6782,-73.9442,22,0,13,106,false,"\N",0
64,"2025-12-22","RT-S04","Barley: Saskatchewan to Brooklyn","SUP-SK","BRW-01","BARLEY","RAIL",6,50.4452,-104.6189,40.6782,-73.9442,6,0,13,124,false,"\N",5
68,"2026-01-19","RT-S02","Barley: N.Dakota to Chicago Brewery","SUP-ND","BRW-02","BARLEY","RAIL",3,46.8772,-96.7898,41.8881,-87.6298,3,0,22,104,false,"\N",1
103,"2026-09-21","RT-D08","Chicago DC to St.Louis Dist.","DC-CHI","DST-STL","FINISHED","TRUCK",1,41.8525,-87.6514,38.6270,-90.1994,1,0,25,90,false,"\N",5
103,"2026-09-21","RT-S07","Hops: Yakima to Portland Brewery","SUP-WA","BRW-03","HOPS","TRUCK",1,46.6021,-120.5059,45.5152,-122.6784,2,0,22,70,false,"\N",10
59,"2025-11-17","RT-S08","Hops: Germany (via Newark) to Brooklyn","SUP-DE","BRW-01","HOPS","OCEAN+TRUCK",21,40.7282,-74.1534,40.6782,-73.9442,22,0,22,107,false,"\N",6
73,"2026-02-23","RT-B02","Brooklyn Brewery to Atlanta DC","BRW-01","DC-ATL","FINISHED","TRUCK",3,40.6782,-73.9442,33.7537,-84.3863,3,0,22,100,false,"\N",2
70,"2026-02-02","RT-S03","Barley: Idaho to Portland Brewery","SUP-ID","BRW-03","BARLEY","TRUCK",2,43.6150,-116.2023,45.5152,-122.6784,2,0,25,90,false,"\N",2
102,"2026-09-14","RT-S08","Hops: Germany (via Newark) to Brooklyn","SUP-DE","BRW-01","HOPS","OCEAN+TRUCK",21,40.7282,-74.1534,40.6782,-73.9442,21,0,17,122,false,"\N",10
15,"2025-01-13","RT-S06","Hops: Yakima to Chicago Brewery","SUP-WA","BRW-02","HOPS","TRUCK",5,46.6021,-120.5059,41.8881,-87.6298,5,0,22,104,false,"\N",7
21,"2025-02-24","RT-S01","Barley: Montana to Brooklyn Brewery","SUP-MT","BRW-01","BARLEY","RAIL",5,47.5063,-111.2813,40.6782,-73.9442,7,0.125,9.5,129.8,false,"\N",18
94,"2026-07-20","RT-S01","Barley: Montana to Brooklyn Brewery","SUP-MT","BRW-01","BARLEY","RAIL",5,47.5063,-111.2813,40.6782,-73.9442,6,0.06,14.6,100.61,false,"\N",13
45,"2025-08-11","RT-D12","Seattle DC to Portland Dist.","DC-SEA","DST-PDX","FINISHED","TRUCK",1,47.6062,-122.3321,45.5152,-122.6784,1,0,30,96,false,"\N",1
18,"2025-02-03","RT-D02","NYC DC to Philadelphia Dist.","DC-NYC","DST-PHL","FINISHED","TRUCK",1,40.6501,-74.0139,39.9526,-75.1652,2,0,10,83,false,"\N",6
32,"2025-05-12","RT-D11","Dallas DC to Phoenix Dist.","DC-DAL","DST-PHX","FINISHED","TRUCK",2,32.7767,-96.7970,33.4484,-112.0740,2,0,21,128,false,"\N",3
32,"2025-05-12","RT-D01","NYC DC to Boston Dist.","DC-NYC","DST-BOS","FINISHED","TRUCK",1,40.6501,-74.0139,42.3601,-71.0589,2,0,24,128,false,"\N",0
42,"2025-07-21","RT-D01","NYC DC to Boston Dist.","DC-NYC","DST-BOS","FINISHED","TRUCK",1,40.6501,-74.0139,42.3601,-71.0589,2,0,14,120,false,"\N",9
42,"2025-07-21","RT-B01","Brooklyn Brewery to NYC DC","BRW-01","DC-NYC","FINISHED","TRUCK",1,40.6782,-73.9442,40.6501,-74.0139,1,0.15,15,137.76,false,"Black Sea Grain Corridor Collapse",28
50,"2025-09-15","RT-S06","Hops: Yakima to Chicago Brewery","SUP-WA","BRW-02","HOPS","TRUCK",5,46.6021,-120.5059,41.8881,-87.6298,8,0.35,12.9,144.64,true,"\N",43
87,"2026-06-01","RT-S07","Hops: Yakima to Portland Brewery","SUP-WA","BRW-03","HOPS","TRUCK",1,46.6021,-120.5059,45.5152,-122.6784,2,0,16,86,false,"\N",7
88,"2026-06-08","RT-S06","Hops: Yakima to Chicago Brewery","SUP-WA","BRW-02","HOPS","TRUCK",5,46.6021,-120.5059,41.8881,-87.6298,5,0,30,102,false,"\N",0
86,"2026-05-25","RT-B05","Chicago Brewery to Dallas DC","BRW-02","DC-DAL","FINISHED","TRUCK",3,41.8881,-87.6298,32.7767,-96.7970,4,0,24,71,false,"\N",9
93,"2026-07-13","RT-S06","Hops: Yakima to Chicago Brewery","SUP-WA","BRW-02","HOPS","TRUCK",5,46.6021,-120.5059,41.8881,-87.6298,5,0,21,109,false,"\N",1
64,"2025-12-22","RT-D03","Atlanta DC to Miami Dist.","DC-ATL","DST-MIA","FINISHED","TRUCK",2,33.7537,-84.3863,25.7617,-80.1918,3,0,12,124,false,"\N",5
59,"2025-11-17","RT-S07","Hops: Yakima to Portland Brewery","SUP-WA","BRW-03","HOPS","TRUCK",1,46.6021,-120.5059,45.5152,-122.6784,2,0,14,84,false,"\N",8
73,"2026-02-23","RT-D08","Chicago DC to St.Louis Dist.","DC-CHI","DST-STL","FINISHED","TRUCK",1,41.8525,-87.6514,38.6270,-90.1994,1,0,16,81,false,"\N",6
73,"2026-02-23","RT-D07","Chicago DC to Minneapolis Dist.","DC-CHI","DST-MSP","FINISHED","TRUCK",1,41.8525,-87.6514,44.9778,-93.2650,1,0,19,114,false,"\N",5
69,"2026-01-26","RT-D11","Dallas DC to Phoenix Dist.","DC-DAL","DST-PHX","FINISHED","TRUCK",2,32.7767,-96.7970,33.4484,-112.0740,3,0,17,113,false,"\N",4
2,"2024-10-14","RT-B05","Chicago Brewery to Dallas DC","BRW-02","DC-DAL","FINISHED","TRUCK",3,41.8881,-87.6298,32.7767,-96.7970,5,0.25,14.4,132,true,"Ukraine-Russia War - Grain Export Disruption",40
1,"2024-10-07","RT-B02","Brooklyn Brewery to Atlanta DC","BRW-01","DC-ATL","FINISHED","TRUCK",3,40.6782,-73.9442,33.7537,-84.3863,4,0.25,11.7,156,true,"Ukraine-Russia War - Grain Export Disruption",31
3,"2024-10-21","RT-D04","Atlanta DC to Tampa Dist.","DC-ATL","DST-TPA","FINISHED","TRUCK",1,33.7537,-84.3863,27.9506,-82.4572,2,0,29,122,false,"\N",1
26,"2025-03-31","RT-S05","Hops: Yakima to Brooklyn Brewery","SUP-WA","BRW-01","HOPS","TRUCK",7,46.6021,-120.5059,40.6782,-73.9442,8,0,26,82,false,"\N",10
49,"2025-09-08","RT-B05","Chicago Brewery to Dallas DC","BRW-02","DC-DAL","FINISHED","TRUCK",3,41.8881,-87.6298,32.7767,-96.7970,6,0.5,13.6,144.2,true,"Hurricane Season - Gulf Coast",69
84,"2026-05-11","RT-D09","Dallas DC to Houston Dist.","DC-DAL","DST-HOU","FINISHED","TRUCK",1,32.7767,-96.7970,29.7604,-95.3698,1,0,29,122,false,"\N",8
36,"2025-06-09","RT-D09","Dallas DC to Houston Dist.","DC-DAL","DST-HOU","FINISHED","TRUCK",1,32.7767,-96.7970,29.7604,-95.3698,1,0,13,84,false,"\N",5
52,"2025-09-29","RT-D09","Dallas DC to Houston Dist.","DC-DAL","DST-HOU","FINISHED","TRUCK",1,32.7767,-96.7970,29.7604,-95.3698,2,0,19,74,false,"\N",0
95,"2026-07-27","RT-D11","Dallas DC to Phoenix Dist.","DC-DAL","DST-PHX","FINISHED","TRUCK",2,32.7767,-96.7970,33.4484,-112.0740,3,0,27,82,false,"\N",4
30,"2025-04-28","RT-S02","Barley: N.Dakota to Chicago Brewery","SUP-ND","BRW-02","BARLEY","RAIL",3,46.8772,-96.7898,41.8881,-87.6298,4,0.125,15.2,141.9,false,"\N",20
46,"2025-08-18","RT-S06","Hops: Yakima to Chicago Brewery","SUP-WA","BRW-02","HOPS","TRUCK",5,46.6021,-120.5059,41.8881,-87.6298,8,0.35,11.2,142.08,true,"\N",42
75,"2026-03-09","RT-S04","Barley: Saskatchewan to Brooklyn","SUP-SK","BRW-01","BARLEY","RAIL",6,50.4452,-104.6189,40.6782,-73.9442,6,0,17,121,false,"\N",2
9,"2024-12-02","RT-S05","Hops: Yakima to Brooklyn Brewery","SUP-WA","BRW-01","HOPS","TRUCK",7,46.6021,-120.5059,40.6782,-73.9442,8,0,18,88,false,"\N",4
54,"2025-10-13","RT-S05","Hops: Yakima to Brooklyn Brewery","SUP-WA","BRW-01","HOPS","TRUCK",7,46.6021,-120.5059,40.6782,-73.9442,8,0,10,126,false,"\N",7
38,"2025-06-23","RT-D11","Dallas DC to Phoenix Dist.","DC-DAL","DST-PHX","FINISHED","TRUCK",2,32.7767,-96.7970,33.4484,-112.0740,2,0,20,88,false,"\N",6
103,"2026-09-21","RT-D07","Chicago DC to Minneapolis Dist.","DC-CHI","DST-MSP","FINISHED","TRUCK",1,41.8525,-87.6514,44.9778,-93.2650,1,0,26,70,false,"\N",9
70,"2026-02-02","RT-B05","Chicago Brewery to Dallas DC","BRW-02","DC-DAL","FINISHED","TRUCK",3,41.8881,-87.6298,32.7767,-96.7970,3,0,25,95,false,"\N",4
73,"2026-02-23","RT-D09","Dallas DC to Houston Dist.","DC-DAL","DST-HOU","FINISHED","TRUCK",1,32.7767,-96.7970,29.7604,-95.3698,1,0,21,90,false,"\N",5
2,"2024-10-14","RT-B04","Chicago Brewery to Chicago DC","BRW-02","DC-CHI","FINISHED","TRUCK",1,41.8881,-87.6298,41.8525,-87.6514,2,0.25,16.2,153.6,true,"Ukraine-Russia War - Grain Export Disruption",30
39,"2025-06-30","RT-D07","Chicago DC to Minneapolis Dist.","DC-CHI","DST-MSP","FINISHED","TRUCK",1,41.8525,-87.6514,44.9778,-93.2650,1,0,15,92,false,"\N",9
74,"2026-03-02","RT-S07","Hops: Yakima to Portland Brewery","SUP-WA","BRW-03","HOPS","TRUCK",1,46.6021,-120.5059,45.5152,-122.6784,1,0,12,81,false,"\N",4
20,"2025-02-17","RT-D11","Dallas DC to Phoenix Dist.","DC-DAL","DST-PHX","FINISHED","TRUCK",2,32.7767,-96.7970,33.4484,-112.0740,2,0,17,86,false,"\N",5
88,"2026-06-08","RT-D04","Atlanta DC to Tampa Dist.","DC-ATL","DST-TPA","FINISHED","TRUCK",1,33.7537,-84.3863,27.9506,-82.4572,1,0,18,100,false,"\N",1
80,"2026-04-13","RT-D06","Chicago DC to Detroit Dist.","DC-CHI","DST-DET","FINISHED","TRUCK",1,41.8525,-87.6514,42.3314,-83.0458,1,0,28,108,false,"\N",6
29,"2025-04-21","RT-D04","Atlanta DC to Tampa Dist.","DC-ATL","DST-TPA","FINISHED","TRUCK",1,33.7537,-84.3863,27.9506,-82.4572,1,0,26,109,false,"\N",10
78,"2026-03-30","RT-D05","Atlanta DC to Nashville Dist.","DC-ATL","DST-NSH","FINISHED","TRUCK",1,33.7537,-84.3863,36.1627,-86.7816,1,0,12,77,false,"\N",3
93,"2026-07-13","RT-D04","Atlanta DC to Tampa Dist.","DC-ATL","DST-TPA","FINISHED","TRUCK",1,33.7537,-84.3863,27.9506,-82.4572,1,0,18,113,false,"\N",6
89,"2026-06-15","RT-B04","Chicago Brewery to Chicago DC","BRW-02","DC-CHI","FINISHED","TRUCK",1,41.8881,-87.6298,41.8525,-87.6514,1,0.12,15.2,103.02,false,"Midwest Drought - Domestic Barley Belt",23
96,"2026-08-03","RT-B06","Portland Brewery to Seattle DC","BRW-03","DC-SEA","FINISHED","TRUCK",1,45.5152,-122.6784,47.6062,-122.3321,2,0.12,12.4,101.93,false,"Midwest Drought - Domestic Barley Belt",18
45,"2025-08-11","RT-B05","Chicago Brewery to Dallas DC","BRW-02","DC-DAL","FINISHED","TRUCK",3,41.8881,-87.6298,32.7767,-96.7970,3,0.15,23.5,132.16,false,"Black Sea Grain Corridor Collapse",28
103,"2026-09-21","RT-D14","Seattle DC to LA Dist.","DC-SEA","DST-LAX","FINISHED","TRUCK",3,47.6062,-122.3321,34.0522,-118.2437,3,0,22,124,false,"\N",4
62,"2025-12-08","RT-D13","Seattle DC to SF Dist.","DC-SEA","DST-SFO","FINISHED","TRUCK",2,47.6062,-122.3321,37.7749,-122.4194,2,0,13,130,false,"\N",1
57,"2025-11-03","RT-D13","Seattle DC to SF Dist.","DC-SEA","DST-SFO","FINISHED","TRUCK",2,47.6062,-122.3321,37.7749,-122.4194,2,0,13,105,false,"\N",1
65,"2025-12-29","RT-S08","Hops: Germany (via Newark) to Brooklyn","SUP-DE","BRW-01","HOPS","OCEAN+TRUCK",21,40.7282,-74.1534,40.6782,-73.9442,21,0,29,120,false,"\N",10
3,"2024-10-21","RT-S03","Barley: Idaho to Portland Brewery","SUP-ID","BRW-03","BARLEY","TRUCK",2,43.6150,-116.2023,45.5152,-122.6784,3,0.125,28.5,92.4,false,"\N",22
4,"2024-10-28","RT-B02","Brooklyn Brewery to Atlanta DC","BRW-01","DC-ATL","FINISHED","TRUCK",3,40.6782,-73.9442,33.7537,-84.3863,5,0.25,10.8,93.6,true,"Ukraine-Russia War - Grain Export Disruption",34
10,"2024-12-09","RT-D11","Dallas DC to Phoenix Dist.","DC-DAL","DST-PHX","FINISHED","TRUCK",2,32.7767,-96.7970,33.4484,-112.0740,2,0,12,100,false,"\N",5
23,"2025-03-10","RT-S05","Hops: Yakima to Brooklyn Brewery","SUP-WA","BRW-01","HOPS","TRUCK",7,46.6021,-120.5059,40.6782,-73.9442,7,0,13,105,false,"\N",1
23,"2025-03-10","RT-D04","Atlanta DC to Tampa Dist.","DC-ATL","DST-TPA","FINISHED","TRUCK",1,33.7537,-84.3863,27.9506,-82.4572,1,0,15,97,false,"\N",5
34,"2025-05-26","RT-D06","Chicago DC to Detroit Dist.","DC-CHI","DST-DET","FINISHED","TRUCK",1,41.8525,-87.6514,42.3314,-83.0458,1,0,23,77,false,"\N",6
38,"2025-06-23","RT-S05","Hops: Yakima to Brooklyn Brewery","SUP-WA","BRW-01","HOPS","TRUCK",7,46.6021,-120.5059,40.6782,-73.9442,7,0,20,99,false,"\N",5
31,"2025-05-05","RT-D11","Dallas DC to Phoenix Dist.","DC-DAL","DST-PHX","FINISHED","TRUCK",2,32.7767,-96.7970,33.4484,-112.0740,2,0,12,108,false,"\N",8
88,"2026-06-08","RT-B03","Brooklyn Brewery to Toronto DC","BRW-01","DC-TOR","FINISHED","TRUCK",2,40.6782,-73.9442,43.6532,-79.3832,2,0.18,13,134.99,true,"EU Export Controls on Hop Extracts",32
47,"2025-08-25","RT-D06","Chicago DC to Detroit Dist.","DC-CHI","DST-DET","FINISHED","TRUCK",1,41.8525,-87.6514,42.3314,-83.0458,1,0,30,105,false,"\N",10
89,"2026-06-15","RT-B06","Portland Brewery to Seattle DC","BRW-03","DC-SEA","FINISHED","TRUCK",1,45.5152,-122.6784,47.6062,-122.3321,2,0.18,13,125.84,true,"Midwest Drought - Domestic Barley Belt",26
50,"2025-09-15","RT-S01","Barley: Montana to Brooklyn Brewery","SUP-MT","BRW-01","BARLEY","RAIL",5,47.5063,-111.2813,40.6782,-73.9442,5,0.075,27.2,87.98,false,"\N",17
87,"2026-06-01","RT-S03","Barley: Idaho to Portland Brewery","SUP-ID","BRW-03","BARLEY","TRUCK",2,43.6150,-116.2023,45.5152,-122.6784,2,0.06,11.7,79.65,false,"\N",10
76,"2026-03-16","RT-S04","Barley: Saskatchewan to Brooklyn","SUP-SK","BRW-01","BARLEY","RAIL",6,50.4452,-104.6189,40.6782,-73.9442,6,0,18,93,false,"\N",8
50,"2025-09-15","RT-D06","Chicago DC to Detroit Dist.","DC-CHI","DST-DET","FINISHED","TRUCK",1,41.8525,-87.6514,42.3314,-83.0458,1,0,10,103,false,"\N",6
34,"2025-05-26","RT-B04","Chicago Brewery to Chicago DC","BRW-02","DC-CHI","FINISHED","TRUCK",1,41.8881,-87.6298,41.8525,-87.6514,1,0.25,16.2,92.4,true,"Ukraine-Russia War - Grain Export Disruption",39
100,"2026-08-31","RT-D05","Atlanta DC to Nashville Dist.","DC-ATL","DST-NSH","FINISHED","TRUCK",1,33.7537,-84.3863,36.1627,-86.7816,1,0,26,129,false,"\N",4
99,"2026-08-24","RT-D08","Chicago DC to St.Louis Dist.","DC-CHI","DST-STL","FINISHED","TRUCK",1,41.8525,-87.6514,38.6270,-90.1994,1,0,27,79,false,"\N",3
64,"2025-12-22","RT-S08","Hops: Germany (via Newark) to Brooklyn","SUP-DE","BRW-01","HOPS","OCEAN+TRUCK",21,40.7282,-74.1534,40.6782,-73.9442,21,0,27,77,false,"\N",0
67,"2026-01-12","RT-D08","Chicago DC to St.Louis Dist.","DC-CHI","DST-STL","FINISHED","TRUCK",1,41.8525,-87.6514,38.6270,-90.1994,1,0,10,77,false,"\N",2
103,"2026-09-21","RT-D12","Seattle DC to Portland Dist.","DC-SEA","DST-PDX","FINISHED","TRUCK",1,47.6062,-122.3321,45.5152,-122.6784,2,0,17,72,false,"\N",1
61,"2025-12-01","RT-B04","Chicago Brewery to Chicago DC","BRW-02","DC-CHI","FINISHED","TRUCK",1,41.8881,-87.6298,41.8525,-87.6514,2,0,14,85,false,"\N",7
66,"2026-01-05","RT-D12","Seattle DC to Portland Dist.","DC-SEA","DST-PDX","FINISHED","TRUCK",1,47.6062,-122.3321,45.5152,-122.6784,1,0,19,122,false,"\N",3
66,"2026-01-05","RT-B02","Brooklyn Brewery to Atlanta DC","BRW-01","DC-ATL","FINISHED","TRUCK",3,40.6782,-73.9442,33.7537,-84.3863,3,0,22,77,false,"\N",9
6,"2024-11-11","RT-D05","Atlanta DC to Nashville Dist.","DC-ATL","DST-NSH","FINISHED","TRUCK",1,33.7537,-84.3863,36.1627,-86.7816,1,0,18,84,false,"\N",10
7,"2024-11-18","RT-B05","Chicago Brewery to Dallas DC","BRW-02","DC-DAL","FINISHED","TRUCK",3,41.8881,-87.6298,32.7767,-96.7970,4,0.25,26.1,118.8,true,"Ukraine-Russia War - Grain Export Disruption",36
14,"2025-01-06","RT-S05","Hops: Yakima to Brooklyn Brewery","SUP-WA","BRW-01","HOPS","TRUCK",7,46.6021,-120.5059,40.6782,-73.9442,7,0,30,95,false,"\N",7
14,"2025-01-06","RT-D07","Chicago DC to Minneapolis Dist.","DC-CHI","DST-MSP","FINISHED","TRUCK",1,41.8525,-87.6514,44.9778,-93.2650,2,0,11,95,false,"\N",4
16,"2025-01-20","RT-B02","Brooklyn Brewery to Atlanta DC","BRW-01","DC-ATL","FINISHED","TRUCK",3,40.6782,-73.9442,33.7537,-84.3863,3,0.25,16.2,134.4,true,"Ukraine-Russia War - Grain Export Disruption",33
34,"2025-05-26","RT-D10","Dallas DC to Denver Dist.","DC-DAL","DST-DEN","FINISHED","TRUCK",2,32.7767,-96.7970,39.7392,-104.9903,2,0,12,109,false,"\N",8
20,"2025-02-17","RT-D01","NYC DC to Boston Dist.","DC-NYC","DST-BOS","FINISHED","TRUCK",1,40.6501,-74.0139,42.3601,-71.0589,1,0,29,111,false,"\N",5
47,"2025-08-25","RT-D03","Atlanta DC to Miami Dist.","DC-ATL","DST-MIA","FINISHED","TRUCK",2,33.7537,-84.3863,25.7617,-80.1918,2,0,29,130,false,"\N",6
82,"2026-04-27","RT-S07","Hops: Yakima to Portland Brewery","SUP-WA","BRW-03","HOPS","TRUCK",1,46.6021,-120.5059,45.5152,-122.6784,1,0,10,117,false,"\N",4
96,"2026-08-03","RT-S05","Hops: Yakima to Brooklyn Brewery","SUP-WA","BRW-01","HOPS","TRUCK",7,46.6021,-120.5059,40.6782,-73.9442,8,0,12,111,false,"\N",4
100,"2026-08-31","RT-D04","Atlanta DC to Tampa Dist.","DC-ATL","DST-TPA","FINISHED","TRUCK",1,33.7537,-84.3863,27.9506,-82.4572,1,0,11,94,false,"\N",4
83,"2026-05-04","RT-S02","Barley: N.Dakota to Chicago Brewery","SUP-ND","BRW-02","BARLEY","RAIL",3,46.8772,-96.7898,41.8881,-87.6298,4,0,25,108,false,"\N",9
86,"2026-05-25","RT-D11","Dallas DC to Phoenix Dist.","DC-DAL","DST-PHX","FINISHED","TRUCK",2,32.7767,-96.7970,33.4484,-112.0740,3,0,23,123,false,"\N",8
48,"2025-09-01","RT-B03","Brooklyn Brewery to Toronto DC","BRW-01","DC-TOR","FINISHED","TRUCK",2,40.6782,-73.9442,43.6532,-79.3832,2,0.15,9.4,131.04,false,"Black Sea Grain Corridor Collapse",21
45,"2025-08-11","RT-D03","Atlanta DC to Miami Dist.","DC-ATL","DST-MIA","FINISHED","TRUCK",2,33.7537,-84.3863,25.7617,-80.1918,2,0,26,124,false,"\N",3
55,"2025-10-20","RT-D04","Atlanta DC to Tampa Dist.","DC-ATL","DST-TPA","FINISHED","TRUCK",1,33.7537,-84.3863,27.9506,-82.4572,2,0,25,87,false,"\N",3
91,"2026-06-29","RT-S06","Hops: Yakima to Chicago Brewery","SUP-WA","BRW-02","HOPS","TRUCK",5,46.6021,-120.5059,41.8881,-87.6298,6,0,27,81,false,"\N",1
80,"2026-04-13","RT-D10","Dallas DC to Denver Dist.","DC-DAL","DST-DEN","FINISHED","TRUCK",2,32.7767,-96.7970,39.7392,-104.9903,2,0,11,98,false,"\N",5
91,"2026-06-29","RT-D05","Atlanta DC to Nashville Dist.","DC-ATL","DST-NSH","FINISHED","TRUCK",1,33.7537,-84.3863,36.1627,-86.7816,2,0,19,80,false,"\N",8
30,"2025-04-28","RT-S03","Barley: Idaho to Portland Brewery","SUP-ID","BRW-03","BARLEY","TRUCK",2,43.6150,-116.2023,45.5152,-122.6784,2,0.125,22.8,126.5,false,"\N",18
87,"2026-06-01","RT-D09","Dallas DC to Houston Dist.","DC-DAL","DST-HOU","FINISHED","TRUCK",1,32.7767,-96.7970,29.7604,-95.3698,1,0,16,83,false,"\N",2
58,"2025-11-10","RT-D07","Chicago DC to Minneapolis Dist.","DC-CHI","DST-MSP","FINISHED","TRUCK",1,41.8525,-87.6514,44.9778,-93.2650,2,0,27,72,false,"\N",0
58,"2025-11-10","RT-S02","Barley: N.Dakota to Chicago Brewery","SUP-ND","BRW-02","BARLEY","RAIL",3,46.8772,-96.7898,41.8881,-87.6298,3,0,19,89,false,"\N",6
60,"2025-11-24","RT-S04","Barley: Saskatchewan to Brooklyn","SUP-SK","BRW-01","BARLEY","RAIL",6,50.4452,-104.6189,40.6782,-73.9442,7,0,14,82,false,"\N",6
60,"2025-11-24","RT-D03","Atlanta DC to Miami Dist.","DC-ATL","DST-MIA","FINISHED","TRUCK",2,33.7537,-84.3863,25.7617,-80.1918,3,0,25,90,false,"\N",3
68,"2026-01-19","RT-D04","Atlanta DC to Tampa Dist.","DC-ATL","DST-TPA","FINISHED","TRUCK",1,33.7537,-84.3863,27.9506,-82.4572,2,0,12,125,false,"\N",3
103,"2026-09-21","RT-D05","Atlanta DC to Nashville Dist.","DC-ATL","DST-NSH","FINISHED","TRUCK",1,33.7537,-84.3863,36.1627,-86.7816,2,0,13,76,false,"\N",4
103,"2026-09-21","RT-D10","Dallas DC to Denver Dist.","DC-DAL","DST-DEN","FINISHED","TRUCK",2,32.7767,-96.7970,39.7392,-104.9903,2,0,29,109,false,"\N",5
65,"2025-12-29","RT-B01","Brooklyn Brewery to NYC DC","BRW-01","DC-NYC","FINISHED","TRUCK",1,40.6782,-73.9442,40.6501,-74.0139,1,0,20,96,false,"\N",5
2,"2024-10-14","RT-B03","Brooklyn Brewery to Toronto DC","BRW-01","DC-TOR","FINISHED","TRUCK",2,40.6782,-73.9442,43.6532,-79.3832,3,0.25,18,115.2,true,"Ukraine-Russia War - Grain Export Disruption",35
4,"2024-10-28","RT-D02","NYC DC to Philadelphia Dist.","DC-NYC","DST-PHL","FINISHED","TRUCK",1,40.6501,-74.0139,39.9526,-75.1652,1,0,13,101,false,"\N",3
16,"2025-01-20","RT-B04","Chicago Brewery to Chicago DC","BRW-02","DC-CHI","FINISHED","TRUCK",1,41.8881,-87.6298,41.8525,-87.6514,2,0.45,13.1,145.52,true,"Ukraine-Russia War - Grain Export Disruption",56
31,"2025-05-05","RT-D07","Chicago DC to Minneapolis Dist.","DC-CHI","DST-MSP","FINISHED","TRUCK",1,41.8525,-87.6514,44.9778,-93.2650,1,0,12,70,false,"\N",1
74,"2026-03-02","RT-S08","Hops: Germany (via Newark) to Brooklyn","SUP-DE","BRW-01","HOPS","OCEAN+TRUCK",21,40.7282,-74.1534,40.6782,-73.9442,21,0,21,126,false,"\N",3
54,"2025-10-13","RT-D09","Dallas DC to Houston Dist.","DC-DAL","DST-HOU","FINISHED","TRUCK",1,32.7767,-96.7970,29.7604,-95.3698,1,0,20,104,false,"\N",5
88,"2026-06-08","RT-D09","Dallas DC to Houston Dist.","DC-DAL","DST-HOU","FINISHED","TRUCK",1,32.7767,-96.7970,29.7604,-95.3698,2,0,10,83,false,"\N",6
80,"2026-04-13","RT-S04","Barley: Saskatchewan to Brooklyn","SUP-SK","BRW-01","BARLEY","RAIL",6,50.4452,-104.6189,40.6782,-73.9442,6,0,29,99,false,"\N",10
40,"2025-07-07","RT-D06","Chicago DC to Detroit Dist.","DC-CHI","DST-DET","FINISHED","TRUCK",1,41.8525,-87.6514,42.3314,-83.0458,1,0,11,128,false,"\N",2
37,"2025-06-16","RT-B04","Chicago Brewery to Chicago DC","BRW-02","DC-CHI","FINISHED","TRUCK",1,41.8881,-87.6298,41.8525,-87.6514,2,0.25,16.2,99.6,true,"Ukraine-Russia War - Grain Export Disruption",36
94,"2026-07-20","RT-D01","NYC DC to Boston Dist.","DC-NYC","DST-BOS","FINISHED","TRUCK",1,40.6501,-74.0139,42.3601,-71.0589,1,0,13,74,false,"\N",4
87,"2026-06-01","RT-D01","NYC DC to Boston Dist.","DC-NYC","DST-BOS","FINISHED","TRUCK",1,40.6501,-74.0139,42.3601,-71.0589,1,0,27,109,false,"\N",3
45,"2025-08-11","RT-D13","Seattle DC to SF Dist.","DC-SEA","DST-SFO","FINISHED","TRUCK",2,47.6062,-122.3321,37.7749,-122.4194,2,0,16,82,false,"\N",1
45,"2025-08-11","RT-D06","Chicago DC to Detroit Dist.","DC-CHI","DST-DET","FINISHED","TRUCK",1,41.8525,-87.6514,42.3314,-83.0458,1,0,14,78,false,"\N",3
92,"2026-07-06","RT-S02","Barley: N.Dakota to Chicago Brewery","SUP-ND","BRW-02","BARLEY","RAIL",3,46.8772,-96.7898,41.8881,-87.6298,3,0.06,28.3,76.5,false,"\N",15
25,"2025-03-24","RT-D09","Dallas DC to Houston Dist.","DC-DAL","DST-HOU","FINISHED","TRUCK",1,32.7767,-96.7970,29.7604,-95.3698,1,0,23,75,false,"\N",9
77,"2026-03-23","RT-B03","Brooklyn Brewery to Toronto DC","BRW-01","DC-TOR","FINISHED","TRUCK",2,40.6782,-73.9442,43.6532,-79.3832,3,0.18,10.2,88.09,true,"EU Export Controls on Hop Extracts",31
103,"2026-09-21","RT-B03","Brooklyn Brewery to Toronto DC","BRW-01","DC-TOR","FINISHED","TRUCK",2,40.6782,-73.9442,43.6532,-79.3832,3,0,12,110,false,"\N",6
61,"2025-12-01","RT-D01","NYC DC to Boston Dist.","DC-NYC","DST-BOS","FINISHED","TRUCK",1,40.6501,-74.0139,42.3601,-71.0589,1,0,13,111,false,"\N",4
65,"2025-12-29","RT-S04","Barley: Saskatchewan to Brooklyn","SUP-SK","BRW-01","BARLEY","RAIL",6,50.4452,-104.6189,40.6782,-73.9442,7,0,26,120,false,"\N",8
70,"2026-02-02","RT-D07","Chicago DC to Minneapolis Dist.","DC-CHI","DST-MSP","FINISHED","TRUCK",1,41.8525,-87.6514,44.9778,-93.2650,1,0,15,93,false,"\N",8
72,"2026-02-16","RT-D04","Atlanta DC to Tampa Dist.","DC-ATL","DST-TPA","FINISHED","TRUCK",1,33.7537,-84.3863,27.9506,-82.4572,2,0,20,101,false,"\N",7
69,"2026-01-26","RT-D05","Atlanta DC to Nashville Dist.","DC-ATL","DST-NSH","FINISHED","TRUCK",1,33.7537,-84.3863,36.1627,-86.7816,1,0,14,122,false,"\N",8
101,"2026-09-07","RT-B01","Brooklyn Brewery to NYC DC","BRW-01","DC-NYC","FINISHED","TRUCK",1,40.6782,-73.9442,40.6501,-74.0139,1,0,28,91,false,"\N",2
1,"2024-10-07","RT-D02","NYC DC to Philadelphia Dist.","DC-NYC","DST-PHL","FINISHED","TRUCK",1,40.6501,-74.0139,39.9526,-75.1652,1,0,13,117,false,"\N",0
5,"2024-11-04","RT-S06","Hops: Yakima to Chicago Brewery","SUP-WA","BRW-02","HOPS","TRUCK",5,46.6021,-120.5059,41.8881,-87.6298,5,0,20,120,false,"\N",3
6,"2024-11-11","RT-D01","NYC DC to Boston Dist.","DC-NYC","DST-BOS","FINISHED","TRUCK",1,40.6501,-74.0139,42.3601,-71.0589,1,0,13,79,false,"\N",3
11,"2024-12-16","RT-B04","Chicago Brewery to Chicago DC","BRW-02","DC-CHI","FINISHED","TRUCK",1,41.8881,-87.6298,41.8525,-87.6514,2,0.25,25.2,110.4,true,"Ukraine-Russia War - Grain Export Disruption",34
8,"2024-11-25","RT-D02","NYC DC to Philadelphia Dist.","DC-NYC","DST-PHL","FINISHED","TRUCK",1,40.6501,-74.0139,39.9526,-75.1652,2,0,14,130,false,"\N",6
10,"2024-12-09","RT-D08","Chicago DC to St.Louis Dist.","DC-CHI","DST-STL","FINISHED","TRUCK",1,41.8525,-87.6514,38.6270,-90.1994,2,0,21,129,false,"\N",9
13,"2024-12-30","RT-S07","Hops: Yakima to Portland Brewery","SUP-WA","BRW-03","HOPS","TRUCK",1,46.6021,-120.5059,45.5152,-122.6784,1,0,18,97,false,"\N",2
39,"2025-06-30","RT-B03","Brooklyn Brewery to Toronto DC","BRW-01","DC-TOR","FINISHED","TRUCK",2,40.6782,-73.9442,43.6532,-79.3832,2,0.25,11.7,115.2,true,"Ukraine-Russia War - Grain Export Disruption",35
20,"2025-02-17","RT-D14","Seattle DC to LA Dist.","DC-SEA","DST-LAX","FINISHED","TRUCK",3,47.6062,-122.3321,34.0522,-118.2437,3,0,18,92,false,"\N",8
41,"2025-07-14","RT-S08","Hops: Germany (via Newark) to Brooklyn","SUP-DE","BRW-01","HOPS","OCEAN+TRUCK",21,40.7282,-74.1534,40.6782,-73.9442,21,0,27,118,false,"\N",3
29,"2025-04-21","RT-S07","Hops: Yakima to Portland Brewery","SUP-WA","BRW-03","HOPS","TRUCK",1,46.6021,-120.5059,45.5152,-122.6784,1,0,27,130,false,"\N",9
47,"2025-08-25","RT-B06","Portland Brewery to Seattle DC","BRW-03","DC-SEA","FINISHED","TRUCK",1,45.5152,-122.6784,47.6062,-122.3321,1,0.35,24.9,128,true,"Pacific NW Wildfires - Hop Country",45
35,"2025-06-02","RT-B04","Chicago Brewery to Chicago DC","BRW-02","DC-CHI","FINISHED","TRUCK",1,41.8881,-87.6298,41.8525,-87.6514,1,0.25,22.5,133.2,true,"Ukraine-Russia War - Grain Export Disruption",39
85,"2026-05-18","RT-S01","Barley: Montana to Brooklyn Brewery","SUP-MT","BRW-01","BARLEY","RAIL",5,47.5063,-111.2813,40.6782,-73.9442,5,0,19,75,false,"\N",2
43,"2025-07-28","RT-D05","Atlanta DC to Nashville Dist.","DC-ATL","DST-NSH","FINISHED","TRUCK",1,33.7537,-84.3863,36.1627,-86.7816,2,0,16,93,false,"\N",5
44,"2025-08-04","RT-S01","Barley: Montana to Brooklyn Brewery","SUP-MT","BRW-01","BARLEY","RAIL",5,47.5063,-111.2813,40.6782,-73.9442,5,0.075,17.5,93.28,false,"\N",9
9,"2024-12-02","RT-S01","Barley: Montana to Brooklyn Brewery","SUP-MT","BRW-01","BARLEY","RAIL",5,47.5063,-111.2813,40.6782,-73.9442,7,0.125,15.2,106.7,false,"\N",25
50,"2025-09-15","RT-B02","Brooklyn Brewery to Atlanta DC","BRW-01","DC-ATL","FINISHED","TRUCK",3,40.6782,-73.9442,33.7537,-84.3863,3,0.15,10.3,104.16,false,"Black Sea Grain Corridor Collapse",23
77,"2026-03-23","RT-B05","Chicago Brewery to Dallas DC","BRW-02","DC-DAL","FINISHED","TRUCK",3,41.8881,-87.6298,32.7767,-96.7970,4,0,19,126,false,"\N",0
17,"2025-01-27","RT-B02","Brooklyn Brewery to Atlanta DC","BRW-01","DC-ATL","FINISHED","TRUCK",3,40.6782,-73.9442,33.7537,-84.3863,5,0.25,21.6,110.4,true,"Ukraine-Russia War - Grain Export Disruption",39
44,"2025-08-04","RT-D12","Seattle DC to Portland Dist.","DC-SEA","DST-PDX","FINISHED","TRUCK",1,47.6062,-122.3321,45.5152,-122.6784,1,0,19,124,false,"\N",4
58,"2025-11-10","RT-D03","Atlanta DC to Miami Dist.","DC-ATL","DST-MIA","FINISHED","TRUCK",2,33.7537,-84.3863,25.7617,-80.1918,2,0,20,75,false,"\N",7
60,"2025-11-24","RT-D09","Dallas DC to Houston Dist.","DC-DAL","DST-HOU","FINISHED","TRUCK",1,32.7767,-96.7970,29.7604,-95.3698,1,0,12,83,false,"\N",7
68,"2026-01-19","RT-D14","Seattle DC to LA Dist.","DC-SEA","DST-LAX","FINISHED","TRUCK",3,47.6062,-122.3321,34.0522,-118.2437,3,0,11,112,false,"\N",0
65,"2025-12-29","RT-D13","Seattle DC to SF Dist.","DC-SEA","DST-SFO","FINISHED","TRUCK",2,47.6062,-122.3321,37.7749,-122.4194,2,0,20,104,false,"\N",7
65,"2025-12-29","RT-D10","Dallas DC to Denver Dist.","DC-DAL","DST-DEN","FINISHED","TRUCK",2,32.7767,-96.7970,39.7392,-104.9903,3,0,28,94,false,"\N",6
4,"2024-10-28","RT-D09","Dallas DC to Houston Dist.","DC-DAL","DST-HOU","FINISHED","TRUCK",1,32.7767,-96.7970,29.7604,-95.3698,1,0,22,107,false,"\N",2
8,"2024-11-25","RT-D13","Seattle DC to SF Dist.","DC-SEA","DST-SFO","FINISHED","TRUCK",2,47.6062,-122.3321,37.7749,-122.4194,3,0,20,72,false,"\N",6
12,"2024-12-23","RT-B04","Chicago Brewery to Chicago DC","BRW-02","DC-CHI","FINISHED","TRUCK",1,41.8881,-87.6298,41.8525,-87.6514,2,0.25,20.7,146.4,true,"Ukraine-Russia War - Grain Export Disruption",30
16,"2025-01-20","RT-S03","Barley: Idaho to Portland Brewery","SUP-ID","BRW-03","BARLEY","TRUCK",2,43.6150,-116.2023,45.5152,-122.6784,2,0.125,9.5,102.3,false,"\N",19
10,"2024-12-09","RT-S04","Barley: Saskatchewan to Brooklyn","SUP-SK","BRW-01","BARLEY","RAIL",6,50.4452,-104.6189,40.6782,-73.9442,6,0.125,11.4,88,false,"\N",16
22,"2025-03-03","RT-D05","Atlanta DC to Nashville Dist.","DC-ATL","DST-NSH","FINISHED","TRUCK",1,33.7537,-84.3863,36.1627,-86.7816,1,0,10,100,false,"\N",5
51,"2025-09-22","RT-D01","NYC DC to Boston Dist.","DC-NYC","DST-BOS","FINISHED","TRUCK",1,40.6501,-74.0139,42.3601,-71.0589,2,0,18,109,false,"\N",1
90,"2026-06-22","RT-D06","Chicago DC to Detroit Dist.","DC-CHI","DST-DET","FINISHED","TRUCK",1,41.8525,-87.6514,42.3314,-83.0458,1,0,29,75,false,"\N",2
94,"2026-07-20","RT-B01","Brooklyn Brewery to NYC DC","BRW-01","DC-NYC","FINISHED","TRUCK",1,40.6782,-73.9442,40.6501,-74.0139,2,0,26,80,false,"\N",3
94,"2026-07-20","RT-S06","Hops: Yakima to Chicago Brewery","SUP-WA","BRW-02","HOPS","TRUCK",5,46.6021,-120.5059,41.8881,-87.6298,5,0,20,118,false,"\N",8
82,"2026-04-27","RT-S06","Hops: Yakima to Chicago Brewery","SUP-WA","BRW-02","HOPS","TRUCK",5,46.6021,-120.5059,41.8881,-87.6298,5,0,11,118,false,"\N",1
89,"2026-06-15","RT-D12","Seattle DC to Portland Dist.","DC-SEA","DST-PDX","FINISHED","TRUCK",1,47.6062,-122.3321,45.5152,-122.6784,2,0,19,82,false,"\N",5
85,"2026-05-18","RT-D12","Seattle DC to Portland Dist.","DC-SEA","DST-PDX","FINISHED","TRUCK",1,47.6062,-122.3321,45.5152,-122.6784,1,0,25,99,false,"\N",7
81,"2026-04-20","RT-B03","Brooklyn Brewery to Toronto DC","BRW-01","DC-TOR","FINISHED","TRUCK",2,40.6782,-73.9442,43.6532,-79.3832,2,0.18,18.6,110.97,true,"EU Export Controls on Hop Extracts",26
93,"2026-07-13","RT-D12","Seattle DC to Portland Dist.","DC-SEA","DST-PDX","FINISHED","TRUCK",1,47.6062,-122.3321,45.5152,-122.6784,1,0,22,98,false,"\N",0
50,"2025-09-15","RT-D01","NYC DC to Boston Dist.","DC-NYC","DST-BOS","FINISHED","TRUCK",1,40.6501,-74.0139,42.3601,-71.0589,1,0,26,97,false,"\N",9
67,"2026-01-12","RT-D02","NYC DC to Philadelphia Dist.","DC-NYC","DST-PHL","FINISHED","TRUCK",1,40.6501,-74.0139,39.9526,-75.1652,1,0,19,107,false,"\N",9
71,"2026-02-09","RT-S07","Hops: Yakima to Portland Brewery","SUP-WA","BRW-03","HOPS","TRUCK",1,46.6021,-120.5059,45.5152,-122.6784,1,0,17,93,false,"\N",5
65,"2025-12-29","RT-D14","Seattle DC to LA Dist.","DC-SEA","DST-LAX","FINISHED","TRUCK",3,47.6062,-122.3321,34.0522,-118.2437,4,0,21,96,false,"\N",2
69,"2026-01-26","RT-S04","Barley: Saskatchewan to Brooklyn","SUP-SK","BRW-01","BARLEY","RAIL",6,50.4452,-104.6189,40.6782,-73.9442,6,0,25,122,false,"\N",0
69,"2026-01-26","RT-D03","Atlanta DC to Miami Dist.","DC-ATL","DST-MIA","FINISHED","TRUCK",2,33.7537,-84.3863,25.7617,-80.1918,3,0,15,111,false,"\N",6
11,"2024-12-16","RT-B05","Chicago Brewery to Dallas DC","BRW-02","DC-DAL","FINISHED","TRUCK",3,41.8881,-87.6298,32.7767,-96.7970,4,0.25,25.2,109.2,true,"Ukraine-Russia War - Grain Export Disruption",40
20,"2025-02-17","RT-S07","Hops: Yakima to Portland Brewery","SUP-WA","BRW-03","HOPS","TRUCK",1,46.6021,-120.5059,45.5152,-122.6784,1,0,11,81,false,"\N",3
45,"2025-08-11","RT-D02","NYC DC to Philadelphia Dist.","DC-NYC","DST-PHL","FINISHED","TRUCK",1,40.6501,-74.0139,39.9526,-75.1652,1,0,13,97,false,"\N",5
36,"2025-06-09","RT-S05","Hops: Yakima to Brooklyn Brewery","SUP-WA","BRW-01","HOPS","TRUCK",7,46.6021,-120.5059,40.6782,-73.9442,7,0,15,96,false,"\N",4
28,"2025-04-14","RT-S08","Hops: Germany (via Newark) to Brooklyn","SUP-DE","BRW-01","HOPS","OCEAN+TRUCK",21,40.7282,-74.1534,40.6782,-73.9442,21,0,12,116,false,"\N",3
80,"2026-04-13","RT-B04","Chicago Brewery to Chicago DC","BRW-02","DC-CHI","FINISHED","TRUCK",1,41.8881,-87.6298,41.8525,-87.6514,1,0,20,72,false,"\N",8
38,"2025-06-23","RT-B02","Brooklyn Brewery to Atlanta DC","BRW-01","DC-ATL","FINISHED","TRUCK",3,40.6782,-73.9442,33.7537,-84.3863,3,0.25,9,156,true,"Ukraine-Russia War - Grain Export Disruption",38
50,"2025-09-15","RT-S03","Barley: Idaho to Portland Brewery","SUP-ID","BRW-03","BARLEY","TRUCK",2,43.6150,-116.2023,45.5152,-122.6784,2,0.075,19.4,92.22,false,"\N",11
87,"2026-06-01","RT-S01","Barley: Montana to Brooklyn Brewery","SUP-MT","BRW-01","BARLEY","RAIL",5,47.5063,-111.2813,40.6782,-73.9442,5,0.06,14.6,120.52,false,"\N",12
77,"2026-03-23","RT-S08","Hops: Germany (via Newark) to Brooklyn","SUP-DE","BRW-01","HOPS","OCEAN+TRUCK",21,40.7282,-74.1534,40.6782,-73.9442,21,0,11,96,false,"\N",4
26,"2025-03-31","RT-B01","Brooklyn Brewery to NYC DC","BRW-01","DC-NYC","FINISHED","TRUCK",1,40.6782,-73.9442,40.6501,-74.0139,1,0.3,22.9,104.16,true,"Ukraine-Russia War - Grain Export Disruption",42
87,"2026-06-01","RT-D07","Chicago DC to Minneapolis Dist.","DC-CHI","DST-MSP","FINISHED","TRUCK",1,41.8525,-87.6514,44.9778,-93.2650,1,0,21,75,false,"\N",2
99,"2026-08-24","RT-S04","Barley: Saskatchewan to Brooklyn","SUP-SK","BRW-01","BARLEY","RAIL",6,50.4452,-104.6189,40.6782,-73.9442,6,0.06,28.3,95.37,false,"\N",10
60,"2025-11-24","RT-S05","Hops: Yakima to Brooklyn Brewery","SUP-WA","BRW-01","HOPS","TRUCK",7,46.6021,-120.5059,40.6782,-73.9442,8,0,11,105,false,"\N",10
60,"2025-11-24","RT-B04","Chicago Brewery to Chicago DC","BRW-02","DC-CHI","FINISHED","TRUCK",1,41.8881,-87.6298,41.8525,-87.6514,1,0,27,103,false,"\N",1
103,"2026-09-21","RT-D01","NYC DC to Boston Dist.","DC-NYC","DST-BOS","FINISHED","TRUCK",1,40.6501,-74.0139,42.3601,-71.0589,1,0,29,106,false,"\N",2
70,"2026-02-02","RT-S05","Hops: Yakima to Brooklyn Brewery","SUP-WA","BRW-01","HOPS","TRUCK",7,46.6021,-120.5059,40.6782,-73.9442,7,0,18,90,false,"\N",0
101,"2026-09-07","RT-S01","Barley: Montana to Brooklyn Brewery","SUP-MT","BRW-01","BARLEY","RAIL",5,47.5063,-111.2813,40.6782,-73.9442,5,0,13,82,false,"\N",8
7,"2024-11-18","RT-D02","NYC DC to Philadelphia Dist.","DC-NYC","DST-PHL","FINISHED","TRUCK",1,40.6501,-74.0139,39.9526,-75.1652,1,0,27,109,false,"\N",8
3,"2024-10-21","RT-S02","Barley: N.Dakota to Chicago Brewery","SUP-ND","BRW-02","BARLEY","RAIL",3,46.8772,-96.7898,41.8881,-87.6298,3,0.125,25.7,122.1,false,"\N",16
8,"2024-11-25","RT-D05","Atlanta DC to Nashville Dist.","DC-ATL","DST-NSH","FINISHED","TRUCK",1,33.7537,-84.3863,36.1627,-86.7816,2,0,18,128,false,"\N",4
84,"2026-05-11","RT-S06","Hops: Yakima to Chicago Brewery","SUP-WA","BRW-02","HOPS","TRUCK",5,46.6021,-120.5059,41.8881,-87.6298,5,0,19,70,false,"\N",3
89,"2026-06-15","RT-D07","Chicago DC to Minneapolis Dist.","DC-CHI","DST-MSP","FINISHED","TRUCK",1,41.8525,-87.6514,44.9778,-93.2650,1,0,24,78,false,"\N",6
11,"2024-12-16","RT-S01","Barley: Montana to Brooklyn Brewery","SUP-MT","BRW-01","BARLEY","RAIL",5,47.5063,-111.2813,40.6782,-73.9442,7,0.125,11.4,102.3,false,"\N",17
14,"2025-01-06","RT-B03","Brooklyn Brewery to Toronto DC","BRW-01","DC-TOR","FINISHED","TRUCK",2,40.6782,-73.9442,43.6532,-79.3832,2,0.3,19.4,106.64,true,"Ukraine-Russia War - Grain Export Disruption",36
26,"2025-03-31","RT-S01","Barley: Montana to Brooklyn Brewery","SUP-MT","BRW-01","BARLEY","RAIL",5,47.5063,-111.2813,40.6782,-73.9442,7,0.125,22.8,103.4,false,"\N",21
37,"2025-06-16","RT-S08","Hops: Germany (via Newark) to Brooklyn","SUP-DE","BRW-01","HOPS","OCEAN+TRUCK",21,40.7282,-74.1534,40.6782,-73.9442,21,0,13,130,false,"\N",2
32,"2025-05-12","RT-S04","Barley: Saskatchewan to Brooklyn","SUP-SK","BRW-01","BARLEY","RAIL",6,50.4452,-104.6189,40.6782,-73.9442,7,0.125,13.3,132,false,"\N",21
35,"2025-06-02","RT-D05","Atlanta DC to Nashville Dist.","DC-ATL","DST-NSH","FINISHED","TRUCK",1,33.7537,-84.3863,36.1627,-86.7816,2,0,18,123,false,"\N",10
55,"2025-10-20","RT-D12","Seattle DC to Portland Dist.","DC-SEA","DST-PDX","FINISHED","TRUCK",1,47.6062,-122.3321,45.5152,-122.6784,1,0,23,103,false,"\N",10
95,"2026-07-27","RT-B02","Brooklyn Brewery to Atlanta DC","BRW-01","DC-ATL","FINISHED","TRUCK",3,40.6782,-73.9442,33.7537,-84.3863,3,0,25,126,false,"\N",8
45,"2025-08-11","RT-D07","Chicago DC to Minneapolis Dist.","DC-CHI","DST-MSP","FINISHED","TRUCK",1,41.8525,-87.6514,44.9778,-93.2650,2,0,14,123,false,"\N",1
81,"2026-04-20","RT-D08","Chicago DC to St.Louis Dist.","DC-CHI","DST-STL","FINISHED","TRUCK",1,41.8525,-87.6514,38.6270,-90.1994,1,0,27,108,false,"\N",1
77,"2026-03-23","RT-S04","Barley: Saskatchewan to Brooklyn","SUP-SK","BRW-01","BARLEY","RAIL",6,50.4452,-104.6189,40.6782,-73.9442,7,0,24,97,false,"\N",9
74,"2026-03-02","RT-S04","Barley: Saskatchewan to Brooklyn","SUP-SK","BRW-01","BARLEY","RAIL",6,50.4452,-104.6189,40.6782,-73.9442,6,0,16,104,false,"\N",6
87,"2026-06-01","RT-B04","Chicago Brewery to Chicago DC","BRW-02","DC-CHI","FINISHED","TRUCK",1,41.8881,-87.6298,41.8525,-87.6514,1,0.12,15.2,95.35,false,"Midwest Drought - Domestic Barley Belt",14
42,"2025-07-21","RT-D07","Chicago DC to Minneapolis Dist.","DC-CHI","DST-MSP","FINISHED","TRUCK",1,41.8525,-87.6514,44.9778,-93.2650,1,0,24,88,false,"\N",0
95,"2026-07-27","RT-D09","Dallas DC to Houston Dist.","DC-DAL","DST-HOU","FINISHED","TRUCK",1,32.7767,-96.7970,29.7604,-95.3698,2,0,30,102,false,"\N",4
92,"2026-07-06","RT-D01","NYC DC to Boston Dist.","DC-NYC","DST-BOS","FINISHED","TRUCK",1,40.6501,-74.0139,42.3601,-71.0589,2,0,28,118,false,"\N",1
97,"2026-08-10","RT-D05","Atlanta DC to Nashville Dist.","DC-ATL","DST-NSH","FINISHED","TRUCK",1,33.7537,-84.3863,36.1627,-86.7816,1,0,29,97,false,"\N",2
58,"2025-11-10","RT-S06","Hops: Yakima to Chicago Brewery","SUP-WA","BRW-02","HOPS","TRUCK",5,46.6021,-120.5059,41.8881,-87.6298,5,0,27,78,false,"\N",3
64,"2025-12-22","RT-D09","Dallas DC to Houston Dist.","DC-DAL","DST-HOU","FINISHED","TRUCK",1,32.7767,-96.7970,29.7604,-95.3698,2,0,12,78,false,"\N",3
103,"2026-09-21","RT-D09","Dallas DC to Houston Dist.","DC-DAL","DST-HOU","FINISHED","TRUCK",1,32.7767,-96.7970,29.7604,-95.3698,1,0,11,94,false,"\N",10
72,"2026-02-16","RT-B01","Brooklyn Brewery to NYC DC","BRW-01","DC-NYC","FINISHED","TRUCK",1,40.6782,-73.9442,40.6501,-74.0139,1,0,12,78,false,"\N",5
73,"2026-02-23","RT-B04","Chicago Brewery to Chicago DC","BRW-02","DC-CHI","FINISHED","TRUCK",1,41.8881,-87.6298,41.8525,-87.6514,2,0,17,124,false,"\N",9
104,"2026-09-28","RT-D10","Dallas DC to Denver Dist.","DC-DAL","DST-DEN","FINISHED","TRUCK",2,32.7767,-96.7970,39.7392,-104.9903,2,0,29,127,false,"\N",5
104,"2026-09-28","RT-B05","Chicago Brewery to Dallas DC","BRW-02","DC-DAL","FINISHED","TRUCK",3,41.8881,-87.6298,32.7767,-96.7970,3,0,23,122,false,"\N",4
63,"2025-12-15","RT-D10","Dallas DC to Denver Dist.","DC-DAL","DST-DEN","FINISHED","TRUCK",2,32.7767,-96.7970,39.7392,-104.9903,2,0,14,93,false,"\N",1
104,"2026-09-28","RT-B02","Brooklyn Brewery to Atlanta DC","BRW-01","DC-ATL","FINISHED","TRUCK",3,40.6782,-73.9442,33.7537,-84.3863,3,0,30,130,false,"\N",9
15,"2025-01-13","RT-D03","Atlanta DC to Miami Dist.","DC-ATL","DST-MIA","FINISHED","TRUCK",2,33.7537,-84.3863,25.7617,-80.1918,2,0,15,110,false,"\N",3
6,"2024-11-11","RT-D09","Dallas DC to Houston Dist.","DC-DAL","DST-HOU","FINISHED","TRUCK",1,32.7767,-96.7970,29.7604,-95.3698,1,0,28,80,false,"\N",4
7,"2024-11-18","RT-B03","Brooklyn Brewery to Toronto DC","BRW-01","DC-TOR","FINISHED","TRUCK",2,40.6782,-73.9442,43.6532,-79.3832,4,0.3,23.8,97.96,true,"Ukraine-Russia War - Grain Export Disruption",37
31,"2025-05-05","RT-D10","Dallas DC to Denver Dist.","DC-DAL","DST-DEN","FINISHED","TRUCK",2,32.7767,-96.7970,39.7392,-104.9903,2,0,22,79,false,"\N",9
82,"2026-04-27","RT-D14","Seattle DC to LA Dist.","DC-SEA","DST-LAX","FINISHED","TRUCK",3,47.6062,-122.3321,34.0522,-118.2437,4,0,23,74,false,"\N",1
81,"2026-04-20","RT-D06","Chicago DC to Detroit Dist.","DC-CHI","DST-DET","FINISHED","TRUCK",1,41.8525,-87.6514,42.3314,-83.0458,2,0,29,71,false,"\N",9
86,"2026-05-25","RT-B03","Brooklyn Brewery to Toronto DC","BRW-01","DC-TOR","FINISHED","TRUCK",2,40.6782,-73.9442,43.6532,-79.3832,2,0.18,24.1,140.71,true,"EU Export Controls on Hop Extracts",27
94,"2026-07-20","RT-B03","Brooklyn Brewery to Toronto DC","BRW-01","DC-TOR","FINISHED","TRUCK",2,40.6782,-73.9442,43.6532,-79.3832,3,0,27,102,false,"\N",8
78,"2026-03-30","RT-D14","Seattle DC to LA Dist.","DC-SEA","DST-LAX","FINISHED","TRUCK",3,47.6062,-122.3321,34.0522,-118.2437,4,0,24,80,false,"\N",5
93,"2026-07-13","RT-B05","Chicago Brewery to Dallas DC","BRW-02","DC-DAL","FINISHED","TRUCK",3,41.8881,-87.6298,32.7767,-96.7970,3,0.12,11.4,101.93,false,"Midwest Drought - Domestic Barley Belt",16
86,"2026-05-25","RT-D04","Atlanta DC to Tampa Dist.","DC-ATL","DST-TPA","FINISHED","TRUCK",1,33.7537,-84.3863,27.9506,-82.4572,1,0,20,89,false,"\N",3
103,"2026-09-21","RT-S05","Hops: Yakima to Brooklyn Brewery","SUP-WA","BRW-01","HOPS","TRUCK",7,46.6021,-120.5059,40.6782,-73.9442,7,0,22,72,false,"\N",3
104,"2026-09-28","RT-D03","Atlanta DC to Miami Dist.","DC-ATL","DST-MIA","FINISHED","TRUCK",2,33.7537,-84.3863,25.7617,-80.1918,3,0,23,71,false,"\N",2
69,"2026-01-26","RT-D14","Seattle DC to LA Dist.","DC-SEA","DST-LAX","FINISHED","TRUCK",3,47.6062,-122.3321,34.0522,-118.2437,3,0,10,94,false,"\N",2
7,"2024-11-18","RT-D03","Atlanta DC to Miami Dist.","DC-ATL","DST-MIA","FINISHED","TRUCK",2,33.7537,-84.3863,25.7617,-80.1918,2,0,10,75,false,"\N",3
1,"2024-10-07","RT-D10","Dallas DC to Denver Dist.","DC-DAL","DST-DEN","FINISHED","TRUCK",2,32.7767,-96.7970,39.7392,-104.9903,3,0,13,110,false,"\N",4
7,"2024-11-18","RT-S04","Barley: Saskatchewan to Brooklyn","SUP-SK","BRW-01","BARLEY","RAIL",6,50.4452,-104.6189,40.6782,-73.9442,8,0.125,23.8,119.9,false,"\N",20
18,"2025-02-03","RT-B02","Brooklyn Brewery to Atlanta DC","BRW-01","DC-ATL","FINISHED","TRUCK",3,40.6782,-73.9442,33.7537,-84.3863,3,0.25,27,142.8,true,"Ukraine-Russia War - Grain Export Disruption",39
49,"2025-09-08","RT-S07","Hops: Yakima to Portland Brewery","SUP-WA","BRW-03","HOPS","TRUCK",1,46.6021,-120.5059,45.5152,-122.6784,1,0.35,18.1,115.2,true,"\N",50
9,"2024-12-02","RT-D03","Atlanta DC to Miami Dist.","DC-ATL","DST-MIA","FINISHED","TRUCK",2,33.7537,-84.3863,25.7617,-80.1918,2,0,24,78,false,"\N",9
77,"2026-03-23","RT-D06","Chicago DC to Detroit Dist.","DC-CHI","DST-DET","FINISHED","TRUCK",1,41.8525,-87.6514,42.3314,-83.0458,1,0,10,74,false,"\N",10
24,"2025-03-17","RT-B06","Portland Brewery to Seattle DC","BRW-03","DC-SEA","FINISHED","TRUCK",1,45.5152,-122.6784,47.6062,-122.3321,2,0.25,26.1,102,true,"Ukraine-Russia War - Grain Export Disruption",36
31,"2025-05-05","RT-S04","Barley: Saskatchewan to Brooklyn","SUP-SK","BRW-01","BARLEY","RAIL",6,50.4452,-104.6189,40.6782,-73.9442,6,0.125,28.5,106.7,false,"\N",16
34,"2025-05-26","RT-D07","Chicago DC to Minneapolis Dist.","DC-CHI","DST-MSP","FINISHED","TRUCK",1,41.8525,-87.6514,44.9778,-93.2650,1,0,20,85,false,"\N",7
9,"2024-12-02","RT-D12","Seattle DC to Portland Dist.","DC-SEA","DST-PDX","FINISHED","TRUCK",1,47.6062,-122.3321,45.5152,-122.6784,1,0,21,83,false,"\N",2
32,"2025-05-12","RT-D07","Chicago DC to Minneapolis Dist.","DC-CHI","DST-MSP","FINISHED","TRUCK",1,41.8525,-87.6514,44.9778,-93.2650,1,0,19,116,false,"\N",2
94,"2026-07-20","RT-D10","Dallas DC to Denver Dist.","DC-DAL","DST-DEN","FINISHED","TRUCK",2,32.7767,-96.7970,39.7392,-104.9903,2,0,11,126,false,"\N",5
29,"2025-04-21","RT-D14","Seattle DC to LA Dist.","DC-SEA","DST-LAX","FINISHED","TRUCK",3,47.6062,-122.3321,34.0522,-118.2437,4,0,19,106,false,"\N",6
96,"2026-08-03","RT-D03","Atlanta DC to Miami Dist.","DC-ATL","DST-MIA","FINISHED","TRUCK",2,33.7537,-84.3863,25.7617,-80.1918,2,0,26,123,false,"\N",0
40,"2025-07-07","RT-S06","Hops: Yakima to Chicago Brewery","SUP-WA","BRW-02","HOPS","TRUCK",5,46.6021,-120.5059,41.8881,-87.6298,6,0,26,96,false,"\N",2
87,"2026-06-01","RT-D12","Seattle DC to Portland Dist.","DC-SEA","DST-PDX","FINISHED","TRUCK",1,47.6062,-122.3321,45.5152,-122.6784,1,0,15,127,false,"\N",4
77,"2026-03-23","RT-S03","Barley: Idaho to Portland Brewery","SUP-ID","BRW-03","BARLEY","TRUCK",2,43.6150,-116.2023,45.5152,-122.6784,3,0,28,122,false,"\N",9
32,"2025-05-12","RT-B01","Brooklyn Brewery to NYC DC","BRW-01","DC-NYC","FINISHED","TRUCK",1,40.6782,-73.9442,40.6501,-74.0139,1,0.25,18.9,94.8,true,"Ukraine-Russia War - Grain Export Disruption",40
80,"2026-04-13","RT-B02","Brooklyn Brewery to Atlanta DC","BRW-01","DC-ATL","FINISHED","TRUCK",3,40.6782,-73.9442,33.7537,-84.3863,3,0,11,117,false,"\N",0
54,"2025-10-13","RT-D11","Dallas DC to Phoenix Dist.","DC-DAL","DST-PHX","FINISHED","TRUCK",2,32.7767,-96.7970,33.4484,-112.0740,2,0,25,90,false,"\N",2
98,"2026-08-17","RT-D12","Seattle DC to Portland Dist.","DC-SEA","DST-PDX","FINISHED","TRUCK",1,47.6062,-122.3321,45.5152,-122.6784,2,0,20,85,false,"\N",4
20,"2025-02-17","RT-B03","Brooklyn Brewery to Toronto DC","BRW-01","DC-TOR","FINISHED","TRUCK",2,40.6782,-73.9442,43.6532,-79.3832,4,0.45,20.5,116.96,true,"Ukraine-Russia War - Grain Export Disruption",57
51,"2025-09-22","RT-S05","Hops: Yakima to Brooklyn Brewery","SUP-WA","BRW-01","HOPS","TRUCK",7,46.6021,-120.5059,40.6782,-73.9442,8,0.35,24.9,103.68,true,"\N",43
56,"2025-10-27","RT-D05","Atlanta DC to Nashville Dist.","DC-ATL","DST-NSH","FINISHED","TRUCK",1,33.7537,-84.3863,36.1627,-86.7816,2,0,28,116,false,"\N",8
12,"2024-12-23","RT-D05","Atlanta DC to Nashville Dist.","DC-ATL","DST-NSH","FINISHED","TRUCK",1,33.7537,-84.3863,36.1627,-86.7816,1,0,22,77,false,"\N",1
49,"2025-09-08","RT-S01","Barley: Montana to Brooklyn Brewery","SUP-MT","BRW-01","BARLEY","RAIL",5,47.5063,-111.2813,40.6782,-73.9442,5,0.075,15.5,122.96,false,"\N",13
94,"2026-07-20","RT-D03","Atlanta DC to Miami Dist.","DC-ATL","DST-MIA","FINISHED","TRUCK",2,33.7537,-84.3863,25.7617,-80.1918,2,0,19,78,false,"\N",5
83,"2026-05-04","RT-D11","Dallas DC to Phoenix Dist.","DC-DAL","DST-PHX","FINISHED","TRUCK",2,32.7767,-96.7970,33.4484,-112.0740,3,0,27,103,false,"\N",8
38,"2025-06-23","RT-B01","Brooklyn Brewery to NYC DC","BRW-01","DC-NYC","FINISHED","TRUCK",1,40.6782,-73.9442,40.6501,-74.0139,2,0.25,18,90,true,"Ukraine-Russia War - Grain Export Disruption",32
55,"2025-10-20","RT-D03","Atlanta DC to Miami Dist.","DC-ATL","DST-MIA","FINISHED","TRUCK",2,33.7537,-84.3863,25.7617,-80.1918,2,0,13,71,false,"\N",4
81,"2026-04-20","RT-D01","NYC DC to Boston Dist.","DC-NYC","DST-BOS","FINISHED","TRUCK",1,40.6501,-74.0139,42.3601,-71.0589,2,0,30,77,false,"\N",3
58,"2025-11-10","RT-D13","Seattle DC to SF Dist.","DC-SEA","DST-SFO","FINISHED","TRUCK",2,47.6062,-122.3321,37.7749,-122.4194,2,0,15,74,false,"\N",9
68,"2026-01-19","RT-D12","Seattle DC to Portland Dist.","DC-SEA","DST-PDX","FINISHED","TRUCK",1,47.6062,-122.3321,45.5152,-122.6784,2,0,26,115,false,"\N",4
62,"2025-12-08","RT-D08","Chicago DC to St.Louis Dist.","DC-CHI","DST-STL","FINISHED","TRUCK",1,41.8525,-87.6514,38.6270,-90.1994,1,0,23,117,false,"\N",0
73,"2026-02-23","RT-D01","NYC DC to Boston Dist.","DC-NYC","DST-BOS","FINISHED","TRUCK",1,40.6501,-74.0139,42.3601,-71.0589,2,0,25,91,false,"\N",4
104,"2026-09-28","RT-D07","Chicago DC to Minneapolis Dist.","DC-CHI","DST-MSP","FINISHED","TRUCK",1,41.8525,-87.6514,44.9778,-93.2650,1,0,12,113,false,"\N",10
87,"2026-06-01","RT-S04","Barley: Saskatchewan to Brooklyn","SUP-SK","BRW-01","BARLEY","RAIL",6,50.4452,-104.6189,40.6782,-73.9442,6,0.06,19.5,80.7,false,"\N",8
64,"2025-12-22","RT-D02","NYC DC to Philadelphia Dist.","DC-NYC","DST-PHL","FINISHED","TRUCK",1,40.6501,-74.0139,39.9526,-75.1652,2,0,16,109,false,"\N",1
69,"2026-01-26","RT-D07","Chicago DC to Minneapolis Dist.","DC-CHI","DST-MSP","FINISHED","TRUCK",1,41.8525,-87.6514,44.9778,-93.2650,2,0,20,91,false,"\N",1
4,"2024-10-28","RT-D11","Dallas DC to Phoenix Dist.","DC-DAL","DST-PHX","FINISHED","TRUCK",2,32.7767,-96.7970,33.4484,-112.0740,2,0,10,93,false,"\N",3
7,"2024-11-18","RT-D01","NYC DC to Boston Dist.","DC-NYC","DST-BOS","FINISHED","TRUCK",1,40.6501,-74.0139,42.3601,-71.0589,1,0,14,81,false,"\N",8
13,"2024-12-30","RT-D07","Chicago DC to Minneapolis Dist.","DC-CHI","DST-MSP","FINISHED","TRUCK",1,41.8525,-87.6514,44.9778,-93.2650,1,0,18,98,false,"\N",3
23,"2025-03-10","RT-S08","Hops: Germany (via Newark) to Brooklyn","SUP-DE","BRW-01","HOPS","OCEAN+TRUCK",21,40.7282,-74.1534,40.6782,-73.9442,21,0,10,81,false,"\N",5
8,"2024-11-25","RT-D08","Chicago DC to St.Louis Dist.","DC-CHI","DST-STL","FINISHED","TRUCK",1,41.8525,-87.6514,38.6270,-90.1994,2,0,14,89,false,"\N",9
14,"2025-01-06","RT-D08","Chicago DC to St.Louis Dist.","DC-CHI","DST-STL","FINISHED","TRUCK",1,41.8525,-87.6514,38.6270,-90.1994,1,0,26,128,false,"\N",5
26,"2025-03-31","RT-D13","Seattle DC to SF Dist.","DC-SEA","DST-SFO","FINISHED","TRUCK",2,47.6062,-122.3321,37.7749,-122.4194,2,0,20,108,false,"\N",4
26,"2025-03-31","RT-B06","Portland Brewery to Seattle DC","BRW-03","DC-SEA","FINISHED","TRUCK",1,45.5152,-122.6784,47.6062,-122.3321,1,0.25,17.1,154.8,true,"Ukraine-Russia War - Grain Export Disruption",39
31,"2025-05-05","RT-D14","Seattle DC to LA Dist.","DC-SEA","DST-LAX","FINISHED","TRUCK",3,47.6062,-122.3321,34.0522,-118.2437,3,0,24,115,false,"\N",10
34,"2025-05-26","RT-D09","Dallas DC to Houston Dist.","DC-DAL","DST-HOU","FINISHED","TRUCK",1,32.7767,-96.7970,29.7604,-95.3698,2,0,29,128,false,"\N",4
37,"2025-06-16","RT-S05","Hops: Yakima to Brooklyn Brewery","SUP-WA","BRW-01","HOPS","TRUCK",7,46.6021,-120.5059,40.6782,-73.9442,7,0,24,106,false,"\N",2
21,"2025-02-24","RT-S06","Hops: Yakima to Chicago Brewery","SUP-WA","BRW-02","HOPS","TRUCK",5,46.6021,-120.5059,41.8881,-87.6298,5,0,14,76,false,"\N",6
90,"2026-06-22","RT-S05","Hops: Yakima to Brooklyn Brewery","SUP-WA","BRW-01","HOPS","TRUCK",7,46.6021,-120.5059,40.6782,-73.9442,8,0,29,98,false,"\N",10
98,"2026-08-17","RT-D07","Chicago DC to Minneapolis Dist.","DC-CHI","DST-MSP","FINISHED","TRUCK",1,41.8525,-87.6514,44.9778,-93.2650,1,0,13,88,false,"\N",7
19,"2025-02-10","RT-B06","Portland Brewery to Seattle DC","BRW-03","DC-SEA","FINISHED","TRUCK",1,45.5152,-122.6784,47.6062,-122.3321,1,0.25,11.7,154.8,true,"Ukraine-Russia War - Grain Export Disruption",30
41,"2025-07-14","RT-D10","Dallas DC to Denver Dist.","DC-DAL","DST-DEN","FINISHED","TRUCK",2,32.7767,-96.7970,39.7392,-104.9903,2,0,18,115,false,"\N",7
60,"2025-11-24","RT-D12","Seattle DC to Portland Dist.","DC-SEA","DST-PDX","FINISHED","TRUCK",1,47.6062,-122.3321,45.5152,-122.6784,1,0,24,93,false,"\N",4
70,"2026-02-02","RT-D04","Atlanta DC to Tampa Dist.","DC-ATL","DST-TPA","FINISHED","TRUCK",1,33.7537,-84.3863,27.9506,-82.4572,2,0,13,85,false,"\N",3
72,"2026-02-16","RT-S08","Hops: Germany (via Newark) to Brooklyn","SUP-DE","BRW-01","HOPS","OCEAN+TRUCK",21,40.7282,-74.1534,40.6782,-73.9442,21,0,20,105,false,"\N",7
63,"2025-12-15","RT-D05","Atlanta DC to Nashville Dist.","DC-ATL","DST-NSH","FINISHED","TRUCK",1,33.7537,-84.3863,36.1627,-86.7816,2,0,22,83,false,"\N",4
28,"2025-04-14","RT-S01","Barley: Montana to Brooklyn Brewery","SUP-MT","BRW-01","BARLEY","RAIL",5,47.5063,-111.2813,40.6782,-73.9442,5,0.125,17.1,89.1,false,"\N",19
51,"2025-09-22","RT-S01","Barley: Montana to Brooklyn Brewery","SUP-MT","BRW-01","BARLEY","RAIL",5,47.5063,-111.2813,40.6782,-73.9442,5,0.075,24.3,130.38,false,"\N",16
78,"2026-03-30","RT-B03","Brooklyn Brewery to Toronto DC","BRW-01","DC-TOR","FINISHED","TRUCK",2,40.6782,-73.9442,43.6532,-79.3832,3,0.18,27.8,148.72,true,"EU Export Controls on Hop Extracts",29
87,"2026-06-01","RT-B06","Portland Brewery to Seattle DC","BRW-03","DC-SEA","FINISHED","TRUCK",1,45.5152,-122.6784,47.6062,-122.3321,2,0.18,9.3,148.72,true,"Midwest Drought - Domestic Barley Belt",32
95,"2026-07-27","RT-S08","Hops: Germany (via Newark) to Brooklyn","SUP-DE","BRW-01","HOPS","OCEAN+TRUCK",21,40.7282,-74.1534,40.6782,-73.9442,21,0,29,71,false,"\N",3
83,"2026-05-04","RT-D09","Dallas DC to Houston Dist.","DC-DAL","DST-HOU","FINISHED","TRUCK",1,32.7767,-96.7970,29.7604,-95.3698,1,0,27,91,false,"\N",3
20,"2025-02-17","RT-D07","Chicago DC to Minneapolis Dist.","DC-CHI","DST-MSP","FINISHED","TRUCK",1,41.8525,-87.6514,44.9778,-93.2650,2,0,24,74,false,"\N",4
32,"2025-05-12","RT-S08","Hops: Germany (via Newark) to Brooklyn","SUP-DE","BRW-01","HOPS","OCEAN+TRUCK",21,40.7282,-74.1534,40.6782,-73.9442,22,0,20,71,false,"\N",8
38,"2025-06-23","RT-D06","Chicago DC to Detroit Dist.","DC-CHI","DST-DET","FINISHED","TRUCK",1,41.8525,-87.6514,42.3314,-83.0458,2,0,27,119,false,"\N",0
89,"2026-06-15","RT-D13","Seattle DC to SF Dist.","DC-SEA","DST-SFO","FINISHED","TRUCK",2,47.6062,-122.3321,37.7749,-122.4194,2,0,29,117,false,"\N",8
76,"2026-03-16","RT-S05","Hops: Yakima to Brooklyn Brewery","SUP-WA","BRW-01","HOPS","TRUCK",7,46.6021,-120.5059,40.6782,-73.9442,7,0,15,110,false,"\N",2
42,"2025-07-21","RT-D12","Seattle DC to Portland Dist.","DC-SEA","DST-PDX","FINISHED","TRUCK",1,47.6062,-122.3321,45.5152,-122.6784,1,0,15,100,false,"\N",10
46,"2025-08-18","RT-D12","Seattle DC to Portland Dist.","DC-SEA","DST-PDX","FINISHED","TRUCK",1,47.6062,-122.3321,45.5152,-122.6784,1,0,14,119,false,"\N",1
95,"2026-07-27","RT-S04","Barley: Saskatchewan to Brooklyn","SUP-SK","BRW-01","BARLEY","RAIL",6,50.4452,-104.6189,40.6782,-73.9442,6,0.06,28.3,119.47,false,"\N",11
60,"2025-11-24","RT-D08","Chicago DC to St.Louis Dist.","DC-CHI","DST-STL","FINISHED","TRUCK",1,41.8525,-87.6514,38.6270,-90.1994,1,0,16,76,false,"\N",6
62,"2025-12-08","RT-B04","Chicago Brewery to Chicago DC","BRW-02","DC-CHI","FINISHED","TRUCK",1,41.8881,-87.6298,41.8525,-87.6514,1,0,15,78,false,"\N",9
73,"2026-02-23","RT-D10","Dallas DC to Denver Dist.","DC-DAL","DST-DEN","FINISHED","TRUCK",2,32.7767,-96.7970,39.7392,-104.9903,2,0,29,122,false,"\N",9
78,"2026-03-30","RT-D08","Chicago DC to St.Louis Dist.","DC-CHI","DST-STL","FINISHED","TRUCK",1,41.8525,-87.6514,38.6270,-90.1994,2,0,11,126,false,"\N",1
82,"2026-04-27","RT-S05","Hops: Yakima to Brooklyn Brewery","SUP-WA","BRW-01","HOPS","TRUCK",7,46.6021,-120.5059,40.6782,-73.9442,8,0,16,110,false,"\N",1
82,"2026-04-27","RT-B03","Brooklyn Brewery to Toronto DC","BRW-01","DC-TOR","FINISHED","TRUCK",2,40.6782,-73.9442,43.6532,-79.3832,3,0.18,26,146.43,true,"EU Export Controls on Hop Extracts",24
83,"2026-05-04","RT-B01","Brooklyn Brewery to NYC DC","BRW-01","DC-NYC","FINISHED","TRUCK",1,40.6782,-73.9442,40.6501,-74.0139,1,0.18,27.8,96.1,true,"EU Export Controls on Hop Extracts",22
99,"2026-08-24","RT-D13","Seattle DC to SF Dist.","DC-SEA","DST-SFO","FINISHED","TRUCK",2,47.6062,-122.3321,37.7749,-122.4194,2,0,17,107,false,"\N",10
40,"2025-07-07","RT-S05","Hops: Yakima to Brooklyn Brewery","SUP-WA","BRW-01","HOPS","TRUCK",7,46.6021,-120.5059,40.6782,-73.9442,8,0,14,93,false,"\N",5
55,"2025-10-20","RT-D14","Seattle DC to LA Dist.","DC-SEA","DST-LAX","FINISHED","TRUCK",3,47.6062,-122.3321,34.0522,-118.2437,4,0,24,102,false,"\N",3
89,"2026-06-15","RT-S08","Hops: Germany (via Newark) to Brooklyn","SUP-DE","BRW-01","HOPS","OCEAN+TRUCK",21,40.7282,-74.1534,40.6782,-73.9442,22,0,11,111,false,"\N",4
83,"2026-05-04","RT-D10","Dallas DC to Denver Dist.","DC-DAL","DST-DEN","FINISHED","TRUCK",2,32.7767,-96.7970,39.7392,-104.9903,3,0,26,115,false,"\N",2
60,"2025-11-24","RT-D05","Atlanta DC to Nashville Dist.","DC-ATL","DST-NSH","FINISHED","TRUCK",1,33.7537,-84.3863,36.1627,-86.7816,1,0,16,116,false,"\N",0
67,"2026-01-12","RT-B05","Chicago Brewery to Dallas DC","BRW-02","DC-DAL","FINISHED","TRUCK",3,41.8881,-87.6298,32.7767,-96.7970,4,0,21,73,false,"\N",5
62,"2025-12-08","RT-B05","Chicago Brewery to Dallas DC","BRW-02","DC-DAL","FINISHED","TRUCK",3,41.8881,-87.6298,32.7767,-96.7970,3,0,15,108,false,"\N",0
65,"2025-12-29","RT-S01","Barley: Montana to Brooklyn Brewery","SUP-MT","BRW-01","BARLEY","RAIL",5,47.5063,-111.2813,40.6782,-73.9442,5,0,17,116,false,"\N",6
63,"2025-12-15","RT-D07","Chicago DC to Minneapolis Dist.","DC-CHI","DST-MSP","FINISHED","TRUCK",1,41.8525,-87.6514,44.9778,-93.2650,1,0,14,112,false,"\N",5
85,"2026-05-18","RT-D03","Atlanta DC to Miami Dist.","DC-ATL","DST-MIA","FINISHED","TRUCK",2,33.7537,-84.3863,25.7617,-80.1918,2,0,13,122,false,"\N",10
99,"2026-08-24","RT-D09","Dallas DC to Houston Dist.","DC-DAL","DST-HOU","FINISHED","TRUCK",1,32.7767,-96.7970,29.7604,-95.3698,2,0,19,130,false,"\N",7
2,"2024-10-14","RT-S07","Hops: Yakima to Portland Brewery","SUP-WA","BRW-03","HOPS","TRUCK",1,46.6021,-120.5059,45.5152,-122.6784,1,0,19,89,false,"\N",6
5,"2024-11-04","RT-S02","Barley: N.Dakota to Chicago Brewery","SUP-ND","BRW-02","BARLEY","RAIL",3,46.8772,-96.7898,41.8881,-87.6298,3,0.125,26.6,116.6,false,"\N",22
11,"2024-12-16","RT-D10","Dallas DC to Denver Dist.","DC-DAL","DST-DEN","FINISHED","TRUCK",2,32.7767,-96.7970,39.7392,-104.9903,2,0,20,127,false,"\N",1
24,"2025-03-17","RT-S07","Hops: Yakima to Portland Brewery","SUP-WA","BRW-03","HOPS","TRUCK",1,46.6021,-120.5059,45.5152,-122.6784,2,0,26,115,false,"\N",7
48,"2025-09-01","RT-D10","Dallas DC to Denver Dist.","DC-DAL","DST-DEN","FINISHED","TRUCK",2,32.7767,-96.7970,39.7392,-104.9903,3,0,20,118,false,"\N",6
53,"2025-10-06","RT-B05","Chicago Brewery to Dallas DC","BRW-02","DC-DAL","FINISHED","TRUCK",3,41.8881,-87.6298,32.7767,-96.7970,6,0.5,17.6,110.6,true,"Hurricane Season - Gulf Coast",60
20,"2025-02-17","RT-D13","Seattle DC to SF Dist.","DC-SEA","DST-SFO","FINISHED","TRUCK",2,47.6062,-122.3321,37.7749,-122.4194,3,0,11,127,false,"\N",5
42,"2025-07-21","RT-D08","Chicago DC to St.Louis Dist.","DC-CHI","DST-STL","FINISHED","TRUCK",1,41.8525,-87.6514,38.6270,-90.1994,2,0,21,87,false,"\N",9
43,"2025-07-28","RT-D11","Dallas DC to Phoenix Dist.","DC-DAL","DST-PHX","FINISHED","TRUCK",2,32.7767,-96.7970,33.4484,-112.0740,2,0,28,85,false,"\N",5
47,"2025-08-25","RT-B01","Brooklyn Brewery to NYC DC","BRW-01","DC-NYC","FINISHED","TRUCK",1,40.6782,-73.9442,40.6501,-74.0139,1,0.15,24.4,88.48,false,"Black Sea Grain Corridor Collapse",19
47,"2025-08-25","RT-D08","Chicago DC to St.Louis Dist.","DC-CHI","DST-STL","FINISHED","TRUCK",1,41.8525,-87.6514,38.6270,-90.1994,2,0,14,92,false,"\N",10
96,"2026-08-03","RT-D07","Chicago DC to Minneapolis Dist.","DC-CHI","DST-MSP","FINISHED","TRUCK",1,41.8525,-87.6514,44.9778,-93.2650,1,0,11,119,false,"\N",10
99,"2026-08-24","RT-S02","Barley: N.Dakota to Chicago Brewery","SUP-ND","BRW-02","BARLEY","RAIL",3,46.8772,-96.7898,41.8881,-87.6298,3,0.06,21.5,102.7,false,"\N",16
75,"2026-03-09","RT-D12","Seattle DC to Portland Dist.","DC-SEA","DST-PDX","FINISHED","TRUCK",1,47.6062,-122.3321,45.5152,-122.6784,1,0,27,115,false,"\N",0
89,"2026-06-15","RT-D10","Dallas DC to Denver Dist.","DC-DAL","DST-DEN","FINISHED","TRUCK",2,32.7767,-96.7970,39.7392,-104.9903,2,0,28,90,false,"\N",8
95,"2026-07-27","RT-B04","Chicago Brewery to Chicago DC","BRW-02","DC-CHI","FINISHED","TRUCK",1,41.8881,-87.6298,41.8525,-87.6514,2,0.3,19.4,125.24,true,"Midwest Drought - Domestic Barley Belt",37
58,"2025-11-10","RT-D12","Seattle DC to Portland Dist.","DC-SEA","DST-PDX","FINISHED","TRUCK",1,47.6062,-122.3321,45.5152,-122.6784,2,0,16,108,false,"\N",9
67,"2026-01-12","RT-B03","Brooklyn Brewery to Toronto DC","BRW-01","DC-TOR","FINISHED","TRUCK",2,40.6782,-73.9442,43.6532,-79.3832,2,0,18,127,false,"\N",3
57,"2025-11-03","RT-B01","Brooklyn Brewery to NYC DC","BRW-01","DC-NYC","FINISHED","TRUCK",1,40.6782,-73.9442,40.6501,-74.0139,1,0,30,121,false,"\N",7
63,"2025-12-15","RT-D13","Seattle DC to SF Dist.","DC-SEA","DST-SFO","FINISHED","TRUCK",2,47.6062,-122.3321,37.7749,-122.4194,2,0,15,73,false,"\N",1
63,"2025-12-15","RT-D02","NYC DC to Philadelphia Dist.","DC-NYC","DST-PHL","FINISHED","TRUCK",1,40.6501,-74.0139,39.9526,-75.1652,2,0,29,111,false,"\N",4
102,"2026-09-14","RT-D07","Chicago DC to Minneapolis Dist.","DC-CHI","DST-MSP","FINISHED","TRUCK",1,41.8525,-87.6514,44.9778,-93.2650,2,0,10,94,false,"\N",10
5,"2024-11-04","RT-B02","Brooklyn Brewery to Atlanta DC","BRW-01","DC-ATL","FINISHED","TRUCK",3,40.6782,-73.9442,33.7537,-84.3863,4,0.55,11.7,154.08,true,"Ukraine-Russia War - Grain Export Disruption",67
21,"2025-02-24","RT-B03","Brooklyn Brewery to Toronto DC","BRW-01","DC-TOR","FINISHED","TRUCK",2,40.6782,-73.9442,43.6532,-79.3832,4,0.3,8.8,105.4,true,"Ukraine-Russia War - Grain Export Disruption",46
15,"2025-01-13","RT-B03","Brooklyn Brewery to Toronto DC","BRW-01","DC-TOR","FINISHED","TRUCK",2,40.6782,-73.9442,43.6532,-79.3832,2,0.45,8.2,165.92,true,"Ukraine-Russia War - Grain Export Disruption",55
48,"2025-09-01","RT-D04","Atlanta DC to Tampa Dist.","DC-ATL","DST-TPA","FINISHED","TRUCK",1,33.7537,-84.3863,27.9506,-82.4572,1,0,27,97,false,"\N",8
44,"2025-08-04","RT-D02","NYC DC to Philadelphia Dist.","DC-NYC","DST-PHL","FINISHED","TRUCK",1,40.6501,-74.0139,39.9526,-75.1652,1,0,25,121,false,"\N",4
90,"2026-06-22","RT-D13","Seattle DC to SF Dist.","DC-SEA","DST-SFO","FINISHED","TRUCK",2,47.6062,-122.3321,37.7749,-122.4194,2,0,30,118,false,"\N",6
89,"2026-06-15","RT-S01","Barley: Montana to Brooklyn Brewery","SUP-MT","BRW-01","BARLEY","RAIL",5,47.5063,-111.2813,40.6782,-73.9442,5,0.06,23.4,96.42,false,"\N",10
89,"2026-06-15","RT-D02","NYC DC to Philadelphia Dist.","DC-NYC","DST-PHL","FINISHED","TRUCK",1,40.6501,-74.0139,39.9526,-75.1652,1,0,15,110,false,"\N",0
40,"2025-07-07","RT-D11","Dallas DC to Phoenix Dist.","DC-DAL","DST-PHX","FINISHED","TRUCK",2,32.7767,-96.7970,33.4484,-112.0740,2,0,14,102,false,"\N",1
91,"2026-06-29","RT-B05","Chicago Brewery to Dallas DC","BRW-02","DC-DAL","FINISHED","TRUCK",3,41.8881,-87.6298,32.7767,-96.7970,4,0.12,24.8,95.35,false,"Midwest Drought - Domestic Barley Belt",17
44,"2025-08-04","RT-D14","Seattle DC to LA Dist.","DC-SEA","DST-LAX","FINISHED","TRUCK",3,47.6062,-122.3321,34.0522,-118.2437,3,0,20,101,false,"\N",10
29,"2025-04-21","RT-D02","NYC DC to Philadelphia Dist.","DC-NYC","DST-PHL","FINISHED","TRUCK",1,40.6501,-74.0139,39.9526,-75.1652,1,0,26,101,false,"\N",8
86,"2026-05-25","RT-S03","Barley: Idaho to Portland Brewery","SUP-ID","BRW-03","BARLEY","TRUCK",2,43.6150,-116.2023,45.5152,-122.6784,3,0,10,81,false,"\N",3
68,"2026-01-19","RT-D09","Dallas DC to Houston Dist.","DC-DAL","DST-HOU","FINISHED","TRUCK",1,32.7767,-96.7970,29.7604,-95.3698,1,0,11,109,false,"\N",2
71,"2026-02-09","RT-S02","Barley: N.Dakota to Chicago Brewery","SUP-ND","BRW-02","BARLEY","RAIL",3,46.8772,-96.7898,41.8881,-87.6298,3,0,23,111,false,"\N",0
66,"2026-01-05","RT-D08","Chicago DC to St.Louis Dist.","DC-CHI","DST-STL","FINISHED","TRUCK",1,41.8525,-87.6514,38.6270,-90.1994,1,0,11,104,false,"\N",4
66,"2026-01-05","RT-S02","Barley: N.Dakota to Chicago Brewery","SUP-ND","BRW-02","BARLEY","RAIL",3,46.8772,-96.7898,41.8881,-87.6298,3,0,12,128,false,"\N",10
72,"2026-02-16","RT-S03","Barley: Idaho to Portland Brewery","SUP-ID","BRW-03","BARLEY","TRUCK",2,43.6150,-116.2023,45.5152,-122.6784,2,0,24,121,false,"\N",8
50,"2025-09-15","RT-D10","Dallas DC to Denver Dist.","DC-DAL","DST-DEN","FINISHED","TRUCK",2,32.7767,-96.7970,39.7392,-104.9903,3,0,18,95,false,"\N",8
30,"2025-04-28","RT-S06","Hops: Yakima to Chicago Brewery","SUP-WA","BRW-02","HOPS","TRUCK",5,46.6021,-120.5059,41.8881,-87.6298,6,0,21,118,false,"\N",0
35,"2025-06-02","RT-D02","NYC DC to Philadelphia Dist.","DC-NYC","DST-PHL","FINISHED","TRUCK",1,40.6501,-74.0139,39.9526,-75.1652,1,0,29,88,false,"\N",1
60,"2025-11-24","RT-D01","NYC DC to Boston Dist.","DC-NYC","DST-BOS","FINISHED","TRUCK",1,40.6501,-74.0139,42.3601,-71.0589,1,0,29,119,false,"\N",0
61,"2025-12-01","RT-S06","Hops: Yakima to Chicago Brewery","SUP-WA","BRW-02","HOPS","TRUCK",5,46.6021,-120.5059,41.8881,-87.6298,5,0,27,115,false,"\N",0
66,"2026-01-05","RT-S01","Barley: Montana to Brooklyn Brewery","SUP-MT","BRW-01","BARLEY","RAIL",5,47.5063,-111.2813,40.6782,-73.9442,5,0,23,124,false,"\N",6
63,"2025-12-15","RT-S02","Barley: N.Dakota to Chicago Brewery","SUP-ND","BRW-02","BARLEY","RAIL",3,46.8772,-96.7898,41.8881,-87.6298,3,0,27,118,false,"\N",7
21,"2025-02-24","RT-S07","Hops: Yakima to Portland Brewery","SUP-WA","BRW-03","HOPS","TRUCK",1,46.6021,-120.5059,45.5152,-122.6784,1,0,10,98,false,"\N",4
34,"2025-05-26","RT-D08","Chicago DC to St.Louis Dist.","DC-CHI","DST-STL","FINISHED","TRUCK",1,41.8525,-87.6514,38.6270,-90.1994,1,0,12,70,false,"\N",3
81,"2026-04-20","RT-D11","Dallas DC to Phoenix Dist.","DC-DAL","DST-PHX","FINISHED","TRUCK",2,32.7767,-96.7970,33.4484,-112.0740,2,0,18,110,false,"\N",4
16,"2025-01-20","RT-B01","Brooklyn Brewery to NYC DC","BRW-01","DC-NYC","FINISHED","TRUCK",1,40.6782,-73.9442,40.6501,-74.0139,2,0.3,18.5,90.52,true,"Ukraine-Russia War - Grain Export Disruption",41
31,"2025-05-05","RT-S08","Hops: Germany (via Newark) to Brooklyn","SUP-DE","BRW-01","HOPS","OCEAN+TRUCK",21,40.7282,-74.1534,40.6782,-73.9442,21,0,17,100,false,"\N",4
37,"2025-06-16","RT-S01","Barley: Montana to Brooklyn Brewery","SUP-MT","BRW-01","BARLEY","RAIL",5,47.5063,-111.2813,40.6782,-73.9442,6,0.125,24.7,137.5,false,"\N",21
94,"2026-07-20","RT-B05","Chicago Brewery to Dallas DC","BRW-02","DC-DAL","FINISHED","TRUCK",3,41.8881,-87.6298,32.7767,-96.7970,3,0.12,14.3,133.71,false,"Midwest Drought - Domestic Barley Belt",18
35,"2025-06-02","RT-D13","Seattle DC to SF Dist.","DC-SEA","DST-SFO","FINISHED","TRUCK",2,47.6062,-122.3321,37.7749,-122.4194,2,0,22,106,false,"\N",10
50,"2025-09-15","RT-D11","Dallas DC to Phoenix Dist.","DC-DAL","DST-PHX","FINISHED","TRUCK",2,32.7767,-96.7970,33.4484,-112.0740,2,0,24,88,false,"\N",1
25,"2025-03-24","RT-B04","Chicago Brewery to Chicago DC","BRW-02","DC-CHI","FINISHED","TRUCK",1,41.8881,-87.6298,41.8525,-87.6514,2,0.25,14.4,156,true,"Ukraine-Russia War - Grain Export Disruption",37
25,"2025-03-24","RT-B02","Brooklyn Brewery to Atlanta DC","BRW-01","DC-ATL","FINISHED","TRUCK",3,40.6782,-73.9442,33.7537,-84.3863,5,0.25,12.6,84,true,"Ukraine-Russia War - Grain Export Disruption",35
79,"2026-04-06","RT-D04","Atlanta DC to Tampa Dist.","DC-ATL","DST-TPA","FINISHED","TRUCK",1,33.7537,-84.3863,27.9506,-82.4572,1,0,20,88,false,"\N",4
97,"2026-08-10","RT-D11","Dallas DC to Phoenix Dist.","DC-DAL","DST-PHX","FINISHED","TRUCK",2,32.7767,-96.7970,33.4484,-112.0740,3,0,13,94,false,"\N",9
30,"2025-04-28","RT-D14","Seattle DC to LA Dist.","DC-SEA","DST-LAX","FINISHED","TRUCK",3,47.6062,-122.3321,34.0522,-118.2437,3,0,16,94,false,"\N",9
53,"2025-10-06","RT-S01","Barley: Montana to Brooklyn Brewery","SUP-MT","BRW-01","BARLEY","RAIL",5,47.5063,-111.2813,40.6782,-73.9442,6,0.075,19.4,84.8,false,"\N",9
75,"2026-03-09","RT-S01","Barley: Montana to Brooklyn Brewery","SUP-MT","BRW-01","BARLEY","RAIL",5,47.5063,-111.2813,40.6782,-73.9442,6,0,12,130,false,"\N",3
91,"2026-06-29","RT-S01","Barley: Montana to Brooklyn Brewery","SUP-MT","BRW-01","BARLEY","RAIL",5,47.5063,-111.2813,40.6782,-73.9442,6,0.06,14.6,110.04,false,"\N",7
58,"2025-11-10","RT-B04","Chicago Brewery to Chicago DC","BRW-02","DC-CHI","FINISHED","TRUCK",1,41.8881,-87.6298,41.8525,-87.6514,1,0,16,128,false,"\N",3
58,"2025-11-10","RT-D05","Atlanta DC to Nashville Dist.","DC-ATL","DST-NSH","FINISHED","TRUCK",1,33.7537,-84.3863,36.1627,-86.7816,1,0,20,79,false,"\N",2
64,"2025-12-22","RT-S03","Barley: Idaho to Portland Brewery","SUP-ID","BRW-03","BARLEY","TRUCK",2,43.6150,-116.2023,45.5152,-122.6784,3,0,25,112,false,"\N",4
103,"2026-09-21","RT-S08","Hops: Germany (via Newark) to Brooklyn","SUP-DE","BRW-01","HOPS","OCEAN+TRUCK",21,40.7282,-74.1534,40.6782,-73.9442,21,0,29,101,false,"\N",2
62,"2025-12-08","RT-S04","Barley: Saskatchewan to Brooklyn","SUP-SK","BRW-01","BARLEY","RAIL",6,50.4452,-104.6189,40.6782,-73.9442,7,0,24,96,false,"\N",6
63,"2025-12-15","RT-D06","Chicago DC to Detroit Dist.","DC-CHI","DST-DET","FINISHED","TRUCK",1,41.8525,-87.6514,42.3314,-83.0458,1,0,12,126,false,"\N",8
40,"2025-07-07","RT-S07","Hops: Yakima to Portland Brewery","SUP-WA","BRW-03","HOPS","TRUCK",1,46.6021,-120.5059,45.5152,-122.6784,1,0,28,98,false,"\N",7
97,"2026-08-10","RT-S03","Barley: Idaho to Portland Brewery","SUP-ID","BRW-03","BARLEY","TRUCK",2,43.6150,-116.2023,45.5152,-122.6784,3,0.06,14.6,122.62,false,"\N",10
80,"2026-04-13","RT-D01","NYC DC to Boston Dist.","DC-NYC","DST-BOS","FINISHED","TRUCK",1,40.6501,-74.0139,42.3601,-71.0589,2,0,16,105,false,"\N",3
44,"2025-08-04","RT-D11","Dallas DC to Phoenix Dist.","DC-DAL","DST-PHX","FINISHED","TRUCK",2,32.7767,-96.7970,33.4484,-112.0740,2,0,16,124,false,"\N",6
84,"2026-05-11","RT-D05","Atlanta DC to Nashville Dist.","DC-ATL","DST-NSH","FINISHED","TRUCK",1,33.7537,-84.3863,36.1627,-86.7816,1,0,21,120,false,"\N",3
40,"2025-07-07","RT-S02","Barley: N.Dakota to Chicago Brewery","SUP-ND","BRW-02","BARLEY","RAIL",3,46.8772,-96.7898,41.8881,-87.6298,3,0.075,21.3,96.46,false,"\N",16
99,"2026-08-24","RT-D01","NYC DC to Boston Dist.","DC-NYC","DST-BOS","FINISHED","TRUCK",1,40.6501,-74.0139,42.3601,-71.0589,2,0,24,118,false,"\N",1
63,"2025-12-15","RT-D12","Seattle DC to Portland Dist.","DC-SEA","DST-PDX","FINISHED","TRUCK",1,47.6062,-122.3321,45.5152,-122.6784,2,0,27,79,false,"\N",10
101,"2026-09-07","RT-D03","Atlanta DC to Miami Dist.","DC-ATL","DST-MIA","FINISHED","TRUCK",2,33.7537,-84.3863,25.7617,-80.1918,2,0,29,123,false,"\N",9
6,"2024-11-11","RT-D10","Dallas DC to Denver Dist.","DC-DAL","DST-DEN","FINISHED","TRUCK",2,32.7767,-96.7970,39.7392,-104.9903,2,0,15,110,false,"\N",2
26,"2025-03-31","RT-D12","Seattle DC to Portland Dist.","DC-SEA","DST-PDX","FINISHED","TRUCK",1,47.6062,-122.3321,45.5152,-122.6784,1,0,15,107,false,"\N",7
41,"2025-07-14","RT-S03","Barley: Idaho to Portland Brewery","SUP-ID","BRW-03","BARLEY","TRUCK",2,43.6150,-116.2023,45.5152,-122.6784,2,0.075,12.6,87.98,false,"\N",12
88,"2026-06-08","RT-D13","Seattle DC to SF Dist.","DC-SEA","DST-SFO","FINISHED","TRUCK",2,47.6062,-122.3321,37.7749,-122.4194,3,0,21,95,false,"\N",0
16,"2025-01-20","RT-D03","Atlanta DC to Miami Dist.","DC-ATL","DST-MIA","FINISHED","TRUCK",2,33.7537,-84.3863,25.7617,-80.1918,2,0,12,73,false,"\N",5
53,"2025-10-06","RT-B02","Brooklyn Brewery to Atlanta DC","BRW-01","DC-ATL","FINISHED","TRUCK",3,40.6782,-73.9442,33.7537,-84.3863,3,0.15,18.8,80.64,false,"Black Sea Grain Corridor Collapse",19
78,"2026-03-30","RT-B05","Chicago Brewery to Dallas DC","BRW-02","DC-DAL","FINISHED","TRUCK",3,41.8881,-87.6298,32.7767,-96.7970,4,0,30,130,false,"\N",2
79,"2026-04-06","RT-S01","Barley: Montana to Brooklyn Brewery","SUP-MT","BRW-01","BARLEY","RAIL",5,47.5063,-111.2813,40.6782,-73.9442,5,0,22,121,false,"\N",3
40,"2025-07-07","RT-D10","Dallas DC to Denver Dist.","DC-DAL","DST-DEN","FINISHED","TRUCK",2,32.7767,-96.7970,39.7392,-104.9903,3,0,29,110,false,"\N",4
81,"2026-04-20","RT-S07","Hops: Yakima to Portland Brewery","SUP-WA","BRW-03","HOPS","TRUCK",1,46.6021,-120.5059,45.5152,-122.6784,1,0,19,98,false,"\N",10
100,"2026-08-31","RT-D14","Seattle DC to LA Dist.","DC-SEA","DST-LAX","FINISHED","TRUCK",3,47.6062,-122.3321,34.0522,-118.2437,3,0,22,119,false,"\N",9
30,"2025-04-28","RT-B06","Portland Brewery to Seattle DC","BRW-03","DC-SEA","FINISHED","TRUCK",1,45.5152,-122.6784,47.6062,-122.3321,1,0.25,15.3,154.8,true,"Ukraine-Russia War - Grain Export Disruption",37
75,"2026-03-09","RT-D01","NYC DC to Boston Dist.","DC-NYC","DST-BOS","FINISHED","TRUCK",1,40.6501,-74.0139,42.3601,-71.0589,2,0,20,92,false,"\N",10
82,"2026-04-27","RT-B05","Chicago Brewery to Dallas DC","BRW-02","DC-DAL","FINISHED","TRUCK",3,41.8881,-87.6298,32.7767,-96.7970,3,0,14,97,false,"\N",3
81,"2026-04-20","RT-S03","Barley: Idaho to Portland Brewery","SUP-ID","BRW-03","BARLEY","TRUCK",2,43.6150,-116.2023,45.5152,-122.6784,3,0,14,102,false,"\N",6
92,"2026-07-06","RT-D03","Atlanta DC to Miami Dist.","DC-ATL","DST-MIA","FINISHED","TRUCK",2,33.7537,-84.3863,25.7617,-80.1918,2,0,28,102,false,"\N",3
93,"2026-07-13","RT-D05","Atlanta DC to Nashville Dist.","DC-ATL","DST-NSH","FINISHED","TRUCK",1,33.7537,-84.3863,36.1627,-86.7816,1,0,20,129,false,"\N",9
76,"2026-03-16","RT-D07","Chicago DC to Minneapolis Dist.","DC-CHI","DST-MSP","FINISHED","TRUCK",1,41.8525,-87.6514,44.9778,-93.2650,2,0,26,115,false,"\N",6
55,"2025-10-20","RT-D08","Chicago DC to St.Louis Dist.","DC-CHI","DST-STL","FINISHED","TRUCK",1,41.8525,-87.6514,38.6270,-90.1994,1,0,29,98,false,"\N",2
91,"2026-06-29","RT-D08","Chicago DC to St.Louis Dist.","DC-CHI","DST-STL","FINISHED","TRUCK",1,41.8525,-87.6514,38.6270,-90.1994,2,0,22,92,false,"\N",6
64,"2025-12-22","RT-S01","Barley: Montana to Brooklyn Brewery","SUP-MT","BRW-01","BARLEY","RAIL",5,47.5063,-111.2813,40.6782,-73.9442,5,0,27,122,false,"\N",4
68,"2026-01-19","RT-B06","Portland Brewery to Seattle DC","BRW-03","DC-SEA","FINISHED","TRUCK",1,45.5152,-122.6784,47.6062,-122.3321,1,0,12,104,false,"\N",9
71,"2026-02-09","RT-B04","Chicago Brewery to Chicago DC","BRW-02","DC-CHI","FINISHED","TRUCK",1,41.8881,-87.6298,41.8525,-87.6514,2,0,25,98,false,"\N",6
103,"2026-09-21","RT-S01","Barley: Montana to Brooklyn Brewery","SUP-MT","BRW-01","BARLEY","RAIL",5,47.5063,-111.2813,40.6782,-73.9442,5,0,11,129,false,"\N",8
62,"2025-12-08","RT-D14","Seattle DC to LA Dist.","DC-SEA","DST-LAX","FINISHED","TRUCK",3,47.6062,-122.3321,34.0522,-118.2437,3,0,16,71,false,"\N",10
57,"2025-11-03","RT-B06","Portland Brewery to Seattle DC","BRW-03","DC-SEA","FINISHED","TRUCK",1,45.5152,-122.6784,47.6062,-122.3321,1,0,24,96,false,"\N",0
