"WEEK_NUM","WEEK_START_DATE","DC_ID","BEER_STYLE","PRODUCT_COUNT","TOTAL_UNITS","TOTAL_REVENUE","TOTAL_COGS","TOTAL_GROSS_PROFIT","AVG_MARGIN_PCT","BARLEY_PRICE","HOPS_PRICE","AVG_BARLEY_USAGE","AVG_HOPS_USAGE","TOTAL_BARLEY_COST","TOTAL_HOPS_COST","AVG_UNIT_MARGIN","AVG_SELLING_PRICE","AVG_UNIT_COGS"
39,"2025-06-30","DC-TOR","PILSNER",1,26,3936.4,2319.72,1616.68,41.07,7.31,4.14,0.800,0.500,152.05,53.82,62.18,151.40,89.22
62,"2025-12-08","DC-SEA","PILSNER",1,14,2099.02,1228.08,870.94,41.49,5.32,4.33,0.800,0.500,59.58,30.31,62.21,149.93,87.72
81,"2026-04-20","DC-TOR","PILSNER",1,23,3414.58,2028.6,1385.98,40.59,5.86,4.43,0.800,0.500,107.82,50.94,60.26,148.46,88.2
9,"2024-12-02","DC-NYC","IPA",1,26,1218.1,732.94,485.16,39.83,7.06,5.24,0.950,1.400,174.38,190.74,18.66,46.85,28.19
79,"2026-04-06","DC-ATL","STOUT",1,32,1359.68,820.8,538.88,39.63,5.8,4.27,1.200,0.350,222.72,47.82,16.84,42.49,25.65
101,"2026-09-07","DC-SEA","PILSNER",1,20,2881,1754.4,1126.6,39.1,5.2,4.52,0.800,0.500,83.2,45.2,56.33,144.05,87.72
59,"2025-11-17","DC-SEA","PILSNER",1,15,2226.9,1316.85,910.05,40.87,5.3,4.49,0.800,0.500,63.6,33.68,60.67,148.46,87.79
8,"2024-11-25","DC-SEA","PILSNER",1,14,1996.12,1256.36,739.76,37.06,7.19,5.38,0.800,0.500,80.53,37.66,52.84,142.58,89.74
45,"2025-08-11","DC-DAL","IPA",1,44,2122.12,1210,912.12,42.98,7.42,4.5,0.950,1.400,310.16,277.2,20.73,48.23,27.5
104,"2026-09-28","DC-SEA","PILSNER",1,18,2751.66,1578.6,1173.06,42.63,5.19,4.5,0.800,0.500,74.74,40.5,65.17,152.87,87.7
102,"2026-09-14","DC-DAL","ALE",1,18,2903.76,1680.84,1222.92,42.12,5.2,4.46,0.900,0.700,84.24,56.2,67.94,161.32,93.38
35,"2025-06-02","DC-ATL","LAGER",1,16,550.24,374.4,175.84,31.96,7.56,4.07,0.850,0.550,102.82,35.82,10.99,34.39,23.4
19,"2025-02-10","DC-TOR","PILSNER",1,14,1996.12,1259.86,736.26,36.88,7.82,4.87,0.800,0.500,87.58,34.09,52.59,142.58,89.99
58,"2025-11-10","DC-ATL","LAGER",1,14,476.84,301.28,175.56,36.82,5.16,4.36,0.850,0.550,61.4,33.57,12.54,34.06,21.52
29,"2025-04-21","DC-TOR","PILSNER",1,25,3858.5,2251.5,1607,41.65,7.9,4.88,0.800,0.500,158,61,64.28,154.34,90.06
73,"2026-02-23","DC-NYC","IPA",1,29,1398.67,731.67,667,47.69,5.89,3.92,0.950,1.400,162.27,159.15,23,48.23,25.23
11,"2024-12-16","DC-NYC","IPA",1,24,1113.36,686.4,426.96,38.35,7.41,5.29,0.950,1.400,168.95,177.74,17.79,46.39,28.6
3,"2024-10-21","DC-SEA","PILSNER",1,16,2281.28,1425.12,856.16,37.53,6.97,4.38,0.800,0.500,89.22,35.04,53.51,142.58,89.07
27,"2025-04-07","DC-DAL","ALE",1,18,2848.5,1729.8,1118.7,39.27,8.05,4.68,0.900,0.700,130.41,58.97,62.15,158.25,96.1
68,"2026-01-19","DC-SEA","PILSNER",1,17,2548.81,1493.45,1055.36,41.41,5.66,4.05,0.800,0.500,76.98,34.42,62.08,149.93,87.85
74,"2026-03-02","DC-ATL","STOUT",1,26,1104.74,672.36,432.38,39.14,5.94,4.39,1.200,0.350,185.33,39.95,16.63,42.49,25.86
99,"2026-08-24","DC-DAL","IPA",1,37,1733.45,1007.88,725.57,41.86,7.09,4.54,0.950,1.400,249.21,235.17,19.61,46.85,27.24
93,"2026-07-13","DC-ATL","STOUT",1,39,1593.93,1069.38,524.55,32.91,7.3,4.18,1.200,0.350,341.64,57.06,13.45,40.87,27.42
94,"2026-07-20","DC-DAL","ALE",1,20,3226.4,1901.6,1324.8,41.06,7.24,4.26,0.900,0.700,130.32,59.64,66.24,161.32,95.08
33,"2025-05-19","DC-ATL","STOUT",1,37,1527.36,1040.81,486.55,31.86,7.79,4.53,1.200,0.350,345.88,58.66,13.15,41.28,28.13
93,"2026-07-13","DC-SEA","PILSNER",1,27,3889.35,2409.21,1480.14,38.06,7.3,4.18,0.800,0.500,157.68,56.43,54.82,144.05,89.23
9,"2024-12-02","DC-TOR","PILSNER",1,17,2423.86,1522.69,901.17,37.18,7.06,5.24,0.800,0.500,96.02,44.54,53.01,142.58,89.57
28,"2025-04-14","DC-SEA","IPA",1,20,927.8,569.8,358,38.59,7.98,4.83,0.950,1.400,151.62,135.24,17.9,46.39,28.49
94,"2026-07-20","DC-TOR","PILSNER",1,26,3783.52,2319.72,1463.8,38.69,7.24,4.26,0.800,0.500,150.59,55.38,56.3,145.52,89.22
34,"2025-05-26","DC-TOR","PILSNER",1,24,3598.32,2147.04,1451.28,40.33,7.7,4.01,0.800,0.500,147.84,48.12,60.47,149.93,89.46
85,"2026-05-18","DC-SEA","PILSNER",1,24,3457.2,2117.04,1340.16,38.76,5.87,4.42,0.800,0.500,112.7,53.04,55.84,144.05,88.21
53,"2025-10-06","DC-SEA","PILSNER",1,21,3241.14,1875.09,1366.05,42.15,7.13,4.58,0.800,0.500,119.78,48.09,65.05,154.34,89.29
81,"2026-04-20","DC-DAL","ALE",1,23,3427.69,2161.08,1266.61,36.95,5.86,4.43,0.900,0.700,121.3,71.32,55.07,149.03,93.96
91,"2026-06-29","DC-DAL","IPA",1,47,2158.71,1308.48,850.23,39.39,7.5,4.69,0.950,1.400,334.88,308.6,18.09,45.93,27.84
82,"2026-04-27","DC-DAL","ALE",1,19,2831.57,1786.38,1045.19,36.91,5.89,4.48,0.900,0.700,100.72,59.58,55.01,149.03,94.02
16,"2025-01-20","DC-TOR","PILSNER",1,17,2498.83,1527.79,971.04,38.86,7.61,4.96,0.800,0.500,103.5,42.16,57.12,146.99,89.87
57,"2025-11-03","DC-DAL","ALE",1,17,2742.44,1585.59,1156.85,42.18,5.13,4.39,0.900,0.700,78.49,52.24,68.05,161.32,93.27
35,"2025-06-02","DC-ATL","STOUT",1,34,1362.38,941.8,420.58,30.87,7.56,4.07,1.200,0.350,308.45,48.43,12.37,40.07,27.7
44,"2025-08-04","DC-ATL","LAGER",1,18,619.02,422.28,196.74,31.78,7.48,4.3,0.850,0.550,114.44,42.57,10.93,34.39,23.46
34,"2025-05-26","DC-ATL","STOUT",1,37,1482.59,1030.08,452.51,30.52,7.7,4.01,1.200,0.350,341.88,51.93,12.23,40.07,27.84
88,"2026-06-08","DC-SEA","PILSNER",1,22,3169.1,1972.52,1196.58,37.76,7.55,4.63,0.800,0.500,132.88,50.93,54.39,144.05,89.66
79,"2026-04-06","DC-SEA","IPA",1,18,859.86,461.52,398.34,46.33,5.8,4.27,0.950,1.400,99.18,107.6,22.13,47.77,25.64
4,"2024-10-28","DC-SEA","PILSNER",1,17,2448.85,1515.72,933.13,38.1,6.97,4.57,0.800,0.500,94.79,38.85,54.89,144.05,89.16
104,"2026-09-28","DC-DAL","ALE",1,17,2690.25,1587.8,1102.45,40.98,5.19,4.5,0.900,0.700,79.41,53.55,64.85,158.25,93.4
67,"2026-01-12","DC-ATL","STOUT",1,22,916.96,558.8,358.16,39.06,5.64,4.09,1.200,0.350,148.9,31.49,16.28,41.68,25.4
42,"2025-07-21","DC-SEA","PILSNER",1,26,3974.62,2327,1647.62,41.45,7.51,4.38,0.800,0.500,156.21,56.94,63.37,152.87,89.5
49,"2025-09-08","DC-NYC","IPA",1,34,1639.82,1015.24,624.58,38.09,7.08,6.42,0.950,1.400,228.68,305.59,18.37,48.23,29.86
102,"2026-09-14","DC-SEA","IPA",1,23,1024.65,582.59,442.06,43.14,5.2,4.46,0.950,1.400,113.62,143.61,19.22,44.55,25.33
15,"2025-01-13","DC-ATL","LAGER",1,11,356.62,263.23,93.39,26.19,7.54,5.06,0.850,0.550,70.5,30.61,8.49,32.42,23.93
92,"2026-07-06","DC-SEA","IPA",1,24,1113.36,646.56,466.8,41.93,7.3,4.18,0.950,1.400,166.44,140.45,19.45,46.39,26.94
88,"2026-06-08","DC-TOR","PILSNER",1,26,3936.4,2331.16,1605.24,40.78,7.55,4.63,0.800,0.500,157.04,60.19,61.74,151.40,89.66
60,"2025-11-24","DC-ATL","LAGER",1,12,408.72,260.64,148.08,36.23,5.33,4.46,0.850,0.550,54.37,29.44,12.34,34.06,21.72
71,"2026-02-09","DC-DAL","ALE",1,16,2532,1494.72,1037.28,40.97,5.65,3.93,0.900,0.700,81.36,44.02,64.83,158.25,93.42
28,"2025-04-14","DC-DAL","ALE",1,20,3103.6,1922.8,1180.8,38.05,7.98,4.83,0.900,0.700,143.64,67.62,59.04,155.18,96.14
1,"2024-10-07","DC-SEA","PILSNER",1,20,2998.6,1780.6,1218,40.62,6.91,4.41,0.800,0.500,110.56,44.1,60.9,149.93,89.03
71,"2026-02-09","DC-ATL","LAGER",1,12,400.92,260.4,140.52,35.05,5.65,3.93,0.850,0.550,57.63,25.94,11.71,33.41,21.7
45,"2025-08-11","DC-SEA","IPA",1,24,1102.32,660,442.32,40.13,7.42,4.5,0.950,1.400,169.18,151.2,18.43,45.93,27.5
77,"2026-03-23","DC-SEA","PILSNER",1,16,2422.4,1410.4,1012,41.78,5.86,4.33,0.800,0.500,75.01,34.64,63.25,151.40,88.15
78,"2026-03-30","DC-ATL","STOUT",1,28,1189.72,720.44,469.28,39.44,5.82,4.43,1.200,0.350,195.55,43.41,16.76,42.49,25.73
14,"2025-01-06","DC-DAL","ALE",1,14,2237.06,1340.78,896.28,40.07,7.39,5.05,0.900,0.700,93.11,49.49,64.02,159.79,95.77
88,"2026-06-08","DC-SEA","IPA",1,20,927.8,556,371.8,40.07,7.55,4.63,0.950,1.400,143.45,129.64,18.59,46.39,27.8
41,"2025-07-14","DC-DAL","IPA",1,48,2270.88,1304.16,966.72,42.57,7.5,4.21,0.950,1.400,342,282.91,20.14,47.31,27.17
80,"2026-04-13","DC-ATL","STOUT",1,35,1374.1,907.2,466.9,33.98,5.97,4.46,1.200,0.350,250.74,54.64,13.34,39.26,25.92
37,"2025-06-16","DC-ATL","LAGER",1,19,628.52,443.08,185.44,29.5,7.46,4.07,0.850,0.550,120.48,42.53,9.76,33.08,23.32
10,"2024-12-09","DC-SEA","PILSNER",1,15,2315.1,1346.1,969,41.86,7.22,5.33,0.800,0.500,86.64,39.98,64.6,154.34,89.74
33,"2025-05-19","DC-DAL","IPA",1,36,1719.72,1004.04,715.68,41.62,7.79,4.53,0.950,1.400,266.42,228.31,19.88,47.77,27.89
66,"2026-01-05","DC-ATL","STOUT",1,22,925.98,553.08,372.9,40.27,5.43,4.08,1.200,0.350,143.35,31.42,16.95,42.09,25.14
99,"2026-08-24","DC-SEA","IPA",1,19,881.41,517.56,363.85,41.28,7.09,4.54,0.950,1.400,127.97,120.76,19.15,46.39,27.24
43,"2025-07-28","DC-DAL","IPA",1,41,1920.85,1115.2,805.65,41.94,7.37,4.32,0.950,1.400,287.06,247.97,19.65,46.85,27.2
9,"2024-12-02","DC-ATL","LAGER",1,11,371.03,259.82,111.21,29.97,7.06,5.24,0.850,0.550,66.01,31.7,10.11,33.73,23.62
87,"2026-06-01","DC-NYC","IPA",1,36,1670.04,1000.08,669.96,40.12,7.69,4.52,0.950,1.400,263,227.81,18.61,46.39,27.78
69,"2026-01-26","DC-NYC","IPA",1,25,1125.25,635.5,489.75,43.52,5.78,4.13,0.950,1.400,137.28,144.55,19.59,45.01,25.42
50,"2025-09-15","DC-DAL","ALE",1,17,2742.44,1640.84,1101.6,40.17,7.16,6.42,0.900,0.700,109.55,76.4,64.8,161.32,96.52
41,"2025-07-14","DC-SEA","PILSNER",1,27,3889.35,2414.07,1475.28,37.93,7.5,4.21,0.800,0.500,162,56.84,54.64,144.05,89.41
102,"2026-09-14","DC-ATL","LAGER",1,16,513.6,345.76,167.84,32.68,5.2,4.46,0.850,0.550,70.72,39.25,10.49,32.10,21.61
17,"2025-01-27","DC-DAL","IPA",1,29,1305.29,820.99,484.3,37.1,7.68,4.9,0.950,1.400,211.58,198.94,16.7,45.01,28.31
18,"2025-02-03","DC-DAL","ALE",1,13,2077.27,1246.05,831.22,40.02,7.64,4.85,0.900,0.700,89.39,44.14,63.94,159.79,95.85
79,"2026-04-06","DC-DAL","IPA",1,33,1515.69,846.12,669.57,44.18,5.8,4.27,0.950,1.400,181.83,197.27,20.29,45.93,25.64
51,"2025-09-22","DC-DAL","IPA",1,33,1470.15,994.29,475.86,32.37,7.14,6.57,0.950,1.400,223.84,303.53,14.42,44.55,30.13
33,"2025-05-19","DC-ATL","LAGER",1,15,481.5,357.75,123.75,25.7,7.79,4.53,0.850,0.550,99.32,37.37,8.25,32.10,23.85
27,"2025-04-07","DC-DAL","IPA",1,33,1591.59,935.55,656.04,41.22,8.05,4.68,0.950,1.400,252.37,216.22,19.88,48.23,28.35
90,"2026-06-22","DC-DAL","IPA",1,48,2138.4,1339.2,799.2,37.37,7.47,4.75,0.950,1.400,340.63,319.2,16.65,44.55,27.9
89,"2026-06-15","DC-DAL","IPA",1,42,1987.02,1168.44,818.58,41.2,7.67,4.56,0.950,1.400,306.03,268.13,19.49,47.31,27.82
64,"2025-12-22","DC-DAL","IPA",1,29,1291.95,734.28,557.67,43.16,5.47,4.27,0.950,1.400,150.7,173.36,19.23,44.55,25.32
58,"2025-11-10","DC-ATL","STOUT",1,24,980.88,598.08,382.8,39.03,5.16,4.36,1.200,0.350,148.61,36.62,15.95,40.87,24.92
55,"2025-10-20","DC-ATL","STOUT",1,24,951.84,655.92,295.92,31.09,7.12,4.52,1.200,0.350,205.06,37.97,12.33,39.66,27.33
23,"2025-03-10","DC-DAL","IPA",1,32,1513.92,911.68,602.24,39.78,7.96,4.84,0.950,1.400,241.98,216.83,18.82,47.31,28.49
26,"2025-03-31","DC-SEA","PILSNER",1,20,2881,1800.8,1080.2,37.49,7.95,4.75,0.800,0.500,127.2,47.5,54.01,144.05,90.04
17,"2025-01-27","DC-NYC","IPA",1,23,1056.39,651.13,405.26,38.36,7.68,4.9,0.950,1.400,167.81,157.78,17.62,45.93,28.31
50,"2025-09-15","DC-DAL","IPA",1,32,1528.64,958.08,570.56,37.32,7.16,6.42,0.950,1.400,217.66,287.62,17.83,47.77,29.94
3,"2024-10-21","DC-ATL","STOUT",1,26,1062.62,704.6,358.02,33.69,6.97,4.38,1.200,0.350,217.46,39.86,13.77,40.87,27.1
22,"2025-03-03","DC-DAL","ALE",1,16,2384.48,1536.96,847.52,35.54,7.86,4.86,0.900,0.700,113.18,54.43,52.97,149.03,96.06
41,"2025-07-14","DC-ATL","STOUT",1,35,1430.45,968.45,462,32.3,7.5,4.21,1.200,0.350,315,51.57,13.2,40.87,27.67
88,"2026-06-08","DC-ATL","LAGER",1,18,571.86,426.6,145.26,25.4,7.55,4.63,0.850,0.550,115.51,45.84,8.07,31.77,23.7
14,"2025-01-06","DC-TOR","PILSNER",1,16,2422.4,1435.84,986.56,40.73,7.39,5.05,0.800,0.500,94.59,40.4,61.66,151.40,89.74
40,"2025-07-07","DC-SEA","PILSNER",1,26,4012.84,2324.66,1688.18,42.07,7.53,4.18,0.800,0.500,156.62,54.34,64.93,154.34,89.41
95,"2026-07-27","DC-TOR","PILSNER",1,28,4280.36,2498.44,1781.92,41.63,7.25,4.26,0.800,0.500,162.4,59.64,63.64,152.87,89.23
73,"2026-02-23","DC-TOR","PILSNER",1,18,2751.66,1583.46,1168.2,42.45,5.89,3.92,0.800,0.500,84.82,35.28,64.9,152.87,87.97
59,"2025-11-17","DC-ATL","STOUT",1,26,1020.76,653.38,367.38,35.99,5.3,4.49,1.200,0.350,165.36,40.86,14.13,39.26,25.13
16,"2025-01-20","DC-DAL","IPA",1,27,1277.37,764.64,512.73,40.14,7.61,4.96,0.950,1.400,195.2,187.49,18.99,47.31,28.32
36,"2025-06-09","DC-SEA","PILSNER",1,22,3169.1,1965.92,1203.18,37.97,7.58,3.99,0.800,0.500,133.41,43.89,54.69,144.05,89.36
60,"2025-11-24","DC-SEA","PILSNER",1,16,2469.44,1404.64,1064.8,43.12,5.33,4.46,0.800,0.500,68.22,35.68,66.55,154.34,87.79
20,"2025-02-17","DC-DAL","ALE",1,15,2419.8,1439.85,979.95,40.5,7.75,4.91,0.900,0.700,104.63,51.56,65.33,161.32,95.99
16,"2025-01-20","DC-SEA","PILSNER",1,15,2204.85,1348.05,856.8,38.86,7.61,4.96,0.800,0.500,91.32,37.2,57.12,146.99,89.87
52,"2025-09-29","DC-ATL","LAGER",1,16,524,391.52,132.48,25.28,7.25,6.49,0.850,0.550,98.6,57.11,8.28,32.75,24.47
58,"2025-11-10","DC-DAL","ALE",1,14,2150.96,1305.92,845.04,39.29,5.16,4.36,0.900,0.700,65.02,42.73,60.36,153.64,93.28
64,"2025-12-22","DC-ATL","LAGER",1,12,393,260.88,132.12,33.62,5.47,4.27,0.850,0.550,55.79,28.18,11.01,32.75,21.74
86,"2026-05-25","DC-SEA","IPA",1,21,964.53,540.33,424.2,43.98,5.63,4.45,0.950,1.400,112.32,130.83,20.2,45.93,25.73
91,"2026-06-29","DC-NYC","IPA",1,36,1603.8,1002.24,601.56,37.51,7.5,4.69,0.950,1.400,256.5,236.38,16.71,44.55,27.84
48,"2025-09-01","DC-ATL","LAGER",1,15,496.2,367.5,128.7,25.94,7.24,6.56,0.850,0.550,92.31,54.12,8.58,33.08,24.5
24,"2025-03-17","DC-ATL","STOUT",1,24,942.24,682.08,260.16,27.61,7.97,4.74,1.200,0.350,229.54,39.82,10.84,39.26,28.42
82,"2026-04-27","DC-DAL","BEER",42,1188,41676.46,28104.26,13572.2,32.07,5.89,4.48,0.872,0.634,6102.45,3338.09,11.33,34.99,23.66
80,"2026-04-13","DC-CHI","BEER",45,1490,52475.91,35488.35,16987.56,32.11,5.97,4.46,0.896,0.642,7968.99,4275.89,11.38,35.14,23.76
31,"2025-05-05","DC-TOR","BEER",42,830,29000.59,20978.32,8022.27,27.35,7.76,4.49,0.875,0.668,5593.8,2468.42,9.66,35.01,25.35
8,"2024-11-25","DC-NYC","BEER",42,1158,40378.93,29308.03,11070.9,27.16,7.19,5.38,0.875,0.640,7292.96,3950.53,9.55,34.92,25.36
89,"2026-06-15","DC-ATL","BEER",38,1293,45616.65,32624.25,12992.4,28.2,7.67,4.56,0.859,0.628,8491.46,3664.37,10.09,35.39,25.29
89,"2026-06-15","DC-CHI","BEER",45,1661,58375,42210.37,16164.63,27.5,7.67,4.56,0.896,0.642,11426.69,4869.3,9.76,35.11,25.35
68,"2026-01-19","DC-CHI","BEER",45,1052,36958.02,24489.83,12468.19,33.6,5.66,4.05,0.896,0.642,5337.55,2743.83,11.87,35.09,23.22
28,"2025-04-14","DC-NYC","BEER",42,1565,54488.47,40133.3,14355.17,25.95,7.98,4.83,0.875,0.640,10958.85,4779.57,9.12,34.83,25.71
36,"2025-06-09","DC-ATL","BEER",38,1230,43222.83,30519.04,12703.79,29.08,7.58,3.99,0.859,0.628,7977.95,3043.93,10.37,35.23,24.86
92,"2026-07-06","DC-SEA","BEER",48,1140,39976.05,28375.12,11600.93,28.99,7.3,4.18,0.882,0.638,7361.17,3036.44,10.28,35.22,24.94
73,"2026-02-23","DC-SEA","BEER",48,803,28412.86,18832.3,9580.56,33.53,5.89,3.92,0.882,0.638,4184.14,2000.14,11.98,35.50,23.53
21,"2025-02-24","DC-TOR","BEER",42,633,22138.77,16164.85,5973.92,26.42,7.82,4.84,0.875,0.668,4303.03,2027.67,9.37,35.00,25.63
25,"2025-03-24","DC-CHI","BEER",45,1278,44757.23,33101.19,11656.04,25.87,8,4.85,0.896,0.642,9169.2,3985.1,9.14,34.97,25.83
91,"2026-06-29","DC-NYC","BEER",42,1894,65899.95,47630.69,18269.26,27.36,7.5,4.69,0.875,0.640,12459,5624.9,9.57,34.77,25.19
57,"2025-11-03","DC-SEA","BEER",48,808,28581.63,18656.2,9925.43,34.31,5.13,4.39,0.882,0.638,3669.03,2258.22,12.24,35.40,23.16
15,"2025-01-13","DC-TOR","BEER",42,538,18817.35,13676.44,5140.91,26.78,7.54,5.06,0.875,0.668,3520.43,1801.51,9.45,34.99,25.53
92,"2026-07-06","DC-NYC","BEER",42,1980,69119.01,48770.97,20348.04,29.06,7.3,4.18,0.875,0.640,12695.8,5258.4,10.22,34.91,24.69
4,"2024-10-28","DC-NYC","BEER",42,1312,45670.05,32230.56,13439.49,28.95,6.97,4.57,0.875,0.640,8015.08,3795.2,10.13,34.78,24.65
63,"2025-12-15","DC-NYC","BEER",42,1200,41540.24,27620.1,13920.14,33.09,5.37,4.3,0.875,0.640,5645.91,3264.99,11.52,34.60,23.08
21,"2025-02-24","DC-DAL","BEER",42,899,31500.9,22968.68,8532.22,26.52,7.82,4.84,0.872,0.634,6127.99,2717.32,9.42,35.00,25.58
84,"2026-05-11","DC-DAL","BEER",42,1290,45145.27,30328.61,14816.66,32.38,5.74,4.47,0.872,0.634,6452.91,3607.6,11.43,34.96,23.53
30,"2025-04-28","DC-NYC","BEER",42,1645,56828.73,41957.25,14871.48,25.81,7.83,4.83,0.875,0.640,11281.86,5057.15,8.98,34.55,25.57
97,"2026-08-10","DC-CHI","BEER",45,1516,53048.29,37515.19,15533.1,29.13,7,4.45,0.896,0.642,9522.45,4346,10.27,34.95,24.68
5,"2024-11-04","DC-SEA","BEER",48,762,26891.76,18958.29,7933.47,29.24,7.1,4.46,0.882,0.638,4788.59,2160.25,10.4,35.34,24.94
26,"2025-03-31","DC-ATL","BEER",38,982,34658.33,25161.09,9497.24,26.99,7.95,4.75,0.859,0.628,6688.34,2903.15,9.62,35.27,25.65
17,"2025-01-27","DC-NYC","BEER",42,1144,40071.64,29095.97,10975.67,27,7.68,4.9,0.875,0.640,7703.65,3545.98,9.51,35.00,25.49
27,"2025-04-07","DC-DAL","BEER",42,1072,37522.4,27493.62,10028.78,25.99,8.05,4.68,0.872,0.634,7526.75,3145.66,9.2,34.88,25.67
28,"2025-04-14","DC-CHI","BEER",45,1383,48487.01,35783.37,12703.64,26.07,7.98,4.83,0.896,0.642,9885.3,4290.3,9.24,35.04,25.8
79,"2026-04-06","DC-CHI","BEER",45,1447,50529.59,34088.52,16441.07,32.43,5.8,4.27,0.896,0.642,7528.46,3976.1,11.42,34.91,23.49
26,"2025-03-31","DC-DAL","BEER",42,1029,35816.5,26347.8,9468.7,25.72,7.95,4.75,0.872,0.634,7139.97,3062.99,9.03,34.66,25.63
58,"2025-11-10","DC-CHI","BEER",45,1154,40308.43,26596,13712.43,33.89,5.16,4.36,0.896,0.642,5344.88,3228.62,11.95,34.91,22.97
87,"2026-06-01","DC-NYC","BEER",42,1844,64654.82,46494.7,18160.12,27.85,7.69,4.52,0.875,0.640,12460.26,5286.37,9.84,35.09,25.25
66,"2026-01-05","DC-TOR","BEER",42,578,20321.08,13277.93,7043.15,34.21,5.43,4.08,0.875,0.668,2727.54,1562.15,12.11,35.15,23.03
22,"2025-03-03","DC-DAL","BEER",42,929,32530.8,23800.39,8730.41,26.3,7.86,4.86,0.872,0.634,6368.8,2827.26,9.3,34.92,25.62
90,"2026-06-22","DC-TOR","BEER",42,940,33051.39,23657.24,9394.15,27.94,7.47,4.75,0.875,0.668,6103.14,2944.86,9.92,35.19,25.27
46,"2025-08-18","DC-SEA","BEER",48,1002,35494.35,26278.86,9215.49,25.61,7.2,6.45,0.882,0.638,6374.74,4102.52,9.16,35.46,26.3
64,"2025-12-22","DC-CHI","BEER",45,1037,36304.2,24102.02,12202.18,33.4,5.47,4.27,0.896,0.642,5083.82,2848.22,11.81,35.00,23.19
88,"2026-06-08","DC-TOR","BEER",42,933,32340.49,23466.2,8874.29,26.88,7.55,4.63,0.875,0.668,6119.58,2853.61,9.42,34.68,25.26
45,"2025-08-11","DC-TOR","BEER",42,908,32042.36,22683.39,9358.97,28.69,7.42,4.5,0.875,0.668,5863.58,2696.45,10.23,35.29,25.06
75,"2026-03-09","DC-NYC","BEER",42,1363,47376.84,31993.92,15382.92,32.08,5.84,4.39,0.875,0.640,6967.18,3786.42,11.23,34.78,23.55
32,"2025-05-12","DC-DAL","BEER",42,1191,41658.82,30304.64,11354.18,26.82,7.82,4.63,0.872,0.634,8128.89,3452.5,9.49,34.94,25.44
43,"2025-07-28","DC-SEA","BEER",48,1101,38963.95,27549.56,11414.39,28.99,7.37,4.32,0.882,0.638,7169.61,3025.43,10.37,35.45,25.09
79,"2026-04-06","DC-TOR","BEER",42,764,26932.95,17880.4,9052.55,33.05,5.8,4.27,0.875,0.668,3848.76,2162.84,11.76,35.25,23.49
33,"2025-05-19","DC-ATL","BEER",38,1142,39982.18,28941.26,11040.92,27.26,7.79,4.53,0.859,0.628,7627.66,3205.34,9.65,35.03,25.38
19,"2025-02-10","DC-SEA","BEER",48,711,25253.28,18336.73,6916.55,27.11,7.82,4.87,0.882,0.638,4920.11,2197.88,9.72,35.55,25.84
29,"2025-04-21","DC-DAL","BEER",42,1139,39831.61,29224.24,10607.37,26.04,7.9,4.88,0.872,0.634,7844.23,3479.05,9.2,34.87,25.67
76,"2026-03-16","DC-TOR","BEER",42,709,24709.58,16741.29,7968.29,31.93,5.93,4.43,0.875,0.668,3652.05,2074.61,11.23,34.94,23.71
29,"2025-04-21","DC-TOR","BEER",42,793,27676.07,20333.66,7342.41,25.99,7.9,4.88,0.875,0.668,5448.24,2552.73,9.17,34.90,25.73
4,"2024-10-28","DC-CHI","BEER",45,1136,39738.68,28178.86,11559.82,28.92,6.97,4.57,0.896,0.642,7091.35,3335,10.18,34.91,24.73
33,"2025-05-19","DC-SEA","BEER",48,1056,37348.16,26952.08,10396.08,27.39,7.79,4.53,0.882,0.638,7269.63,3035.64,9.77,35.36,25.59
40,"2025-07-07","DC-TOR","BEER",42,950,33387.71,23601.85,9785.86,28.78,7.53,4.18,0.875,0.668,6220.31,2627.38,10.25,35.19,24.94
20,"2025-02-17","DC-NYC","BEER",42,1238,42655.16,31558.86,11096.3,25.68,7.75,4.91,0.875,0.640,8400.92,3860.44,8.91,34.46,25.55
84,"2026-05-11","DC-ATL","BEER",38,1211,42401.24,28516.8,13884.44,32.4,5.74,4.47,0.859,0.628,5957.89,3342.53,11.43,35.01,23.58
68,"2026-01-19","DC-SEA","BEER",48,705,24854.67,16463.77,8390.9,33.67,5.66,4.05,0.882,0.638,3529.8,1810.59,12.01,35.42,23.41
88,"2026-06-08","DC-DAL","BEER",42,1272,44615.49,32040.09,12575.4,27.55,7.55,4.63,0.872,0.634,8379.44,3692.89,9.76,34.97,25.21
21,"2025-02-24","DC-SEA","BEER",48,762,26909.47,19619.8,7289.67,26.61,7.82,4.84,0.882,0.638,5266.07,2345.22,9.48,35.29,25.82
51,"2025-09-22","DC-NYC","BEER",42,1548,54573.91,40257.39,14316.52,25.64,7.14,6.57,0.875,0.640,9671.42,6437.75,9.12,35.20,26.08
86,"2026-05-25","DC-ATL","BEER",38,1226,43048.24,28711.26,14336.98,33.01,5.63,4.45,0.859,0.628,5912.18,3371.68,11.74,35.21,23.47
98,"2026-08-17","DC-SEA","BEER",48,1045,36953.69,25851.28,11102.41,29.79,6.97,4.43,0.882,0.638,6442.72,2942.18,10.64,35.45,24.81
45,"2025-08-11","DC-SEA","BEER",48,1073,37811.85,27025.16,10786.69,28.2,7.42,4.5,0.882,0.638,7041.06,3062.93,10.02,35.27,25.25
53,"2025-10-06","DC-CHI","BEER",45,1298,45407.61,32394.38,13013.23,28.52,7.13,4.58,0.896,0.642,8292.83,3824.99,10.08,34.96,24.88
39,"2025-06-30","DC-CHI","BEER",45,1611,56331.7,39993.73,16337.97,28.98,7.31,4.14,0.896,0.642,10551.03,4290.28,10.24,34.99,24.76
17,"2025-01-27","DC-TOR","BEER",42,556,19307.82,14151.73,5156.09,26.24,7.68,4.9,0.875,0.668,3709.82,1798.4,9.22,34.77,25.55
67,"2026-01-12","DC-CHI","BEER",45,1051,36937.99,24481.3,12456.69,33.4,5.64,4.09,0.896,0.642,5318.75,2763.74,11.83,35.06,23.23
61,"2025-12-01","DC-DAL","BEER",42,850,29659.43,19585.31,10074.12,33.62,5.23,4.42,0.872,0.634,3878.62,2354.49,11.84,34.89,23.05
84,"2026-05-11","DC-CHI","BEER",45,1610,56363.49,38042.28,18321.21,32.33,5.74,4.47,0.896,0.642,8279.09,4627.34,11.44,35.00,23.56
71,"2026-02-09","DC-DAL","BEER",42,883,30970.82,20393.75,10577.07,33.63,5.65,3.93,0.872,0.634,4353.49,2175.06,11.92,35.03,23.11
90,"2026-06-22","DC-SEA","BEER",48,1117,39391.71,28344.47,11047.24,27.83,7.47,4.75,0.882,0.638,7377.75,3367.28,9.95,35.40,25.45
100,"2026-08-31","DC-ATL","BEER",38,1163,41062.58,28699.75,12362.83,29.79,7.05,4.51,0.859,0.628,7026.1,3248.28,10.64,35.37,24.73
13,"2024-12-30","DC-SEA","BEER",48,672,23666.62,17241.91,6424.71,26.82,7.53,5.1,0.882,0.638,4478.62,2177.96,9.53,35.26,25.73
73,"2026-02-23","DC-DAL","BEER",42,952,33495.64,22187.1,11308.54,33.02,5.89,3.92,0.872,0.634,4890.76,2335.89,11.67,34.98,23.31
29,"2025-04-21","DC-ATL","BEER",38,1059,37261.32,27166.22,10095.1,26.78,7.9,4.88,0.859,0.628,7163.72,3205.67,9.57,35.26,25.69
78,"2026-03-30","DC-CHI","BEER",45,1354,47471.65,32049.48,15422.17,32.25,5.82,4.43,0.896,0.642,7056.87,3865.44,11.4,35.00,23.61
81,"2026-04-20","DC-TOR","BEER",42,828,28890.87,19517.01,9373.86,31.93,5.86,4.43,0.875,0.668,4221.43,2420.42,11.22,34.86,23.65
54,"2025-10-13","DC-TOR","BEER",42,724,25129.31,17894.87,7234.44,28.48,7.1,4.51,0.875,0.668,4464.41,2160.15,10,34.79,24.78
83,"2026-05-04","DC-NYC","IPA",1,31,1381.05,801.35,579.7,41.98,5.79,4.43,0.950,1.400,170.52,192.26,18.7,44.55,25.85
88,"2026-06-08","DC-NYC","IPA",1,38,1710.38,1056.4,653.98,38.24,7.55,4.63,0.950,1.400,272.56,246.32,17.21,45.01,27.8
6,"2024-11-11","DC-NYC","IPA",1,28,1286.04,750.68,535.36,41.63,6.96,4.32,0.950,1.400,185.14,169.34,19.12,45.93,26.81
46,"2025-08-18","DC-NYC","IPA",1,37,1682.39,1110.74,571.65,33.98,7.2,6.45,0.950,1.400,253.08,334.11,15.45,45.47,30.02
65,"2025-12-29","DC-ATL","LAGER",1,10,334.1,217,117.1,35.05,5.46,4.22,0.850,0.550,46.41,23.21,11.71,33.41,21.7
61,"2025-12-01","DC-SEA","IPA",1,16,764.32,404.96,359.36,47.02,5.23,4.42,0.950,1.400,79.5,99.01,22.46,47.77,25.31
30,"2025-04-28","DC-NYC","IPA",1,36,1670.04,1020.6,649.44,38.89,7.83,4.83,0.950,1.400,267.79,243.43,18.04,46.39,28.35
96,"2026-08-03","DC-TOR","PILSNER",1,24,3527.76,2141.76,1386,39.29,7.14,4.45,0.800,0.500,137.09,53.4,57.75,146.99,89.24
7,"2024-11-18","DC-TOR","PILSNER",1,18,2698.74,1612.98,1085.76,40.23,7.07,5.31,0.800,0.500,101.81,47.79,60.32,149.93,89.61
4,"2024-10-28","DC-NYC","IPA",1,29,1305.29,787.93,517.36,39.64,6.97,4.57,0.950,1.400,192.02,185.54,17.84,45.01,27.17
23,"2025-03-10","DC-SEA","PILSNER",1,19,2820.74,1711.71,1109.03,39.32,7.96,4.84,0.800,0.500,120.99,45.98,58.37,148.46,90.09
53,"2025-10-06","DC-DAL","ALE",1,19,2919.16,1808.8,1110.36,38.04,7.13,4.58,0.900,0.700,121.92,60.91,58.44,153.64,95.2
41,"2025-07-14","DC-ATL","LAGER",1,18,607.14,421.74,185.4,30.54,7.5,4.21,0.850,0.550,114.75,41.68,10.3,33.73,23.43
59,"2025-11-17","DC-TOR","PILSNER",1,17,2423.86,1492.43,931.43,38.43,5.3,4.49,0.800,0.500,72.08,38.17,54.79,142.58,87.79
52,"2025-09-29","DC-SEA","IPA",1,17,772.99,512.04,260.95,33.76,7.25,6.49,0.950,1.400,117.09,154.46,15.35,45.47,30.12
48,"2025-09-01","DC-DAL","IPA",1,34,1545.98,1027.14,518.84,33.56,7.24,6.56,0.950,1.400,233.85,312.26,15.26,45.47,30.21
31,"2025-05-05","DC-TOR","PILSNER",1,24,3704.16,2154,1550.16,41.85,7.76,4.49,0.800,0.500,148.99,53.88,64.59,154.34,89.75
70,"2026-02-02","DC-ATL","LAGER",1,12,385.2,261.48,123.72,32.12,5.63,4.11,0.850,0.550,57.43,27.13,10.31,32.10,21.79
80,"2026-04-13","DC-ATL","LAGER",1,14,449.4,311.78,137.62,30.62,5.97,4.46,0.850,0.550,71.04,34.34,9.83,32.10,22.27
46,"2025-08-18","DC-SEA","PILSNER",1,22,3169.1,1986.38,1182.72,37.32,7.2,6.45,0.800,0.500,126.72,70.95,53.76,144.05,90.29
68,"2026-01-19","DC-TOR","PILSNER",1,15,2293.05,1317.75,975.3,42.53,5.66,4.05,0.800,0.500,67.92,30.38,65.02,152.87,87.85
62,"2025-12-08","DC-SEA","IPA",1,13,597.09,328.51,268.58,44.98,5.32,4.33,0.950,1.400,65.7,78.81,20.66,45.93,25.27
75,"2026-03-09","DC-DAL","ALE",1,17,2716.43,1596.47,1119.96,41.23,5.84,4.39,0.900,0.700,89.35,52.24,65.88,159.79,93.91
96,"2026-08-03","DC-ATL","STOUT",1,33,1348.71,901.89,446.82,33.13,7.14,4.45,1.200,0.350,282.74,51.4,13.54,40.87,27.33
48,"2025-09-01","DC-SEA","IPA",1,17,757.35,513.57,243.78,32.19,7.24,6.56,0.950,1.400,116.93,156.13,14.34,44.55,30.21
58,"2025-11-10","DC-NYC","IPA",1,29,1345.31,729.64,615.67,45.76,5.16,4.36,0.950,1.400,142.16,177.02,21.23,46.39,25.16
79,"2026-04-06","DC-DAL","ALE",1,20,3042,1875.8,1166.2,38.34,5.8,4.27,0.900,0.700,104.4,59.78,58.31,152.10,93.79
56,"2025-10-27","DC-SEA","IPA",1,16,727.52,437.28,290.24,39.89,7.3,4.46,0.950,1.400,110.96,99.9,18.14,45.47,27.33
28,"2025-04-14","DC-DAL","IPA",1,38,1727.86,1082.62,645.24,37.34,7.98,4.83,0.950,1.400,288.08,256.96,16.98,45.47,28.49
75,"2026-03-09","DC-SEA","IPA",1,16,764.32,413.44,350.88,45.91,5.84,4.39,0.950,1.400,88.77,98.34,21.93,47.77,25.84
70,"2026-02-02","DC-TOR","PILSNER",1,19,2848.67,1669.34,1179.33,41.4,5.63,4.11,0.800,0.500,85.58,39.05,62.07,149.93,87.86
97,"2026-08-10","DC-DAL","IPA",1,46,2197.42,1243.38,954.04,43.42,7,4.45,0.950,1.400,305.9,286.58,20.74,47.77,27.03
37,"2025-06-16","DC-DAL","IPA",1,45,2004.75,1212.3,792.45,39.53,7.46,4.07,0.950,1.400,318.92,256.41,17.61,44.55,26.94
17,"2025-01-27","DC-DAL","ALE",1,13,1957.41,1246.96,710.45,36.3,7.68,4.9,0.900,0.700,89.86,44.59,54.65,150.57,95.92
2,"2024-10-14","DC-DAL","IPA",1,34,1514.7,921.4,593.3,39.17,6.93,4.55,0.950,1.400,223.84,216.58,17.45,44.55,27.1
102,"2026-09-14","DC-DAL","IPA",1,37,1716.43,937.21,779.22,45.4,5.2,4.46,0.950,1.400,182.78,231.03,21.06,46.39,25.33
5,"2024-11-04","DC-DAL","ALE",1,15,2373.75,1426.35,947.4,39.91,7.1,4.46,0.900,0.700,95.85,46.83,63.16,158.25,95.09
40,"2025-07-07","DC-TOR","PILSNER",1,25,3748.25,2235.25,1513,40.37,7.53,4.18,0.800,0.500,150.6,52.25,60.52,149.93,89.41
69,"2026-01-26","DC-ATL","LAGER",1,12,400.92,263.04,137.88,34.39,5.78,4.13,0.850,0.550,58.96,27.26,11.49,33.41,21.92
99,"2026-08-24","DC-SEA","PILSNER",1,20,2881,1784.8,1096.2,38.05,7.09,4.54,0.800,0.500,113.44,45.4,54.81,144.05,89.24
63,"2025-12-15","DC-DAL","ALE",1,14,2150.96,1307.88,843.08,39.2,5.37,4.3,0.900,0.700,67.66,42.14,60.22,153.64,93.42
76,"2026-03-16","DC-TOR","PILSNER",1,20,2881,1765.2,1115.8,38.73,5.93,4.43,0.800,0.500,94.88,44.3,55.79,144.05,88.26
39,"2025-06-30","DC-ATL","STOUT",1,32,1256.32,877.44,378.88,30.16,7.31,4.14,1.200,0.350,280.7,46.37,11.84,39.26,27.42
21,"2025-02-24","DC-DAL","IPA",1,31,1381.05,879.16,501.89,36.34,7.82,4.84,0.950,1.400,230.3,210.06,16.19,44.55,28.36
61,"2025-12-01","DC-ATL","STOUT",1,23,958.64,575.46,383.18,39.97,5.23,4.42,1.200,0.350,144.35,35.58,16.66,41.68,25.02
28,"2025-04-14","DC-ATL","STOUT",1,34,1431.06,967.98,463.08,32.36,7.98,4.83,1.200,0.350,325.58,57.48,13.62,42.09,28.47
31,"2025-05-05","DC-NYC","IPA",1,37,1750.47,1028.97,721.5,41.22,7.76,4.49,0.950,1.400,272.76,232.58,19.5,47.31,27.81
98,"2026-08-17","DC-NYC","IPA",1,40,1837.2,1078.8,758.4,41.28,6.97,4.43,0.950,1.400,264.86,248.08,18.96,45.93,26.97
70,"2026-02-02","DC-SEA","IPA",1,17,812.09,429.25,382.84,47.14,5.63,4.11,0.950,1.400,90.92,97.82,22.52,47.77,25.25
57,"2025-11-03","DC-SEA","PILSNER",1,16,2469.44,1401.6,1067.84,43.24,5.13,4.39,0.800,0.500,65.66,35.12,66.74,154.34,87.6
75,"2026-03-09","DC-SEA","PILSNER",1,18,2725.2,1587.06,1138.14,41.76,5.84,4.39,0.800,0.500,84.1,39.51,63.23,151.40,88.17
5,"2024-11-04","DC-ATL","LAGER",1,11,371.03,255.53,115.5,31.13,7.1,4.46,0.850,0.550,66.38,26.98,10.5,33.73,23.23
51,"2025-09-22","DC-SEA","IPA",1,17,765.17,512.21,252.96,33.06,7.14,6.57,0.950,1.400,115.31,156.37,14.88,45.01,30.13
65,"2025-12-29","DC-ATL","STOUT",1,21,858.27,529.83,328.44,38.27,5.46,4.22,1.200,0.350,137.59,31.02,15.64,40.87,25.23
103,"2026-09-21","DC-SEA","IPA",1,17,819.91,427.55,392.36,47.85,5.02,4.45,0.950,1.400,81.07,105.91,23.08,48.23,25.15
77,"2026-03-23","DC-ATL","STOUT",1,32,1307.84,824,483.84,37,5.86,4.33,1.200,0.350,225.02,48.5,15.12,40.87,25.75
32,"2025-05-12","DC-SEA","PILSNER",1,24,3668.88,2156.88,1512,41.21,7.82,4.63,0.800,0.500,150.14,55.56,63,152.87,89.87
81,"2026-04-20","DC-ATL","LAGER",1,17,584.63,376.72,207.91,35.56,5.86,4.43,0.850,0.550,84.68,41.42,12.23,34.39,22.16
73,"2026-02-23","DC-ATL","STOUT",1,28,1155.84,717.92,437.92,37.89,5.89,3.92,1.200,0.350,197.9,38.42,15.64,41.28,25.64
72,"2026-02-16","DC-ATL","STOUT",1,27,1070.82,690.66,380.16,35.5,5.82,3.98,1.200,0.350,188.57,37.61,14.08,39.66,25.58
18,"2025-02-03","DC-TOR","PILSNER",1,15,2315.1,1347.6,967.5,41.79,7.64,4.85,0.800,0.500,91.68,36.38,64.5,154.34,89.84
87,"2026-06-01","DC-ATL","STOUT",1,40,1586.4,1120.4,466,29.37,7.69,4.52,1.200,0.350,369.12,63.28,11.65,39.66,28.01
22,"2025-03-03","DC-NYC","IPA",1,28,1311.8,795.76,516.04,39.34,7.86,4.86,0.950,1.400,209.08,190.51,18.43,46.85,28.42
75,"2026-03-09","DC-TOR","PILSNER",1,21,3179.4,1851.57,1327.83,41.76,5.84,4.39,0.800,0.500,98.11,46.1,63.23,151.40,88.17
83,"2026-05-04","DC-DAL","IPA",1,45,2108.25,1163.25,945,44.82,5.79,4.43,0.950,1.400,247.52,279.09,21,46.85,25.85
15,"2025-01-13","DC-SEA","IPA",1,13,597.09,369.2,227.89,38.17,7.54,5.06,0.950,1.400,93.12,92.09,17.53,45.93,28.4
15,"2025-01-13","DC-ATL","STOUT",1,24,942.24,672.48,269.76,28.63,7.54,5.06,1.200,0.350,217.15,42.5,11.24,39.26,28.02
79,"2026-04-06","DC-NYC","IPA",1,31,1395.31,794.84,600.47,43.03,5.8,4.27,0.950,1.400,170.81,185.32,19.37,45.01,25.64
18,"2025-02-03","DC-SEA","PILSNER",1,14,2119.6,1257.76,861.84,40.66,7.64,4.85,0.800,0.500,85.57,33.95,61.56,151.40,89.84
81,"2026-04-20","DC-ATL","STOUT",1,35,1473.15,902.3,570.85,38.75,5.86,4.43,1.200,0.350,246.12,54.27,16.31,42.09,25.78
52,"2025-09-29","DC-ATL","STOUT",1,30,1189.8,845.1,344.7,28.97,7.25,6.49,1.200,0.350,261,68.15,11.49,39.66,28.17
19,"2025-02-10","DC-SEA","IPA",1,14,655.9,397.6,258.3,39.38,7.82,4.87,0.950,1.400,104.01,95.45,18.45,46.85,28.4
54,"2025-10-13","DC-DAL","IPA",1,29,1345.31,789.09,556.22,41.35,7.1,4.51,0.950,1.400,195.6,183.11,19.18,46.39,27.21
30,"2025-04-28","DC-SEA","PILSNER",1,21,3055.92,1889.58,1166.34,38.17,7.83,4.83,0.800,0.500,131.54,50.72,55.54,145.52,89.98
7,"2024-11-18","DC-ATL","STOUT",1,24,980.88,660.96,319.92,32.62,7.07,5.31,1.200,0.350,203.62,44.6,13.33,40.87,27.54
97,"2026-08-10","DC-SEA","IPA",1,21,974.19,567.63,406.56,41.73,7,4.45,0.950,1.400,139.65,130.83,19.36,46.39,27.03
34,"2025-05-26","DC-DAL","ALE",1,22,3312.54,2097.04,1215.5,36.69,7.7,4.01,0.900,0.700,152.46,61.75,55.25,150.57,95.32
59,"2025-11-17","DC-DAL","IPA",1,28,1273.16,713.16,560,43.99,5.3,4.49,0.950,1.400,140.98,176.01,20,45.47,25.47
10,"2024-12-09","DC-DAL","IPA",1,24,1091.28,683.28,408,37.39,7.22,5.33,0.950,1.400,164.62,179.09,17,45.47,28.47
68,"2026-01-19","DC-ATL","LAGER",1,10,317.7,217.8,99.9,31.44,5.66,4.05,0.850,0.550,48.11,22.28,9.99,31.77,21.78
29,"2025-04-21","DC-SEA","PILSNER",1,18,2778.12,1621.08,1157.04,41.65,7.9,4.88,0.800,0.500,113.76,43.92,64.28,154.34,90.06
2,"2024-10-14","DC-ATL","STOUT",1,25,1062.25,677.75,384.5,36.2,6.93,4.55,1.200,0.350,207.9,39.81,15.38,42.49,27.11
78,"2026-03-30","DC-NYC","IPA",1,31,1381.05,802.28,578.77,41.91,5.82,4.43,0.950,1.400,171.4,192.26,18.67,44.55,25.88
100,"2026-08-31","DC-SEA","PILSNER",1,23,3414.58,2051.6,1362.98,39.92,7.05,4.51,0.800,0.500,129.72,51.86,59.26,148.46,89.2
97,"2026-08-10","DC-NYC","IPA",1,41,1920.85,1108.23,812.62,42.31,7,4.45,0.950,1.400,272.65,255.43,19.82,46.85,27.03
4,"2024-10-28","DC-ATL","LAGER",1,14,472.22,324.52,147.7,31.28,6.97,4.57,0.850,0.550,82.94,35.19,10.55,33.73,23.18
87,"2026-06-01","DC-TOR","PILSNER",1,24,3598.32,2153.04,1445.28,40.17,7.69,4.52,0.800,0.500,147.65,54.24,60.22,149.93,89.71
62,"2025-12-08","DC-TOR","PILSNER",1,16,2328.32,1403.52,924.8,39.72,5.32,4.33,0.800,0.500,68.1,34.64,57.8,145.52,87.72
55,"2025-10-20","DC-SEA","IPA",1,16,734.88,435.84,299.04,40.69,7.12,4.52,0.950,1.400,108.22,101.25,18.69,45.93,27.24
56,"2025-10-27","DC-DAL","ALE",1,16,2482.88,1524.32,958.56,38.61,7.3,4.46,0.900,0.700,105.12,49.95,59.91,155.18,95.27
79,"2026-04-06","DC-SEA","PILSNER",1,21,3241.14,1849.68,1391.46,42.93,5.8,4.27,0.800,0.500,97.44,44.83,66.26,154.34,88.08
21,"2025-02-24","DC-SEA","IPA",1,15,709.65,425.4,284.25,40.05,7.82,4.84,0.950,1.400,111.44,101.64,18.95,47.31,28.36
97,"2026-08-10","DC-DAL","ALE",1,24,3834.96,2279.76,1555.2,40.55,7,4.45,0.900,0.700,151.2,74.76,64.8,159.79,94.99
19,"2025-02-10","DC-ATL","STOUT",1,23,958.64,650.67,307.97,32.13,7.82,4.87,1.200,0.350,215.83,39.2,13.39,41.68,28.29
100,"2026-08-31","DC-SEA","IPA",1,22,990.22,597.52,392.7,39.66,7.05,4.51,0.950,1.400,147.35,138.91,17.85,45.01,27.16
55,"2025-10-20","DC-DAL","IPA",1,29,1385.33,789.96,595.37,42.98,7.12,4.52,0.950,1.400,196.16,183.51,20.53,47.77,27.24
50,"2025-09-15","DC-SEA","PILSNER",1,22,3266.12,1985.28,1280.84,39.22,7.16,6.42,0.800,0.500,126.02,70.62,58.22,148.46,90.24
50,"2025-09-15","DC-ATL","LAGER",1,14,449.4,341.04,108.36,24.11,7.16,6.42,0.850,0.550,85.2,49.43,7.74,32.10,24.36
66,"2026-01-05","DC-DAL","IPA",1,29,1358.65,725.58,633.07,46.6,5.43,4.08,0.950,1.400,149.6,165.65,21.83,46.85,25.02
72,"2026-02-16","DC-DAL","IPA",1,33,1561.23,833.25,727.98,46.63,5.82,3.98,0.950,1.400,182.46,183.88,22.06,47.31,25.25
73,"2026-02-23","DC-DAL","ALE",1,16,2384.48,1498.08,886.4,37.17,5.89,3.92,0.900,0.700,84.82,43.9,55.4,149.03,93.63
52,"2025-09-29","DC-DAL","IPA",1,32,1469.76,963.84,505.92,34.42,7.25,6.49,0.950,1.400,220.4,290.75,15.81,45.93,30.12
47,"2025-08-25","DC-TOR","PILSNER",1,22,3169.1,1986.82,1182.28,37.31,7.25,6.42,0.800,0.500,127.6,70.62,53.74,144.05,90.31
38,"2025-06-23","DC-ATL","LAGER",1,20,642,466.6,175.4,27.32,7.47,4.07,0.850,0.550,126.99,44.77,8.77,32.10,23.33
98,"2026-08-17","DC-ATL","STOUT",1,35,1374.1,948.85,425.25,30.95,6.97,4.43,1.200,0.350,292.74,54.27,12.15,39.26,27.11
71,"2026-02-09","DC-SEA","IPA",1,17,796.45,425.34,371.11,46.6,5.65,3.93,0.950,1.400,91.25,93.53,21.83,46.85,25.02
30,"2025-04-28","DC-ATL","LAGER",1,14,458.5,336.7,121.8,26.56,7.83,4.83,0.850,0.550,93.18,37.19,8.7,32.75,24.05
102,"2026-09-14","DC-NYC","IPA",1,37,1665.37,937.21,728.16,43.72,5.2,4.46,0.950,1.400,182.78,231.03,19.68,45.01,25.33
21,"2025-02-24","DC-ATL","LAGER",1,12,381.24,288.6,92.64,24.3,7.82,4.84,0.850,0.550,79.76,31.94,7.72,31.77,24.05
69,"2026-01-26","DC-SEA","PILSNER",1,16,2422.4,1407.84,1014.56,41.88,5.78,4.13,0.800,0.500,73.98,33.04,63.41,151.40,87.99
28,"2025-04-14","DC-NYC","IPA",1,30,1377.9,854.7,523.2,37.97,7.98,4.83,0.950,1.400,227.43,202.86,17.44,45.93,28.49
28,"2025-04-14","DC-SEA","PILSNER",1,20,2939.8,1802,1137.8,38.7,7.98,4.83,0.800,0.500,127.68,48.3,56.89,146.99,90.1
5,"2024-11-04","DC-SEA","IPA",1,14,675.22,379.96,295.26,43.73,7.1,4.46,0.950,1.400,94.43,87.42,21.09,48.23,27.14
37,"2025-06-16","DC-TOR","PILSNER",1,28,4115.72,2500.4,1615.32,39.25,7.46,4.07,0.800,0.500,167.1,56.98,57.69,146.99,89.3
78,"2026-03-30","DC-DAL","ALE",1,18,2710.26,1690.56,1019.7,37.62,5.82,4.43,0.900,0.700,94.28,55.82,56.65,150.57,93.92
59,"2025-11-17","DC-NYC","IPA",1,25,1182.75,636.75,546,46.16,5.3,4.49,0.950,1.400,125.88,157.15,21.84,47.31,25.47
46,"2025-08-18","DC-ATL","STOUT",1,38,1553.06,1067.8,485.26,31.25,7.2,6.45,1.200,0.350,328.32,85.79,12.77,40.87,28.1
87,"2026-06-01","DC-DAL","ALE",1,22,3447.62,2104.74,1342.88,38.95,7.69,4.52,0.900,0.700,152.26,69.61,61.04,156.71,95.67
11,"2024-12-16","DC-SEA","IPA",1,15,702.75,429,273.75,38.95,7.41,5.29,0.950,1.400,105.59,111.09,18.25,46.85,28.6
66,"2026-01-05","DC-DAL","ALE",1,15,2373.75,1399.8,973.95,41.03,5.43,4.08,0.900,0.700,73.3,42.84,64.93,158.25,93.32
95,"2026-07-27","DC-SEA","PILSNER",1,24,3563.04,2141.52,1421.52,39.9,7.25,4.26,0.800,0.500,139.2,51.12,59.23,148.46,89.23
21,"2025-02-24","DC-ATL","STOUT",1,25,1001.75,707,294.75,29.42,7.82,4.84,1.200,0.350,234.6,42.35,11.79,40.07,28.28
67,"2026-01-12","DC-NYC","IPA",1,22,990.22,555.06,435.16,43.95,5.64,4.09,0.950,1.400,117.88,125.97,19.78,45.01,25.23
12,"2024-12-23","DC-SEA","IPA",1,13,603.07,369.72,233.35,38.69,7.44,5.16,0.950,1.400,91.88,93.91,17.95,46.39,28.44
1,"2024-10-07","DC-NYC","IPA",1,31,1495.13,833.59,661.54,44.25,6.91,4.41,0.950,1.400,203.5,191.39,21.34,48.23,26.89
99,"2026-08-24","DC-NYC","IPA",1,36,1620.36,980.64,639.72,39.48,7.09,4.54,0.950,1.400,242.48,228.82,17.77,45.01,27.24
57,"2025-11-03","DC-SEA","IPA",1,15,668.25,377.55,290.7,43.5,5.13,4.39,0.950,1.400,73.1,92.19,19.38,44.55,25.17
36,"2025-06-09","DC-ATL","STOUT",1,34,1334.84,941.46,393.38,29.47,7.58,3.99,1.200,0.350,309.26,47.48,11.57,39.26,27.69
33,"2025-05-19","DC-SEA","IPA",1,20,946.2,557.8,388.4,41.05,7.79,4.53,0.950,1.400,148.01,126.84,19.42,47.31,27.89
25,"2025-03-24","DC-ATL","LAGER",1,13,413.01,314.73,98.28,23.8,8,4.85,0.850,0.550,88.4,34.68,7.56,31.77,24.21
47,"2025-08-25","DC-SEA","IPA",1,18,843.3,540.54,302.76,35.9,7.25,6.42,0.950,1.400,123.97,161.78,16.82,46.85,30.03
47,"2025-08-25","DC-SEA","PILSNER",1,19,2876.6,1715.89,1160.71,40.35,7.25,6.42,0.800,0.500,110.2,60.99,61.09,151.40,90.31
71,"2026-02-09","DC-NYC","IPA",1,27,1252.53,675.54,576.99,46.07,5.65,3.93,0.950,1.400,144.92,148.55,21.37,46.39,25.02
77,"2026-03-23","DC-SEA","IPA",1,16,734.88,412.48,322.4,43.87,5.86,4.33,0.950,1.400,89.07,96.99,20.15,45.93,25.78
32,"2025-05-12","DC-TOR","PILSNER",1,21,3241.14,1887.27,1353.87,41.77,7.82,4.63,0.800,0.500,131.38,48.62,64.47,154.34,89.87
47,"2025-08-25","DC-ATL","STOUT",1,35,1444.8,985.25,459.55,31.81,7.25,6.42,1.200,0.350,304.5,78.65,13.13,41.28,28.15
86,"2026-05-25","DC-ATL","STOUT",1,35,1430.45,892.85,537.6,37.58,5.63,4.45,1.200,0.350,236.46,54.51,15.36,40.87,25.51
26,"2025-03-31","DC-TOR","PILSNER",1,20,2881,1800.8,1080.2,37.49,7.95,4.75,0.800,0.500,127.2,47.5,54.01,144.05,90.04
101,"2026-09-07","DC-ATL","LAGER",1,16,524,346.4,177.6,33.89,5.2,4.52,0.850,0.550,70.72,39.78,11.1,32.75,21.65
104,"2026-09-28","DC-NYC","IPA",1,31,1423.83,786.78,637.05,44.74,5.19,4.5,0.950,1.400,152.85,195.3,20.55,45.93,25.38
78,"2026-03-30","DC-SEA","IPA",1,16,712.8,414.08,298.72,41.91,5.82,4.43,0.950,1.400,88.46,99.23,18.67,44.55,25.88
40,"2025-07-07","DC-DAL","ALE",1,21,3323.25,2000.88,1322.37,39.79,7.53,4.18,0.900,0.700,142.32,61.45,62.97,158.25,95.28
10,"2024-12-09","DC-DAL","ALE",1,12,1880.52,1149.72,730.8,38.86,7.22,5.33,0.900,0.700,77.98,44.77,60.9,156.71,95.81
72,"2026-02-16","DC-TOR","PILSNER",1,17,2523.82,1495.15,1028.67,40.76,5.82,3.98,0.800,0.500,79.15,33.83,60.51,148.46,87.95
43,"2025-07-28","DC-SEA","PILSNER",1,25,3711.5,2234,1477.5,39.81,7.37,4.32,0.800,0.500,147.4,54,59.1,148.46,89.36
2,"2024-10-14","DC-TOR","PILSNER",1,22,3169.1,1960.64,1208.46,38.13,6.93,4.55,0.800,0.500,121.97,50.05,54.93,144.05,89.12
52,"2025-09-29","DC-TOR","PILSNER",1,22,3169.1,1987.7,1181.4,37.28,7.25,6.49,0.800,0.500,127.6,71.39,53.7,144.05,90.35
45,"2025-08-11","DC-ATL","LAGER",1,16,513.6,376.32,137.28,26.73,7.42,4.5,0.850,0.550,100.91,39.6,8.58,32.10,23.52
11,"2024-12-16","DC-SEA","PILSNER",1,16,2328.32,1437.92,890.4,38.24,7.41,5.29,0.800,0.500,94.85,42.32,55.65,145.52,89.87
87,"2026-06-01","DC-ATL","LAGER",1,20,681.2,475.2,206,30.24,7.69,4.52,0.850,0.550,130.73,49.72,10.3,34.06,23.76
32,"2025-05-12","DC-NYC","IPA",1,39,1845.09,1094.34,750.75,40.69,7.82,4.63,0.950,1.400,289.73,252.8,19.25,47.31,28.06
54,"2025-10-13","DC-TOR","PILSNER",1,20,2969.2,1784.6,1184.6,39.9,7.1,4.51,0.800,0.500,113.6,45.1,59.23,148.46,89.23
49,"2025-09-08","DC-DAL","ALE",1,18,2682.54,1736.1,946.44,35.28,7.08,6.42,0.900,0.700,114.7,80.89,52.58,149.03,96.45
17,"2025-01-27","DC-ATL","LAGER",1,12,412.68,287.52,125.16,30.33,7.68,4.9,0.850,0.550,78.34,32.34,10.43,34.39,23.96
36,"2025-06-09","DC-TOR","PILSNER",1,25,3748.25,2234,1514.25,40.4,7.58,3.99,0.800,0.500,151.6,49.88,60.57,149.93,89.36
67,"2026-01-12","DC-DAL","IPA",1,26,1242.02,655.98,586.04,47.18,5.64,4.09,0.950,1.400,139.31,148.88,22.54,47.77,25.23
48,"2025-09-01","DC-ATL","STOUT",1,35,1374.1,986.3,387.8,28.22,7.24,6.56,1.200,0.350,304.08,80.36,11.08,39.26,28.18
18,"2025-02-03","DC-SEA","IPA",1,15,709.65,423,286.65,40.39,7.64,4.85,0.950,1.400,108.87,101.85,19.11,47.31,28.2
58,"2025-11-10","DC-SEA","IPA",1,14,636.58,352.24,284.34,44.67,5.16,4.36,0.950,1.400,68.63,85.46,20.31,45.47,25.16
82,"2026-04-27","DC-DAL","IPA",1,41,1901.99,1066.82,835.17,43.91,5.89,4.48,0.950,1.400,229.42,257.15,20.37,46.39,26.02
22,"2025-03-03","DC-SEA","PILSNER",1,19,2709.02,1710.38,998.64,36.86,7.86,4.86,0.800,0.500,119.47,46.17,52.56,142.58,90.02
54,"2025-10-13","DC-ATL","LAGER",1,14,476.84,325.64,151.2,31.71,7.1,4.51,0.850,0.550,84.49,34.73,10.8,34.06,23.26
49,"2025-09-08","DC-DAL","IPA",1,36,1653.48,1074.96,578.52,34.99,7.08,6.42,0.950,1.400,242.14,323.57,16.07,45.93,29.86
24,"2025-03-17","DC-NYC","IPA",1,30,1405.5,850.8,554.7,39.47,7.97,4.74,0.950,1.400,227.15,199.08,18.49,46.85,28.36
16,"2025-01-20","DC-ATL","STOUT",1,20,833.6,561.4,272.2,32.65,7.61,4.96,1.200,0.350,182.64,34.72,13.61,41.68,28.07
103,"2026-09-21","DC-ATL","STOUT",1,28,1133.16,693.84,439.32,38.77,5.02,4.45,1.200,0.350,168.67,43.61,15.69,40.47,24.78
30,"2025-04-28","DC-DAL","ALE",1,21,3161.97,2016.21,1145.76,36.24,7.83,4.83,0.900,0.700,147.99,71,54.56,150.57,96.01
66,"2026-01-05","DC-NYC","IPA",1,21,964.53,525.42,439.11,45.53,5.43,4.08,0.950,1.400,108.33,119.95,20.91,45.93,25.02
99,"2026-08-24","DC-ATL","STOUT",1,37,1497.39,1010.1,487.29,32.54,7.09,4.54,1.200,0.350,314.8,58.79,13.17,40.47,27.3
84,"2026-05-11","DC-ATL","LAGER",1,17,567.97,375.36,192.61,33.91,5.74,4.47,0.850,0.550,82.94,41.79,11.33,33.41,22.08
8,"2024-11-25","DC-ATL","STOUT",1,22,916.96,609.62,307.34,33.52,7.19,5.38,1.200,0.350,189.82,41.43,13.97,41.68,27.71
93,"2026-07-13","DC-TOR","PILSNER",1,27,4127.49,2409.21,1718.28,41.63,7.3,4.18,0.800,0.500,157.68,56.43,63.64,152.87,89.23
82,"2026-04-27","DC-TOR","PILSNER",1,23,3448.39,2029.75,1418.64,41.14,5.89,4.48,0.800,0.500,108.38,51.52,61.68,149.93,88.25
11,"2024-12-16","DC-DAL","IPA",1,24,1091.28,686.4,404.88,37.1,7.41,5.29,0.950,1.400,168.95,177.74,16.87,45.47,28.6
16,"2025-01-20","DC-ATL","LAGER",1,12,381.24,287.28,93.96,24.65,7.61,4.96,0.850,0.550,77.62,32.74,7.83,31.77,23.94
84,"2026-05-11","DC-SEA","IPA",1,23,1088.13,594.78,493.35,45.34,5.74,4.47,0.950,1.400,125.42,143.93,21.45,47.31,25.86
43,"2025-07-28","DC-NYC","IPA",1,38,1797.78,1033.6,764.18,42.51,7.37,4.32,0.950,1.400,266.06,229.82,20.11,47.31,27.2
85,"2026-05-18","DC-ATL","STOUT",1,36,1413.36,928.44,484.92,34.31,5.87,4.42,1.200,0.350,253.58,55.69,13.47,39.26,25.79
85,"2026-05-18","DC-SEA","IPA",1,24,1102.32,621.84,480.48,43.59,5.87,4.42,0.950,1.400,133.84,148.51,20.02,45.93,25.91
19,"2025-02-10","DC-DAL","ALE",1,14,2172.52,1344.42,828.1,38.12,7.82,4.87,0.900,0.700,98.53,47.73,59.15,155.18,96.03
77,"2026-03-23","DC-NYC","IPA",1,30,1446.9,773.4,673.5,46.55,5.86,4.33,0.950,1.400,167.01,181.86,22.45,48.23,25.78
59,"2025-11-17","DC-ATL","LAGER",1,11,349.47,238.81,110.66,31.67,5.3,4.49,0.850,0.550,49.56,27.16,10.06,31.77,21.71
82,"2026-04-27","DC-NYC","IPA",1,35,1688.05,910.7,777.35,46.05,5.89,4.48,0.950,1.400,195.84,219.52,22.21,48.23,26.02
16,"2025-01-20","DC-SEA","IPA",1,12,556.68,339.84,216.84,38.95,7.61,4.96,0.950,1.400,86.75,83.33,18.07,46.39,28.32
84,"2026-05-11","DC-NYC","IPA",1,32,1469.76,827.52,642.24,43.7,5.74,4.47,0.950,1.400,174.5,200.26,20.07,45.93,25.86
44,"2025-08-04","DC-SEA","IPA",1,20,937,545.6,391.4,41.77,7.48,4.3,0.950,1.400,142.12,120.4,19.57,46.85,27.28
51,"2025-09-22","DC-ATL","LAGER",1,16,529.28,390.72,138.56,26.18,7.14,6.57,0.850,0.550,97.1,57.82,8.66,33.08,24.42
5,"2024-11-04","DC-SEA","PILSNER",1,15,2315.1,1338.15,976.95,42.2,7.1,4.46,0.800,0.500,85.2,33.45,65.13,154.34,89.21
90,"2026-06-22","DC-DAL","ALE",1,26,3954.6,2486.38,1468.22,37.13,7.47,4.75,0.900,0.700,174.8,86.45,56.47,152.10,95.63
27,"2025-04-07","DC-TOR","PILSNER",1,21,3241.14,1891.68,1349.46,41.64,8.05,4.68,0.800,0.500,135.24,49.14,64.26,154.34,90.08
3,"2024-10-21","DC-DAL","IPA",1,29,1398.67,780.1,618.57,44.23,6.97,4.38,0.950,1.400,192.02,177.83,21.33,48.23,26.9
43,"2025-07-28","DC-ATL","LAGER",1,18,577.8,420.84,156.96,27.17,7.37,4.32,0.850,0.550,112.76,42.77,8.72,32.10,23.38
76,"2026-03-16","DC-SEA","PILSNER",1,16,2445.92,1412.16,1033.76,42.26,5.93,4.43,0.800,0.500,75.9,35.44,64.61,152.87,88.26
2,"2024-10-14","DC-ATL","LAGER",1,13,447.07,300.69,146.38,32.74,6.93,4.55,0.850,0.550,76.58,32.53,11.26,34.39,23.13
21,"2025-02-24","DC-SEA","PILSNER",1,15,2271,1349.7,921.3,40.57,7.82,4.84,0.800,0.500,93.84,36.3,61.42,151.40,89.98
99,"2026-08-24","DC-ATL","BEER",38,1159,40795.71,28668.92,12126.79,29.11,7.09,4.54,0.859,0.628,7040.8,3268.94,10.36,35.15,24.78
101,"2026-09-07","DC-NYC","BEER",42,1741,60374.04,40031.54,20342.5,33.27,5.2,4.52,0.875,0.640,7944.66,4985.06,11.62,34.69,23.07
3,"2024-10-21","DC-NYC","BEER",42,1350,47095.42,33002.99,14092.43,29.6,6.97,4.38,0.875,0.640,8237.84,3757.73,10.41,34.95,24.53
68,"2026-01-19","DC-DAL","BEER",42,852,29831.47,19745.16,10086.31,33.29,5.66,4.05,0.872,0.634,4206.8,2162.13,11.75,34.94,23.19
102,"2026-09-14","DC-ATL","BEER",38,1108,39187.43,25545.56,13641.87,34.47,5.2,4.46,0.859,0.628,4940.21,3060.1,12.3,35.41,23.11
23,"2025-03-10","DC-NYC","BEER",42,1323,45780.3,33891.08,11889.22,25.47,7.96,4.84,0.875,0.640,9220.94,4055.05,8.87,34.56,25.69
69,"2026-01-26","DC-TOR","BEER",42,625,21934.52,14550.61,7383.91,33.33,5.78,4.13,0.875,0.668,3138.25,1703.79,11.81,35.19,23.37
19,"2025-02-10","DC-TOR","BEER",42,578,20080.39,14778.09,5302.3,25.98,7.82,4.87,0.875,0.668,3931.43,1865.21,9.12,34.78,25.65
82,"2026-04-27","DC-TOR","BEER",42,836,29394.8,19762.94,9631.86,32.35,5.89,4.48,0.875,0.668,4283.97,2482.37,11.48,35.18,23.7
15,"2025-01-13","DC-NYC","BEER",42,1098,38240.95,27891.05,10349.9,26.65,7.54,5.06,0.875,0.640,7257.1,3514.22,9.32,34.79,25.47
59,"2025-11-17","DC-SEA","BEER",48,752,26670.24,17531.9,9138.34,33.77,5.3,4.49,0.882,0.638,3519.84,2147.16,12.09,35.46,23.37
102,"2026-09-14","DC-SEA","BEER",48,980,34789.91,22723.9,12066.01,34.32,5.2,4.46,0.882,0.638,4504.08,2769.62,12.27,35.53,23.26
95,"2026-07-27","DC-CHI","BEER",45,1601,56155.15,39807.95,16347.2,28.98,7.25,4.26,0.896,0.642,10413.9,4385.63,10.27,35.05,24.78
55,"2025-10-20","DC-CHI","BEER",45,1210,42732.08,30156.05,12576.03,29.33,7.12,4.52,0.896,0.642,7731.25,3531.16,10.44,35.27,24.83
27,"2025-04-07","DC-CHI","BEER",45,1364,47792.28,35242.21,12550.07,25.98,8.05,4.68,0.896,0.642,9841.13,4105.9,9.23,34.99,25.77
86,"2026-05-25","DC-TOR","BEER",42,918,32148.59,21465.26,10683.33,32.9,5.63,4.45,0.875,0.668,4494.37,2696.74,11.62,35.08,23.46
8,"2024-11-25","DC-DAL","BEER",42,809,28303.47,20504.33,7799.14,26.97,7.19,5.38,0.872,0.634,5074.2,2728.36,9.56,34.92,25.37
40,"2025-07-07","DC-CHI","BEER",45,1703,60277.4,42666.97,17610.43,29,7.53,4.18,0.896,0.642,11484.3,4576.56,10.37,35.34,24.98
104,"2026-09-28","DC-SEA","BEER",48,948,33655.23,22003.76,11651.47,34.45,5.19,4.5,0.882,0.638,4351.04,2710.8,12.35,35.63,23.28
67,"2026-01-12","DC-DAL","BEER",42,817,28637.41,18926.41,9711,33.38,5.64,4.09,0.872,0.634,4012.75,2084.18,11.79,34.98,23.2
78,"2026-03-30","DC-DAL","BEER",42,1088,38062.65,25635.96,12426.69,31.98,5.82,4.43,0.872,0.634,5523.06,3014.93,11.28,34.85,23.57
24,"2025-03-17","DC-CHI","BEER",45,1213,42329.04,31308.35,11020.69,25.75,7.97,4.74,0.896,0.642,8664.82,3697.15,9.14,34.87,25.73
65,"2025-12-29","DC-TOR","BEER",42,581,20269.88,13417.46,6852.42,33.43,5.46,4.22,0.875,0.668,2759.87,1620.61,11.74,34.89,23.15
32,"2025-05-12","DC-TOR","BEER",42,831,29158.1,21110.71,8047.39,27.07,7.82,4.63,0.875,0.668,5645.41,2546.31,9.62,35.11,25.49
52,"2025-09-29","DC-SEA","BEER",48,857,30376.52,22538.03,7838.49,25.7,7.25,6.49,0.882,0.638,5495.36,3523.36,9.21,35.57,26.37
104,"2026-09-28","DC-CHI","BEER",45,1372,47937.6,31744.37,16193.23,33.71,5.19,4.5,0.896,0.642,6378.98,3962.75,11.89,34.98,23.09
72,"2026-02-16","DC-NYC","BEER",42,1296,45186.97,30109.44,15077.53,32.98,5.82,3.98,0.875,0.640,6622.75,3268.02,11.55,34.82,23.27
96,"2026-08-03","DC-SEA","BEER",48,1090,38547.03,27147.86,11399.17,29.29,7.14,4.45,0.882,0.638,6886.03,3087.37,10.45,35.42,24.97
35,"2025-06-02","DC-SEA","BEER",48,1090,38374.71,27279.32,11095.39,28.66,7.56,4.07,0.882,0.638,7284.29,2819.41,10.23,35.32,25.1
68,"2026-01-19","DC-TOR","BEER",42,615,21522.92,14228.18,7294.74,33.62,5.66,4.05,0.875,0.668,3025.61,1646.49,11.89,35.11,23.22
12,"2024-12-23","DC-NYC","BEER",42,1109,38652.49,28127.96,10524.53,26.67,7.44,5.16,0.875,0.640,7240.76,3627.89,9.37,34.81,25.44
64,"2025-12-22","DC-NYC","BEER",42,1154,40179.22,26624.67,13554.55,33.25,5.47,4.27,0.875,0.640,5530.01,3122.69,11.64,34.79,23.15
6,"2024-11-11","DC-TOR","BEER",42,628,22171.72,15362.3,6809.42,30.25,6.96,4.32,0.875,0.668,3793.34,1794.36,10.77,35.30,24.53
102,"2026-09-14","DC-TOR","BEER",42,830,29238.81,19087.74,10151.07,34.17,5.2,4.46,0.875,0.668,3748.26,2449.25,12.14,35.23,23.09
77,"2026-03-23","DC-TOR","BEER",42,745,26153.91,17507.88,8646.03,32.61,5.86,4.33,0.875,0.668,3797.87,2136.42,11.52,35.10,23.58
56,"2025-10-27","DC-CHI","BEER",45,1160,40551.63,29027.64,11523.99,28.31,7.3,4.46,0.896,0.642,7586.16,3331.22,9.97,34.92,24.95
87,"2026-06-01","DC-SEA","BEER",48,1107,39008.56,28157.64,10850.92,27.51,7.69,4.52,0.882,0.638,7531.97,3182.4,9.8,35.30,25.5
26,"2025-03-31","DC-SEA","BEER",48,896,31708.88,23124.49,8584.39,26.76,7.95,4.75,0.882,0.638,6304.35,2701.47,9.58,35.46,25.87
41,"2025-07-14","DC-CHI","BEER",45,1675,58365.72,41919.37,16446.35,27.85,7.5,4.21,0.896,0.642,11272.73,4534.72,9.81,34.78,24.97
98,"2026-08-17","DC-DAL","BEER",42,1248,43862.2,30613.66,13248.54,29.56,6.97,4.43,0.872,0.634,7571.23,3444.64,10.5,35.07,24.57
52,"2025-09-29","DC-DAL","BEER",42,980,34353.69,25598.62,8755.07,25.03,7.25,6.49,0.872,0.634,6196.58,3983.56,8.87,34.99,26.12
39,"2025-06-30","DC-SEA","BEER",48,1117,39357.39,27774,11583.39,29.17,7.31,4.14,0.882,0.638,7221.91,2949.63,10.37,35.29,24.92
47,"2025-08-25","DC-ATL","BEER",38,1167,40879.24,30359.07,10520.17,25.17,7.25,6.42,0.859,0.628,7255.15,4637.81,8.95,35.05,26.1
61,"2025-12-01","DC-CHI","BEER",45,1082,37737.56,25047.3,12690.26,33.51,5.23,4.42,0.896,0.642,5067.14,3071.81,11.81,34.88,23.07
82,"2026-04-27","DC-ATL","BEER",38,1179,41414.17,27901.12,13513.05,32.61,5.89,4.48,0.859,0.628,5949.43,3269.55,11.61,35.33,23.72
9,"2024-12-02","DC-DAL","BEER",42,815,28548.5,20474.11,8074.39,27.72,7.06,5.24,0.872,0.634,5011.54,2673.66,9.83,35.00,25.17
40,"2025-07-07","DC-SEA","BEER",48,1133,39890.98,28405.94,11485.04,28.51,7.53,4.18,0.882,0.638,7544.91,2999.74,10.14,35.28,25.14
17,"2025-01-27","DC-SEA","BEER",48,672,23778.96,17246.8,6532.16,27.14,7.68,4.9,0.882,0.638,4570.44,2087.69,9.71,35.44,25.73
1,"2024-10-07","DC-DAL","BEER",42,998,34841.39,24436.53,10404.86,29.27,6.91,4.41,0.872,0.634,6018.61,2756.29,10.29,34.80,24.51
2,"2024-10-14","DC-ATL","BEER",38,942,32858.86,23181.46,9677.4,29.16,6.93,4.55,0.859,0.628,5587.87,2648.96,10.28,34.94,24.65
10,"2024-12-09","DC-TOR","BEER",42,566,19900.43,14335.56,5564.87,27.38,7.22,5.33,0.875,0.668,3549.57,1997.79,9.74,35.17,25.44
83,"2026-05-04","DC-TOR","BEER",42,889,31159.09,20886.78,10272.31,32.4,5.79,4.43,0.875,0.668,4468.26,2607.01,11.45,35.04,23.58
66,"2026-01-05","DC-NYC","BEER",42,1179,41255.78,27003.6,14252.18,34.08,5.43,4.08,0.875,0.640,5620.59,3042.37,11.97,34.96,22.99
71,"2026-02-09","DC-SEA","BEER",48,753,26607.43,17495.99,9111.44,33.78,5.65,3.93,0.882,0.638,3757.14,1878.5,12.03,35.35,23.32
46,"2025-08-18","DC-ATL","BEER",38,1165,40946.49,30299.08,10647.41,25.51,7.2,6.45,0.859,0.628,7184.02,4657.35,9.1,35.18,26.08
28,"2025-04-14","DC-TOR","BEER",42,778,27351.03,19973.13,7377.9,26.44,7.98,4.83,0.875,0.668,5397.75,2485.9,9.38,35.15,25.77
58,"2025-11-10","DC-NYC","BEER",42,1329,46351.7,30389.15,15962.55,33.98,5.16,4.36,0.875,0.640,6013.46,3674.7,11.89,34.82,22.93
60,"2025-11-24","DC-NYC","BEER",42,1239,43423.74,28610.93,14812.81,33.67,5.33,4.46,0.875,0.640,5797.6,3501.23,11.84,34.98,23.15
78,"2026-03-30","DC-NYC","BEER",42,1514,52777.91,35531.42,17246.49,32.08,5.82,4.43,0.875,0.640,7724.13,4254.7,11.23,34.79,23.56
51,"2025-09-22","DC-TOR","BEER",42,782,27382.82,20402.42,6980.4,24.96,7.14,6.57,0.875,0.668,4853.13,3395.51,8.82,35.02,26.19
10,"2024-12-09","DC-CHI","BEER",45,1021,35697.96,26043.93,9654.03,26.86,7.22,5.33,0.896,0.642,6612.08,3494.77,9.5,34.94,25.44
85,"2026-05-18","DC-NYC","BEER",42,1839,64459.37,43230.74,21228.63,32.43,5.87,4.42,0.875,0.640,9444.83,5145.59,11.41,35.01,23.59
100,"2026-08-31","DC-CHI","BEER",45,1493,52454.52,37070.68,15383.84,29.2,7.05,4.51,0.896,0.642,9427.82,4322.97,10.35,35.11,24.76
7,"2024-11-18","DC-NYC","BEER",42,1177,41172.62,29623.89,11548.73,27.78,7.07,5.31,0.875,0.640,7308.97,3959.93,9.8,35.02,25.22
6,"2024-11-11","DC-DAL","BEER",42,858,29827.35,21007.25,8820.1,29.07,6.96,4.32,0.872,0.634,5209.56,2324.42,10.21,34.71,24.5
42,"2025-07-21","DC-NYC","BEER",42,1867,65258.43,46569.07,18689.36,28.26,7.51,4.38,0.875,0.640,12303.63,5185.13,9.94,34.95,25.01
12,"2024-12-23","DC-SEA","BEER",48,655,23224.66,16809.71,6414.95,27.45,7.44,5.16,0.882,0.638,4308.43,2150.79,9.84,35.52,25.69
39,"2025-06-30","DC-ATL","BEER",38,1240,43385.51,30600.22,12785.29,29.15,7.31,4.14,0.859,0.628,7757.66,3189.91,10.29,35.01,24.72
46,"2025-08-18","DC-NYC","BEER",42,1742,61006.32,45263.29,15743.03,25.34,7.2,6.45,0.875,0.640,10975.68,7134.22,8.93,34.99,26.06
56,"2025-10-27","DC-NYC","BEER",42,1349,47024.25,33455.88,13568.37,28.3,7.3,4.46,0.875,0.640,8632.32,3816.2,9.92,34.79,24.87
98,"2026-08-17","DC-NYC","BEER",42,1819,63050.2,44529.31,18520.89,28.94,6.97,4.43,0.875,0.640,11107.88,5111.82,10.09,34.65,24.56
94,"2026-07-20","DC-ATL","BEER",38,1262,44672.08,31171.53,13500.55,29.76,7.24,4.26,0.859,0.628,7830.06,3334.34,10.64,35.38,24.74
55,"2025-10-20","DC-SEA","BEER",48,825,28947.24,20576.96,8370.28,28.8,7.12,4.52,0.882,0.638,5197.03,2371.69,10.24,35.23,25
48,"2025-09-01","DC-TOR","BEER",42,837,29382.75,21914.58,7468.17,25.04,7.24,6.56,0.875,0.668,5277.16,3628.2,8.9,35.17,26.27
62,"2025-12-08","DC-DAL","BEER",42,842,29584.06,19417.6,10166.46,33.75,5.32,4.33,0.872,0.634,3907.22,2281.48,11.92,34.99,23.07
71,"2026-02-09","DC-TOR","BEER",42,635,22295.96,14649.15,7646.81,33.88,5.65,3.93,0.875,0.668,3120.95,1646.43,11.96,35.09,23.13
99,"2026-08-24","DC-NYC","BEER",42,1774,61911.52,43766.49,18145.03,29.01,7.09,4.54,0.875,0.640,11015.02,5108.73,10.21,34.95,24.74
101,"2026-09-07","DC-ATL","BEER",38,1137,40075.52,26262.69,13812.83,34.09,5.2,4.52,0.859,0.628,5069.01,3192.11,12.14,35.28,23.15
15,"2025-01-13","DC-ATL","BEER",38,749,26134.03,19072.84,7061.19,26.59,7.54,5.06,0.859,0.628,4842.26,2352.6,9.37,34.87,25.5
79,"2026-04-06","DC-NYC","BEER",42,1542,53661.72,36038.15,17623.57,32.51,5.8,4.27,0.875,0.640,7828.49,4168.76,11.39,34.82,23.44
7,"2024-11-18","DC-ATL","BEER",38,749,26287.7,18885.52,7402.18,27.92,7.07,5.31,0.859,0.628,4541.56,2465.22,9.92,35.17,25.25
83,"2026-05-04","DC-NYC","BEER",42,1688,58961.84,39573.29,19388.55,32.29,5.79,4.43,0.875,0.640,8567.29,4747.32,11.36,34.89,23.53
11,"2024-12-16","DC-NYC","BEER",42,1118,38714.13,28410.26,10303.87,26.25,7.41,5.29,0.875,0.640,7265.51,3748.92,9.16,34.66,25.5
16,"2025-01-20","DC-CHI","BEER",45,975,33992.49,24987.19,9005.3,26.31,7.61,4.96,0.896,0.642,6650.84,3110.52,9.28,34.83,25.55
5,"2024-11-04","DC-NYC","BEER",42,1258,43825.26,30977.19,12848.07,29,7.1,4.46,0.875,0.640,7826.05,3545.08,10.17,34.87,24.7
104,"2026-09-28","DC-DAL","BEER",42,1109,38858.54,25546.16,13312.38,33.83,5.19,4.5,0.872,0.634,5016.14,3125.84,11.9,34.97,23.07
92,"2026-07-06","DC-TOR","PILSNER",1,24,3492.48,2141.52,1350.96,38.68,7.3,4.18,0.800,0.500,140.16,50.16,56.29,145.52,89.23
25,"2025-03-24","DC-DAL","IPA",1,33,1576.41,941.82,634.59,40.26,8,4.85,0.950,1.400,250.8,224.07,19.23,47.77,28.54
14,"2025-01-06","DC-ATL","STOUT",1,22,890.34,612.48,277.86,31.21,7.39,5.05,1.200,0.350,195.1,38.89,12.63,40.47,27.84
21,"2025-02-24","DC-NYC","IPA",1,29,1331.97,822.44,509.53,38.25,7.82,4.84,0.950,1.400,215.44,196.5,17.57,45.93,28.36
104,"2026-09-28","DC-DAL","IPA",1,36,1686.6,913.68,772.92,45.83,5.19,4.5,0.950,1.400,177.5,226.8,21.47,46.85,25.38
26,"2025-03-31","DC-SEA","IPA",1,16,756.96,453.6,303.36,40.08,7.95,4.75,0.950,1.400,120.84,106.4,18.96,47.31,28.35
2,"2024-10-14","DC-NYC","IPA",1,28,1273.16,758.8,514.36,40.4,6.93,4.55,0.950,1.400,184.34,178.36,18.37,45.47,27.1
63,"2025-12-15","DC-SEA","PILSNER",1,14,2099.02,1228.5,870.52,41.47,5.37,4.3,0.800,0.500,60.14,30.1,62.18,149.93,87.75
9,"2024-12-02","DC-ATL","STOUT",1,19,791.92,522.69,269.23,34,7.06,5.24,1.200,0.350,160.97,34.85,14.17,41.68,27.51
62,"2025-12-08","DC-NYC","IPA",1,24,1113.36,606.48,506.88,45.53,5.32,4.33,0.950,1.400,121.3,145.49,21.12,46.39,25.27
90,"2026-06-22","DC-SEA","IPA",1,25,1113.75,697.5,416.25,37.37,7.47,4.75,0.950,1.400,177.41,166.25,16.65,44.55,27.9
76,"2026-03-16","DC-DAL","IPA",1,30,1336.5,779.7,556.8,41.66,5.93,4.43,0.950,1.400,169.01,186.06,18.56,44.55,25.99
91,"2026-06-29","DC-ATL","LAGER",1,20,635.4,473.8,161.6,25.43,7.5,4.69,0.850,0.550,127.5,51.59,8.08,31.77,23.69
96,"2026-08-03","DC-ATL","LAGER",1,20,661.6,465.2,196.4,29.69,7.14,4.45,0.850,0.550,121.38,48.95,9.82,33.08,23.26
61,"2025-12-01","DC-TOR","PILSNER",1,15,2182.8,1315.35,867.45,39.74,5.23,4.42,0.800,0.500,62.76,33.15,57.83,145.52,87.69
20,"2025-02-17","DC-DAL","IPA",1,30,1419.3,851.7,567.6,39.99,7.75,4.91,0.950,1.400,220.88,206.22,18.92,47.31,28.39
91,"2026-06-29","DC-TOR","PILSNER",1,24,3668.88,2151.6,1517.28,41.36,7.5,4.69,0.800,0.500,144,56.28,63.22,152.87,89.65
54,"2025-10-13","DC-SEA","PILSNER",1,17,2523.82,1516.91,1006.91,39.9,7.1,4.51,0.800,0.500,96.56,38.34,59.23,148.46,89.23
90,"2026-06-22","DC-ATL","LAGER",1,17,562.36,402.9,159.46,28.36,7.47,4.75,0.850,0.550,107.94,44.41,9.38,33.08,23.7
27,"2025-04-07","DC-ATL","STOUT",1,31,1229.46,883.5,345.96,28.14,8.05,4.68,1.200,0.350,299.46,50.78,11.16,39.66,28.5
25,"2025-03-24","DC-TOR","PILSNER",1,18,2778.12,1622.34,1155.78,41.6,8,4.85,0.800,0.500,115.2,43.65,64.21,154.34,90.13
24,"2025-03-17","DC-SEA","IPA",1,18,859.86,510.48,349.38,40.63,7.97,4.74,0.950,1.400,136.29,119.45,19.41,47.77,28.36
8,"2024-11-25","DC-ATL","LAGER",1,11,367.51,261.91,105.6,28.73,7.19,5.38,0.850,0.550,67.23,32.55,9.6,33.41,23.81
30,"2025-04-28","DC-TOR","PILSNER",1,24,3492.48,2159.52,1332.96,38.17,7.83,4.83,0.800,0.500,150.34,57.96,55.54,145.52,89.98
6,"2024-11-11","DC-ATL","LAGER",1,10,324.2,230.3,93.9,28.96,6.96,4.32,0.850,0.550,59.16,23.76,9.39,32.42,23.03
13,"2024-12-30","DC-TOR","PILSNER",1,16,2375.36,1437.92,937.44,39.47,7.53,5.1,0.800,0.500,96.38,40.8,58.59,148.46,89.87
56,"2025-10-27","DC-SEA","PILSNER",1,16,2375.36,1429.92,945.44,39.8,7.3,4.46,0.800,0.500,93.44,35.68,59.09,148.46,89.37
32,"2025-05-12","DC-DAL","ALE",1,23,3710.36,2204.78,1505.58,40.58,7.82,4.63,0.900,0.700,161.87,74.54,65.46,161.32,95.86
71,"2026-02-09","DC-SEA","PILSNER",1,15,2271,1316.85,954.15,42.01,5.65,3.93,0.800,0.500,67.8,29.48,63.61,151.40,87.79
66,"2026-01-05","DC-TOR","PILSNER",1,18,2619.36,1578.24,1041.12,39.75,5.43,4.08,0.800,0.500,78.19,36.72,57.84,145.52,87.68
1,"2024-10-07","DC-ATL","STOUT",1,29,1150.14,784.16,365.98,31.82,6.91,4.41,1.200,0.350,240.47,44.76,12.62,39.66,27.04
81,"2026-04-20","DC-DAL","IPA",1,36,1636.92,933.12,703.8,43,5.86,4.43,0.950,1.400,200.41,223.27,19.55,45.47,25.92
8,"2024-11-25","DC-DAL","IPA",1,29,1385.33,826.79,558.54,40.32,7.19,5.38,0.950,1.400,198.08,218.43,19.26,47.77,28.51
23,"2025-03-10","DC-ATL","STOUT",1,26,1094.34,739.7,354.64,32.41,7.96,4.84,1.200,0.350,248.35,44.04,13.64,42.09,28.45
53,"2025-10-06","DC-ATL","LAGER",1,12,404.76,279.84,124.92,30.86,7.13,4.58,0.850,0.550,72.73,30.23,10.41,33.73,23.32
6,"2024-11-11","DC-TOR","PILSNER",1,17,2523.82,1513.51,1010.31,40.03,6.96,4.32,0.800,0.500,94.66,36.72,59.43,148.46,89.03
104,"2026-09-28","DC-ATL","LAGER",1,14,481.46,302.82,178.64,37.1,5.19,4.5,0.850,0.550,61.76,34.65,12.76,34.39,21.63
8,"2024-11-25","DC-DAL","ALE",1,15,2304.6,1437.3,867.3,37.63,7.19,5.38,0.900,0.700,97.07,56.49,57.82,153.64,95.82
5,"2024-11-04","DC-NYC","IPA",1,27,1215.27,732.78,482.49,39.7,7.1,4.46,0.950,1.400,182.11,168.59,17.87,45.01,27.14
23,"2025-03-10","DC-NYC","IPA",1,28,1273.16,797.72,475.44,37.34,7.96,4.84,0.950,1.400,211.74,189.73,16.98,45.47,28.49
23,"2025-03-10","DC-ATL","LAGER",1,14,463.12,338.38,124.74,26.93,7.96,4.84,0.850,0.550,94.72,37.27,8.91,33.08,24.17
11,"2024-12-16","DC-ATL","STOUT",1,21,883.89,586.74,297.15,33.62,7.41,5.29,1.200,0.350,186.73,38.88,14.15,42.09,27.94
83,"2026-05-04","DC-ATL","LAGER",1,17,584.63,375.7,208.93,35.74,5.79,4.43,0.850,0.550,83.67,41.42,12.29,34.39,22.1
103,"2026-09-21","DC-NYC","IPA",1,35,1655.85,880.25,775.6,46.84,5.02,4.45,0.950,1.400,166.92,218.05,22.16,47.31,25.15
84,"2026-05-11","DC-DAL","IPA",1,43,1915.65,1111.98,803.67,41.95,5.74,4.47,0.950,1.400,234.48,269.09,18.69,44.55,25.86
32,"2025-05-12","DC-SEA","IPA",1,22,1030.7,617.32,413.38,40.11,7.82,4.63,0.950,1.400,163.44,142.6,18.79,46.85,28.06
4,"2024-10-28","DC-SEA","IPA",1,15,702.75,407.55,295.2,42.01,6.97,4.57,0.950,1.400,99.32,95.97,19.68,46.85,27.17
23,"2025-03-10","DC-DAL","ALE",1,18,2793.24,1730.34,1062.9,38.05,7.96,4.84,0.900,0.700,128.95,60.98,59.05,155.18,96.13
94,"2026-07-20","DC-NYC","IPA",1,37,1733.45,998.63,734.82,42.39,7.24,4.26,0.950,1.400,254.49,220.67,19.86,46.85,26.99
49,"2025-09-08","DC-ATL","STOUT",1,29,1162.03,810.26,351.77,30.27,7.08,6.42,1.200,0.350,246.38,65.16,12.13,40.07,27.94
55,"2025-10-20","DC-ATL","LAGER",1,14,467.74,325.92,141.82,30.32,7.12,4.52,0.850,0.550,84.73,34.8,10.13,33.41,23.28
64,"2025-12-22","DC-ATL","STOUT",1,25,1052.25,631.5,420.75,39.99,5.47,4.27,1.200,0.350,164.1,37.36,16.83,42.09,25.26
61,"2025-12-01","DC-NYC","IPA",1,23,1066.97,582.13,484.84,45.44,5.23,4.42,0.950,1.400,114.28,142.32,21.08,46.39,25.31
39,"2025-06-30","DC-SEA","IPA",1,24,1102.32,645.36,456.96,41.45,7.31,4.14,0.950,1.400,166.67,139.1,19.04,45.93,26.89
90,"2026-06-22","DC-SEA","PILSNER",1,22,3330.8,1972.3,1358.5,40.79,7.47,4.75,0.800,0.500,131.47,52.25,61.75,151.40,89.65
41,"2025-07-14","DC-SEA","IPA",1,23,1088.13,624.91,463.22,42.57,7.5,4.21,0.950,1.400,163.87,135.56,20.14,47.31,27.17
65,"2025-12-29","DC-TOR","PILSNER",1,15,2248.95,1316.7,932.25,41.45,5.46,4.22,0.800,0.500,65.52,31.65,62.15,149.93,87.78
93,"2026-07-13","DC-SEA","IPA",1,24,1069.2,646.56,422.64,39.53,7.3,4.18,0.950,1.400,166.44,140.45,17.61,44.55,26.94
12,"2024-12-23","DC-ATL","LAGER",1,10,340.6,239,101.6,29.83,7.44,5.16,0.850,0.550,63.24,28.38,10.16,34.06,23.9
57,"2025-11-03","DC-TOR","PILSNER",1,17,2448.85,1489.2,959.65,39.19,5.13,4.39,0.800,0.500,69.77,37.32,56.45,144.05,87.6
83,"2026-05-04","DC-SEA","IPA",1,19,890.15,491.15,399,44.82,5.79,4.43,0.950,1.400,104.51,117.84,21,46.85,25.85
32,"2025-05-12","DC-ATL","STOUT",1,35,1416.45,987,429.45,30.32,7.82,4.63,1.200,0.350,328.44,56.72,12.27,40.47,28.2
103,"2026-09-21","DC-ATL","LAGER",1,16,544.96,343.2,201.76,37.02,5.02,4.45,0.850,0.550,68.27,39.16,12.61,34.06,21.45
30,"2025-04-28","DC-DAL","IPA",1,36,1603.8,1020.6,583.2,36.36,7.83,4.83,0.950,1.400,267.79,243.43,16.2,44.55,28.35
54,"2025-10-13","DC-NYC","IPA",1,30,1419.3,816.3,603,42.49,7.1,4.51,0.950,1.400,202.35,189.42,20.1,47.31,27.21
4,"2024-10-28","DC-TOR","PILSNER",1,21,3086.79,1872.36,1214.43,39.34,6.97,4.57,0.800,0.500,117.1,47.99,57.83,146.99,89.16
19,"2025-02-10","DC-NYC","IPA",1,22,1040.82,624.8,416.02,39.97,7.82,4.87,0.950,1.400,163.44,150,18.91,47.31,28.4
100,"2026-08-31","DC-DAL","IPA",1,42,1871.1,1140.72,730.38,39.03,7.05,4.51,0.950,1.400,281.29,265.19,17.39,44.55,27.16
22,"2025-03-03","DC-ATL","STOUT",1,24,980.88,679.92,300.96,30.68,7.86,4.86,1.200,0.350,226.37,40.82,12.54,40.87,28.33
12,"2024-12-23","DC-DAL","IPA",1,26,1182.22,739.44,442.78,37.45,7.44,5.16,0.950,1.400,183.77,187.82,17.03,45.47,28.44
29,"2025-04-21","DC-ATL","STOUT",1,35,1430.45,993.65,436.8,30.54,7.9,4.88,1.200,0.350,331.8,59.78,12.48,40.87,28.39
86,"2026-05-25","DC-DAL","ALE",1,22,3413.96,2062.72,1351.24,39.58,5.63,4.45,0.900,0.700,111.47,68.53,61.42,155.18,93.76
56,"2025-10-27","DC-ATL","LAGER",1,13,438.49,304.2,134.29,30.63,7.3,4.46,0.850,0.550,80.66,31.89,10.33,33.73,23.4
34,"2025-05-26","DC-DAL","IPA",1,46,2218.58,1245.68,972.9,43.85,7.7,4.01,0.950,1.400,336.49,258.24,21.15,48.23,27.08
95,"2026-07-27","DC-ATL","LAGER",1,18,577.8,418.5,159.3,27.57,7.25,4.26,0.850,0.550,110.93,42.17,8.85,32.10,23.25
42,"2025-07-21","DC-SEA","IPA",1,21,993.51,575.82,417.69,42.04,7.51,4.38,0.950,1.400,149.82,128.77,19.89,47.31,27.42
50,"2025-09-15","DC-ATL","STOUT",1,28,1099.28,785.12,314.16,28.58,7.16,6.42,1.200,0.350,240.58,62.92,11.22,39.26,28.04
21,"2025-02-24","DC-TOR","PILSNER",1,17,2523.82,1529.66,994.16,39.39,7.82,4.84,0.800,0.500,106.35,41.14,58.48,148.46,89.98
23,"2025-03-10","DC-SEA","IPA",1,15,682.05,427.35,254.7,37.34,7.96,4.84,0.950,1.400,113.43,101.64,16.98,45.47,28.49
36,"2025-06-09","DC-DAL","IPA",1,43,1994.77,1158.42,836.35,41.93,7.58,3.99,0.950,1.400,309.64,240.2,19.45,46.39,26.94
37,"2025-06-16","DC-NYC","IPA",1,41,1901.99,1104.54,797.45,41.93,7.46,4.07,0.950,1.400,290.57,233.62,19.45,46.39,26.94
9,"2024-12-02","DC-DAL","IPA",1,27,1289.79,761.13,528.66,40.99,7.06,5.24,0.950,1.400,181.09,198.07,19.58,47.77,28.19
43,"2025-07-28","DC-ATL","STOUT",1,34,1444.66,937.04,507.62,35.14,7.37,4.32,1.200,0.350,300.7,51.41,14.93,42.49,27.56
45,"2025-08-11","DC-DAL","ALE",1,21,3355.59,2003.61,1351.98,40.29,7.42,4.5,0.900,0.700,140.24,66.15,64.38,159.79,95.41
29,"2025-04-21","DC-NYC","IPA",1,31,1395.31,883.19,512.12,36.7,7.9,4.88,0.950,1.400,232.66,211.79,16.52,45.01,28.49
102,"2026-09-14","DC-TOR","PILSNER",1,22,3169.1,1929.18,1239.92,39.13,5.2,4.46,0.800,0.500,91.52,49.06,56.36,144.05,87.69
81,"2026-04-20","DC-NYC","IPA",1,31,1495.13,803.52,691.61,46.26,5.86,4.43,0.950,1.400,172.58,192.26,22.31,48.23,25.92
63,"2025-12-15","DC-DAL","IPA",1,29,1385.33,732.83,652.5,47.1,5.37,4.3,0.950,1.400,147.94,174.58,22.5,47.77,25.27
37,"2025-06-16","DC-SEA","PILSNER",1,25,3821.75,2232.5,1589.25,41.58,7.46,4.07,0.800,0.500,149.2,50.88,63.57,152.87,89.3
42,"2025-07-21","DC-TOR","PILSNER",1,26,3859.96,2327,1532.96,39.71,7.51,4.38,0.800,0.500,156.21,56.94,58.96,148.46,89.5
70,"2026-02-02","DC-DAL","IPA",1,25,1159.75,631.25,528.5,45.57,5.63,4.11,0.950,1.400,133.71,143.85,21.14,46.39,25.25
78,"2026-03-30","DC-ATL","LAGER",1,15,481.5,331.8,149.7,31.09,5.82,4.43,0.850,0.550,74.21,36.55,9.98,32.10,22.12
52,"2025-09-29","DC-DAL","ALE",1,18,2876.22,1739.7,1136.52,39.51,7.25,6.49,0.900,0.700,117.45,81.77,63.14,159.79,96.65
41,"2025-07-14","DC-TOR","PILSNER",1,25,3638,2235.25,1402.75,38.56,7.5,4.21,0.800,0.500,150,52.63,56.11,145.52,89.41
1,"2024-10-07","DC-SEA","IPA",1,18,835.02,484.02,351,42.03,6.91,4.41,0.950,1.400,118.16,111.13,19.5,46.39,26.89
27,"2025-04-07","DC-SEA","PILSNER",1,21,2994.18,1891.68,1102.5,36.82,8.05,4.68,0.800,0.500,135.24,49.14,52.5,142.58,90.08
93,"2026-07-13","DC-DAL","ALE",1,21,3355.59,1996.68,1358.91,40.5,7.3,4.18,0.900,0.700,137.97,61.45,64.71,159.79,95.08
53,"2025-10-06","DC-TOR","PILSNER",1,23,3380.77,2053.67,1327.1,39.25,7.13,4.58,0.800,0.500,131.19,52.67,57.7,146.99,89.29
31,"2025-05-05","DC-ATL","STOUT",1,35,1402.45,982.8,419.65,29.92,7.76,4.49,1.200,0.350,325.92,55,11.99,40.07,28.08
42,"2025-07-21","DC-ATL","LAGER",1,19,647.14,447.07,200.07,30.92,7.51,4.38,0.850,0.550,121.29,45.77,10.53,34.06,23.53
19,"2025-02-10","DC-DAL","IPA",1,26,1242.02,738.4,503.62,40.55,7.82,4.87,0.950,1.400,193.15,177.27,19.37,47.77,28.4
35,"2025-06-02","DC-NYC","IPA",1,42,1871.1,1135.26,735.84,39.33,7.56,4.07,0.950,1.400,301.64,239.32,17.52,44.55,27.03
75,"2026-03-09","DC-ATL","STOUT",1,27,1114.56,694.98,419.58,37.65,5.84,4.39,1.200,0.350,189.22,41.49,15.54,41.28,25.74
102,"2026-09-14","DC-ATL","STOUT",1,32,1346.88,800,546.88,40.6,5.2,4.46,1.200,0.350,199.68,49.95,17.09,42.09,25
25,"2025-03-24","DC-SEA","PILSNER",1,16,2469.44,1442.08,1027.36,41.6,8,4.85,0.800,0.500,102.4,38.8,64.21,154.34,90.13
44,"2025-08-04","DC-DAL","IPA",1,40,1837.2,1091.2,746,40.61,7.48,4.3,0.950,1.400,284.24,240.8,18.65,45.93,27.28
98,"2026-08-17","DC-ATL","LAGER",1,20,681.2,462,219.2,32.18,6.97,4.43,0.850,0.550,118.49,48.73,10.96,34.06,23.1
77,"2026-03-23","DC-TOR","PILSNER",1,19,2792.81,1674.85,1117.96,40.03,5.86,4.33,0.800,0.500,89.07,41.14,58.84,146.99,88.15
42,"2025-07-21","DC-DAL","IPA",1,47,2137.09,1288.74,848.35,39.7,7.51,4.38,0.950,1.400,335.32,288.2,18.05,45.47,27.42
64,"2025-12-22","DC-SEA","PILSNER",1,16,2351.84,1404.96,946.88,40.26,5.47,4.27,0.800,0.500,70.02,34.16,59.18,146.99,87.81
10,"2024-12-09","DC-NYC","IPA",1,24,1146.48,683.28,463.2,40.4,7.22,5.33,0.950,1.400,164.62,179.09,19.3,47.77,28.47
74,"2026-03-02","DC-NYC","IPA",1,28,1337.56,726.32,611.24,45.7,5.94,4.39,0.950,1.400,158,172.09,21.83,47.77,25.94
86,"2026-05-25","DC-SEA","PILSNER",1,25,3564.5,2200.75,1363.75,38.26,5.63,4.45,0.800,0.500,112.6,55.63,54.55,142.58,88.03
14,"2025-01-06","DC-NYC","IPA",1,23,1098.71,649.52,449.19,40.88,7.39,5.05,0.950,1.400,161.47,162.61,19.53,47.77,28.24
95,"2026-07-27","DC-DAL","IPA",1,46,2155.1,1242,913.1,42.37,7.25,4.26,0.950,1.400,316.83,274.34,19.85,46.85,27
32,"2025-05-12","DC-DAL","IPA",1,38,1815.26,1066.28,748.98,41.26,7.82,4.63,0.950,1.400,282.3,246.32,19.71,47.77,28.06
4,"2024-10-28","DC-DAL","IPA",1,33,1576.41,896.61,679.8,43.12,6.97,4.57,0.950,1.400,218.51,211.13,20.6,47.77,27.17
40,"2025-07-07","DC-DAL","IPA",1,40,1929.2,1086.4,842.8,43.69,7.53,4.18,0.950,1.400,286.14,234.08,21.07,48.23,27.16
59,"2025-11-17","DC-SEA","IPA",1,17,812.09,432.99,379.1,46.68,5.3,4.49,0.950,1.400,85.59,106.86,22.3,47.77,25.47
19,"2025-02-10","DC-SEA","PILSNER",1,17,2498.83,1529.83,969,38.78,7.82,4.87,0.800,0.500,106.35,41.4,57,146.99,89.99
56,"2025-10-27","DC-TOR","PILSNER",1,17,2473.84,1519.29,954.55,38.59,7.3,4.46,0.800,0.500,99.28,37.91,56.15,145.52,89.37
58,"2025-11-10","DC-DAL","IPA",1,30,1391.7,754.8,636.9,45.76,5.16,4.36,0.950,1.400,147.06,183.12,21.23,46.39,25.16
8,"2024-11-25","DC-SEA","IPA",1,14,655.9,399.14,256.76,39.15,7.19,5.38,0.950,1.400,95.63,105.45,18.34,46.85,28.51
103,"2026-09-21","DC-SEA","PILSNER",1,22,3266.12,1925.88,1340.24,41.03,5.02,4.45,0.800,0.500,88.35,48.95,60.92,148.46,87.54
69,"2026-01-26","DC-TOR","PILSNER",1,19,2792.81,1671.81,1121,40.14,5.78,4.13,0.800,0.500,87.86,39.24,59,146.99,87.99
6,"2024-11-11","DC-SEA","PILSNER",1,17,2548.81,1513.51,1035.3,40.62,6.96,4.32,0.800,0.500,94.66,36.72,60.9,149.93,89.03
48,"2025-09-01","DC-TOR","PILSNER",1,24,3527.76,2168.88,1358.88,38.52,7.24,6.56,0.800,0.500,139.01,78.72,56.62,146.99,90.37
74,"2026-03-02","DC-DAL","ALE",1,15,2327.7,1410,917.7,39.43,5.94,4.39,0.900,0.700,80.19,46.1,61.18,155.18,94
61,"2025-12-01","DC-SEA","PILSNER",1,16,2422.4,1403.04,1019.36,42.08,5.23,4.42,0.800,0.500,66.94,35.36,63.71,151.40,87.69
6,"2024-11-11","DC-SEA","IPA",1,15,682.05,402.15,279.9,41.04,6.96,4.32,0.950,1.400,99.18,90.72,18.66,45.47,26.81
103,"2026-09-21","DC-DAL","IPA",1,34,1530.34,855.1,675.24,44.12,5.02,4.45,0.950,1.400,162.15,211.82,19.86,45.01,25.15
98,"2026-08-17","DC-DAL","IPA",1,40,1800.4,1078.8,721.6,40.08,6.97,4.43,0.950,1.400,264.86,248.08,18.04,45.01,26.97
33,"2025-05-19","DC-TOR","PILSNER",1,25,3858.5,2245,1613.5,41.82,7.79,4.53,0.800,0.500,155.8,56.63,64.54,154.34,89.8
65,"2025-12-29","DC-NYC","IPA",1,24,1124.4,605.76,518.64,46.13,5.46,4.22,0.950,1.400,124.49,141.79,21.61,46.85,25.24
54,"2025-10-13","DC-SEA","IPA",1,18,801.9,489.78,312.12,38.92,7.1,4.51,0.950,1.400,121.41,113.65,17.34,44.55,27.21
43,"2025-07-28","DC-SEA","IPA",1,20,918.6,544,374.6,40.78,7.37,4.32,0.950,1.400,140.03,120.96,18.73,45.93,27.2
101,"2026-09-07","DC-ATL","STOUT",1,36,1529.64,900.72,628.92,41.12,5.2,4.52,1.200,0.350,224.64,56.95,17.47,42.49,25.02
83,"2026-05-04","DC-ATL","STOUT",1,32,1269.12,822.4,446.72,35.2,5.79,4.43,1.200,0.350,222.34,49.62,13.96,39.66,25.7
83,"2026-05-04","DC-TOR","PILSNER",1,25,3821.75,2203.75,1618,42.34,5.79,4.43,0.800,0.500,115.8,55.38,64.72,152.87,88.15
68,"2026-01-19","DC-ATL","STOUT",1,21,858.27,533.61,324.66,37.83,5.66,4.05,1.200,0.350,142.63,29.77,15.46,40.87,25.41
2,"2024-10-14","DC-DAL","ALE",1,16,2409.12,1520,889.12,36.91,6.93,4.55,0.900,0.700,99.79,50.96,55.57,150.57,95
56,"2025-10-27","DC-ATL","STOUT",1,23,902.98,632.96,270.02,29.9,7.3,4.46,1.200,0.350,201.48,35.9,11.74,39.26,27.52
73,"2026-02-23","DC-ATL","LAGER",1,11,356.62,240.9,115.72,32.45,5.89,3.92,0.850,0.550,55.07,23.72,10.52,32.42,21.9
14,"2025-01-06","DC-DAL","IPA",1,29,1371.99,818.96,553.03,40.31,7.39,5.05,0.950,1.400,203.59,205.03,19.07,47.31,28.24
35,"2025-06-02","DC-TOR","PILSNER",1,28,4115.72,2502.64,1613.08,39.19,7.56,4.07,0.800,0.500,169.34,56.98,57.61,146.99,89.38
89,"2026-06-15","DC-NYC","IPA",1,39,1827.15,1084.98,742.17,40.62,7.67,4.56,0.950,1.400,284.17,248.98,19.03,46.85,27.82
100,"2026-08-31","DC-ATL","LAGER",1,16,529.28,371.36,157.92,29.84,7.05,4.51,0.850,0.550,95.88,39.69,9.87,33.08,23.21
69,"2026-01-26","DC-DAL","IPA",1,29,1371.99,737.18,634.81,46.27,5.78,4.13,0.950,1.400,159.24,167.68,21.89,47.31,25.42
20,"2025-02-17","DC-TOR","PILSNER",1,17,2573.8,1529.32,1044.48,40.58,7.75,4.91,0.800,0.500,105.4,41.74,61.44,151.40,89.96
27,"2025-04-07","DC-SEA","IPA",1,17,757.35,481.95,275.4,36.36,8.05,4.68,0.950,1.400,130.01,111.38,16.2,44.55,28.35
33,"2025-05-19","DC-NYC","IPA",1,33,1470.15,920.37,549.78,37.4,7.79,4.53,0.950,1.400,244.22,209.29,16.66,44.55,27.89
24,"2025-03-17","DC-SEA","PILSNER",1,20,3057.4,1801,1256.4,41.09,7.97,4.74,0.800,0.500,127.52,47.4,62.82,152.87,90.05
67,"2026-01-12","DC-SEA","IPA",1,14,668.78,353.22,315.56,47.18,5.64,4.09,0.950,1.400,75.01,80.16,22.54,47.77,25.23
70,"2026-02-02","DC-ATL","STOUT",1,22,916.96,558.58,358.38,39.08,5.63,4.11,1.200,0.350,148.63,31.65,16.29,41.68,25.39
6,"2024-11-11","DC-DAL","ALE",1,17,2664.07,1612.79,1051.28,39.46,6.96,4.32,0.900,0.700,106.49,51.41,61.84,156.71,94.87
12,"2024-12-23","DC-ATL","STOUT",1,21,849.87,586.53,263.34,30.99,7.44,5.16,1.200,0.350,187.49,37.93,12.54,40.47,27.93
27,"2025-04-07","DC-NYC","IPA",1,32,1455.04,907.2,547.84,37.65,8.05,4.68,0.950,1.400,244.72,209.66,17.12,45.47,28.35
13,"2024-12-30","DC-NYC","IPA",1,21,945.21,597.24,347.97,36.81,7.53,5.1,0.950,1.400,150.22,149.94,16.57,45.01,28.44
65,"2025-12-29","DC-DAL","ALE",1,14,2193.94,1308.3,885.64,40.37,5.46,4.22,0.900,0.700,68.8,41.36,63.26,156.71,93.45
60,"2025-11-24","DC-SEA","IPA",1,14,655.9,356.44,299.46,45.66,5.33,4.46,0.950,1.400,70.89,87.42,21.39,46.85,25.46
31,"2025-05-05","DC-SEA","PILSNER",1,20,3028,1795,1233,40.72,7.76,4.49,0.800,0.500,124.16,44.9,61.65,151.40,89.75
2,"2024-10-14","DC-SEA","IPA",1,16,749.6,433.6,316,42.16,6.93,4.55,0.950,1.400,105.34,101.92,19.75,46.85,27.1
10,"2024-12-09","DC-TOR","PILSNER",1,16,2445.92,1435.84,1010.08,41.3,7.22,5.33,0.800,0.500,92.42,42.64,63.13,152.87,89.74
80,"2026-04-13","DC-DAL","IPA",1,40,1874,1042.8,831.2,44.35,5.97,4.46,0.950,1.400,226.86,249.76,20.78,46.85,26.07
87,"2026-06-01","DC-SEA","IPA",1,24,1080.24,666.72,413.52,38.28,7.69,4.52,0.950,1.400,175.33,151.87,17.23,45.01,27.78
98,"2026-08-17","DC-TOR","PILSNER",1,23,3482.2,2049.07,1433.13,41.16,6.97,4.43,0.800,0.500,128.25,50.94,62.31,151.40,89.09
9,"2024-12-02","DC-DAL","ALE",1,14,2237.06,1338.4,898.66,40.17,7.06,5.24,0.900,0.700,88.96,51.35,64.19,159.79,95.6
60,"2025-11-24","DC-DAL","IPA",1,31,1438.09,789.26,648.83,45.12,5.33,4.46,0.950,1.400,156.97,193.56,20.93,46.39,25.46
44,"2025-08-04","DC-ATL","STOUT",1,34,1444.66,941.12,503.54,34.86,7.48,4.3,1.200,0.350,305.18,51.17,14.81,42.49,27.68
94,"2026-07-20","DC-SEA","IPA",1,22,1050.94,593.78,457.16,43.5,7.24,4.26,0.950,1.400,151.32,131.21,20.78,47.77,26.99
84,"2026-05-11","DC-SEA","PILSNER",1,24,3421.92,2115.12,1306.8,38.19,5.74,4.47,0.800,0.500,110.21,53.64,54.45,142.58,88.13
88,"2026-06-08","DC-ATL","STOUT",1,39,1578.33,1087.32,491.01,31.11,7.55,4.63,1.200,0.350,353.34,63.2,12.59,40.47,27.88
88,"2026-06-08","DC-DAL","IPA",1,45,2025.45,1251,774.45,38.24,7.55,4.63,0.950,1.400,322.76,291.69,17.21,45.01,27.8
93,"2026-07-13","DC-DAL","IPA",1,41,1826.55,1104.54,722.01,39.53,7.3,4.18,0.950,1.400,284.33,239.93,17.61,44.55,26.94
95,"2026-07-27","DC-ATL","STOUT",1,35,1416.45,958.65,457.8,32.32,7.25,4.26,1.200,0.350,304.5,52.18,13.08,40.47,27.39
74,"2026-03-02","DC-ATL","LAGER",1,15,486.3,333,153.3,31.52,5.94,4.39,0.850,0.550,75.74,36.22,10.22,32.42,22.2
6,"2024-11-11","DC-ATL","STOUT",1,20,825.6,541.2,284.4,34.45,6.96,4.32,1.200,0.350,167.04,30.24,14.22,41.28,27.06
46,"2025-08-18","DC-CHI","BEER",45,1583,55542.83,41524.23,14018.6,25.16,7.2,6.45,0.896,0.642,10214.78,6574.36,8.9,35.04,26.14
55,"2025-10-20","DC-DAL","BEER",42,980,34265.45,24260.38,10005.07,28.63,7.12,4.52,0.872,0.634,6085.18,2775.19,10.11,34.87,24.76
65,"2025-12-29","DC-CHI","BEER",45,1033,35941.46,23980.07,11961.39,33.23,5.46,4.22,0.896,0.642,5056.78,2798.58,11.65,34.80,23.15
6,"2024-11-11","DC-NYC","BEER",42,1243,43563.18,30373.75,13189.43,29.76,6.96,4.32,0.875,0.640,7596.63,3406.67,10.46,34.95,24.49
91,"2026-06-29","DC-CHI","BEER",45,1692,59365.7,42889.22,16476.48,27.53,7.5,4.69,0.896,0.642,11369.1,5105.02,9.72,35.00,25.28
23,"2025-03-10","DC-CHI","BEER",45,1184,41351.94,30598.09,10753.85,25.65,7.96,4.84,0.896,0.642,8453.68,3686.48,9.02,34.80,25.79
81,"2026-04-20","DC-SEA","BEER",48,978,34630.18,23251.76,11378.42,32.45,5.86,4.43,0.882,0.638,5064.8,2747.04,11.59,35.42,23.83
48,"2025-09-01","DC-SEA","BEER",48,975,34320.82,25671.88,8648.94,24.94,7.24,6.56,0.882,0.638,6240.74,4076.38,8.92,35.32,26.4
47,"2025-08-25","DC-NYC","BEER",42,1729,60090.79,44920.66,15170.13,24.77,7.25,6.42,0.875,0.640,10983.53,7012.37,8.69,34.78,26.08
38,"2025-06-23","DC-NYC","BEER",42,1896,66051.75,46818.64,19233.11,28.63,7.47,4.07,0.875,0.640,12394.15,4894.58,10.02,34.79,24.77
89,"2026-06-15","DC-TOR","BEER",42,931,32460.39,23491.43,8968.96,27.22,7.67,4.56,0.875,0.668,6198.97,2814.39,9.59,34.91,25.32
49,"2025-09-08","DC-CHI","BEER",45,1448,50784.31,37785.41,12998.9,25.46,7.08,6.42,0.896,0.642,9189.84,5970.41,9.05,35.07,26.01
29,"2025-04-21","DC-DAL","ALE",1,22,3515.38,2114.42,1400.96,39.85,7.9,4.88,0.900,0.700,156.42,75.15,63.68,159.79,96.11
24,"2025-03-17","DC-ATL","LAGER",1,14,463.12,337.68,125.44,27.09,7.97,4.74,0.850,0.550,94.84,36.5,8.96,33.08,24.12
13,"2024-12-30","DC-DAL","IPA",1,28,1298.92,796.32,502.6,38.69,7.53,5.1,0.950,1.400,200.3,199.92,17.95,46.39,28.44
12,"2024-12-23","DC-SEA","PILSNER",1,13,2006.42,1167.79,838.63,41.8,7.44,5.16,0.800,0.500,77.38,33.54,64.51,154.34,89.83
76,"2026-03-16","DC-SEA","IPA",1,16,749.6,415.84,333.76,44.53,5.93,4.43,0.950,1.400,90.14,99.23,20.86,46.85,25.99
63,"2025-12-15","DC-NYC","IPA",1,22,980.1,555.94,424.16,43.28,5.37,4.3,0.950,1.400,112.23,132.44,19.28,44.55,25.27
68,"2026-01-19","DC-SEA","IPA",1,13,591.11,327.6,263.51,44.58,5.66,4.05,0.950,1.400,69.9,73.71,20.27,45.47,25.2
46,"2025-08-18","DC-TOR","PILSNER",1,26,3859.96,2347.54,1512.42,39.18,7.2,6.45,0.800,0.500,149.76,83.85,58.17,148.46,90.29
68,"2026-01-19","DC-DAL","IPA",1,30,1350.3,756,594.3,44.01,5.66,4.05,0.950,1.400,161.31,170.1,19.81,45.01,25.2
16,"2025-01-20","DC-DAL","ALE",1,14,2107.98,1342.6,765.38,36.31,7.61,4.96,0.900,0.700,95.89,48.61,54.67,150.57,95.9
25,"2025-03-24","DC-SEA","IPA",1,19,863.93,542.26,321.67,37.23,8,4.85,0.950,1.400,144.4,129.01,16.93,45.47,28.54
50,"2025-09-15","DC-TOR","PILSNER",1,20,2910.4,1804.8,1105.6,37.99,7.16,6.42,0.800,0.500,114.56,64.2,55.28,145.52,90.24
36,"2025-06-09","DC-ATL","LAGER",1,19,634.79,444.22,190.57,30.02,7.58,3.99,0.850,0.550,122.42,41.7,10.03,33.41,23.38
40,"2025-07-07","DC-ATL","STOUT",1,32,1346.88,886.4,460.48,34.19,7.53,4.18,1.200,0.350,289.15,46.82,14.39,42.09,27.7
80,"2026-04-13","DC-TOR","PILSNER",1,25,3858.5,2207.75,1650.75,42.78,5.97,4.46,0.800,0.500,119.4,55.75,66.03,154.34,88.31
99,"2026-08-24","DC-TOR","PILSNER",1,26,3936.4,2320.24,1616.16,41.06,7.09,4.54,0.800,0.500,147.47,59.02,62.16,151.40,89.24
37,"2025-06-16","DC-ATL","STOUT",1,37,1557.33,1020.46,536.87,34.47,7.46,4.07,1.200,0.350,331.22,52.71,14.51,42.09,27.58
40,"2025-07-07","DC-SEA","IPA",1,26,1242.02,706.16,535.86,43.14,7.53,4.18,0.950,1.400,185.99,152.15,20.61,47.77,27.16
18,"2025-02-03","DC-ATL","LAGER",1,10,317.7,239,78.7,24.77,7.64,4.85,0.850,0.550,64.94,26.67,7.87,31.77,23.9
87,"2026-06-01","DC-DAL","IPA",1,45,2128.95,1250.1,878.85,41.28,7.69,4.52,0.950,1.400,328.75,284.76,19.53,47.31,27.78
22,"2025-03-03","DC-TOR","PILSNER",1,16,2422.4,1440.32,982.08,40.54,7.86,4.86,0.800,0.500,100.61,38.88,61.38,151.40,90.02
3,"2024-10-21","DC-TOR","PILSNER",1,19,2904.53,1692.33,1212.2,41.73,6.97,4.38,0.800,0.500,105.94,41.61,63.8,152.87,89.07
5,"2024-11-04","DC-DAL","IPA",1,29,1305.29,787.06,518.23,39.7,7.1,4.46,0.950,1.400,195.6,181.08,17.87,45.01,27.14
41,"2025-07-14","DC-DAL","ALE",1,24,3871.68,2286.72,1584.96,40.94,7.5,4.21,0.900,0.700,162,70.73,66.04,161.32,95.28
85,"2026-05-18","DC-TOR","PILSNER",1,23,3549.82,2028.83,1520.99,42.85,5.87,4.42,0.800,0.500,108.01,50.83,66.13,154.34,88.21
100,"2026-08-31","DC-NYC","IPA",1,33,1530.87,896.28,634.59,41.45,7.05,4.51,0.950,1.400,221.02,208.36,19.23,46.39,27.16
35,"2025-06-02","DC-SEA","PILSNER",1,21,3086.79,1876.98,1209.81,39.19,7.56,4.07,0.800,0.500,127.01,42.74,57.61,146.99,89.38
38,"2025-06-23","DC-ATL","STOUT",1,37,1482.59,1020.83,461.76,31.15,7.47,4.07,1.200,0.350,331.67,52.71,12.48,40.07,27.59
24,"2025-03-17","DC-DAL","ALE",1,18,2903.76,1729.26,1174.5,40.45,7.97,4.74,0.900,0.700,129.11,59.72,65.25,161.32,96.07
89,"2026-06-15","DC-SEA","IPA",1,23,1045.81,639.86,405.95,38.82,7.67,4.56,0.950,1.400,167.59,146.83,17.65,45.47,27.82
67,"2026-01-12","DC-SEA","PILSNER",1,13,1891.76,1142.18,749.58,39.62,5.64,4.09,0.800,0.500,58.66,26.59,57.66,145.52,87.86
45,"2025-08-11","DC-NYC","IPA",1,40,1874,1100,774,41.3,7.42,4.5,0.950,1.400,281.96,252,19.35,46.85,27.5
92,"2026-07-06","DC-DAL","ALE",1,26,3874.78,2472.08,1402.7,36.2,7.3,4.18,0.900,0.700,170.82,76.08,53.95,149.03,95.08
56,"2025-10-27","DC-NYC","IPA",1,25,1113.75,683.25,430.5,38.65,7.3,4.46,0.950,1.400,173.38,156.1,17.22,44.55,27.33
57,"2025-11-03","DC-DAL","IPA",1,27,1277.37,679.59,597.78,46.8,5.13,4.39,0.950,1.400,131.58,165.94,22.14,47.31,25.17
47,"2025-08-25","DC-NYC","IPA",1,33,1485.33,990.99,494.34,33.28,7.25,6.42,0.950,1.400,227.29,296.6,14.98,45.01,30.03
26,"2025-03-31","DC-NYC","IPA",1,27,1289.79,765.45,524.34,40.65,7.95,4.75,0.950,1.400,203.92,179.55,19.42,47.77,28.35
3,"2024-10-21","DC-SEA","IPA",1,18,810.18,484.2,325.98,40.24,6.97,4.38,0.950,1.400,119.19,110.38,18.11,45.01,26.9
54,"2025-10-13","DC-DAL","ALE",1,16,2433.6,1522.08,911.52,37.46,7.1,4.51,0.900,0.700,102.24,50.51,56.97,152.10,95.13
84,"2026-05-11","DC-ATL","STOUT",1,37,1542.16,949.05,593.11,38.46,5.74,4.47,1.200,0.350,254.86,57.89,16.03,41.68,25.65
39,"2025-06-30","DC-DAL","IPA",1,40,1837.2,1075.6,761.6,41.45,7.31,4.14,0.950,1.400,277.78,231.84,19.04,45.93,26.89
29,"2025-04-21","DC-SEA","IPA",1,20,927.8,569.8,358,38.59,7.9,4.88,0.950,1.400,150.1,136.64,17.9,46.39,28.49
9,"2024-12-02","DC-SEA","IPA",1,13,579.15,366.47,212.68,36.72,7.06,5.24,0.950,1.400,87.19,95.37,16.36,44.55,28.19
48,"2025-09-01","DC-DAL","ALE",1,18,2820.78,1740.42,1080.36,38.3,7.24,6.56,0.900,0.700,117.29,82.66,60.02,156.71,96.69
7,"2024-11-18","DC-SEA","PILSNER",1,16,2304.8,1433.76,871.04,37.79,7.07,5.31,0.800,0.500,90.5,42.48,54.44,144.05,89.61
92,"2026-07-06","DC-ATL","STOUT",1,35,1444.8,959.7,485.1,33.58,7.3,4.18,1.200,0.350,306.6,51.21,13.86,41.28,27.42
51,"2025-09-22","DC-TOR","PILSNER",1,21,3210.27,1896.3,1313.97,40.93,7.14,6.57,0.800,0.500,119.95,68.99,62.57,152.87,90.3
66,"2026-01-05","DC-ATL","LAGER",1,11,367.51,237.6,129.91,35.35,5.43,4.08,0.850,0.550,50.77,24.68,11.81,33.41,21.6
52,"2025-09-29","DC-SEA","PILSNER",1,17,2573.8,1535.95,1037.85,40.32,7.25,6.49,0.800,0.500,98.6,55.17,61.05,151.40,90.35
90,"2026-06-22","DC-TOR","PILSNER",1,23,3313.15,2061.95,1251.2,37.76,7.47,4.75,0.800,0.500,137.45,54.63,54.4,144.05,89.65
81,"2026-04-20","DC-SEA","PILSNER",1,22,3201.44,1940.4,1261.04,39.39,5.86,4.43,0.800,0.500,103.14,48.73,57.32,145.52,88.2
99,"2026-08-24","DC-DAL","ALE",1,19,2948.42,1807.66,1140.76,38.69,7.09,4.54,0.900,0.700,121.24,60.38,60.04,155.18,95.14
35,"2025-06-02","DC-DAL","IPA",1,38,1815.26,1027.14,788.12,43.42,7.56,4.07,0.950,1.400,272.92,216.52,20.74,47.77,27.03
61,"2025-12-01","DC-ATL","LAGER",1,12,381.24,259.44,121.8,31.95,5.23,4.42,0.850,0.550,53.35,29.17,10.15,31.77,21.62
20,"2025-02-17","DC-ATL","STOUT",1,24,951.84,677.28,274.56,28.85,7.75,4.91,1.200,0.350,223.2,41.24,11.44,39.66,28.22
71,"2026-02-09","DC-DAL","IPA",1,30,1364.1,750.6,613.5,44.97,5.65,3.93,0.950,1.400,161.03,165.06,20.45,45.47,25.02
59,"2025-11-17","DC-DAL","ALE",1,17,2611.88,1589.33,1022.55,39.15,5.3,4.49,0.900,0.700,81.09,53.43,60.15,153.64,93.49
95,"2026-07-27","DC-SEA","IPA",1,22,980.1,594,386.1,39.39,7.25,4.26,0.950,1.400,151.52,131.21,17.55,44.55,27
31,"2025-05-05","DC-ATL","LAGER",1,14,444.78,333.34,111.44,25.06,7.76,4.49,0.850,0.550,92.34,34.57,7.96,31.77,23.81
104,"2026-09-28","DC-SEA","IPA",1,21,954.87,532.98,421.89,44.18,5.19,4.5,0.950,1.400,103.54,132.3,20.09,45.47,25.38
14,"2025-01-06","DC-ATL","LAGER",1,11,363.88,261.8,102.08,28.05,7.39,5.05,0.850,0.550,69.1,30.55,9.28,33.08,23.8
36,"2025-06-09","DC-DAL","ALE",1,24,3871.68,2284.8,1586.88,40.99,7.58,3.99,0.900,0.700,163.73,67.03,66.12,161.32,95.2
38,"2025-06-23","DC-SEA","PILSNER",1,22,3330.8,1964.82,1365.98,41.01,7.47,4.07,0.800,0.500,131.47,44.77,62.09,151.40,89.31
94,"2026-07-20","DC-DAL","IPA",1,46,2218.58,1241.54,977.04,44.04,7.24,4.26,0.950,1.400,316.39,274.34,21.24,48.23,26.99
53,"2025-10-06","DC-SEA","IPA",1,20,927.8,546.8,381,41.06,7.13,4.58,0.950,1.400,135.47,128.24,19.05,46.39,27.34
64,"2025-12-22","DC-SEA","IPA",1,14,675.22,354.48,320.74,47.5,5.47,4.27,0.950,1.400,72.75,83.69,22.91,48.23,25.32
62,"2025-12-08","DC-DAL","IPA",1,30,1350.3,758.1,592.2,43.86,5.32,4.33,0.950,1.400,151.62,181.86,19.74,45.01,25.27
82,"2026-04-27","DC-ATL","LAGER",1,18,595.44,399.78,195.66,32.86,5.89,4.48,0.850,0.550,90.12,44.35,10.87,33.08,22.21
53,"2025-10-06","DC-DAL","IPA",1,34,1624.18,929.56,694.62,42.77,7.13,4.58,0.950,1.400,230.3,218.01,20.43,47.77,27.34
67,"2026-01-12","DC-DAL","ALE",1,15,2281.5,1402.8,878.7,38.51,5.64,4.09,0.900,0.700,76.14,42.95,58.58,152.10,93.52
7,"2024-11-18","DC-ATL","LAGER",1,11,371.03,260.37,110.66,29.83,7.07,5.31,0.850,0.550,66.1,32.13,10.06,33.73,23.67
81,"2026-04-20","DC-SEA","IPA",1,22,1020.58,570.24,450.34,44.13,5.86,4.43,0.950,1.400,122.47,136.44,20.47,46.39,25.92
68,"2026-01-19","DC-DAL","ALE",1,15,2396.85,1402.65,994.2,41.48,5.66,4.05,0.900,0.700,76.41,42.53,66.28,159.79,93.51
77,"2026-03-23","DC-DAL","IPA",1,32,1425.6,824.96,600.64,42.13,5.86,4.33,0.950,1.400,178.14,193.98,18.77,44.55,25.78
6,"2024-11-11","DC-DAL","IPA",1,29,1291.95,777.49,514.46,39.82,6.96,4.32,0.950,1.400,191.75,175.39,17.74,44.55,26.81
46,"2025-08-18","DC-SEA","IPA",1,20,927.8,600.4,327.4,35.29,7.2,6.45,0.950,1.400,136.8,180.6,16.37,46.39,30.02
65,"2025-12-29","DC-DAL","IPA",1,29,1305.29,731.96,573.33,43.92,5.46,4.22,0.950,1.400,150.42,171.33,19.77,45.01,25.24
75,"2026-03-09","DC-DAL","IPA",1,33,1530.87,852.72,678.15,44.3,5.84,4.39,0.950,1.400,183.08,202.82,20.55,46.39,25.84
20,"2025-02-17","DC-NYC","IPA",1,26,1230.06,738.14,491.92,39.99,7.75,4.91,0.950,1.400,191.43,178.72,18.92,47.31,28.39
82,"2026-04-27","DC-ATL","STOUT",1,34,1362.38,878.56,483.82,35.51,5.89,4.48,1.200,0.350,240.31,53.31,14.23,40.07,25.84
15,"2025-01-13","DC-TOR","PILSNER",1,13,1968.2,1168.18,800.02,40.65,7.54,5.06,0.800,0.500,78.42,32.89,61.54,151.40,89.86
3,"2024-10-21","DC-DAL","ALE",1,17,2716.43,1613.64,1102.79,40.6,6.97,4.38,0.900,0.700,106.64,52.12,64.87,159.79,94.92
44,"2025-08-04","DC-SEA","PILSNER",1,23,3516.01,2056.89,1459.12,41.5,7.48,4.3,0.800,0.500,137.63,49.45,63.44,152.87,89.43
84,"2026-05-11","DC-TOR","PILSNER",1,24,3598.32,2115.12,1483.2,41.22,5.74,4.47,0.800,0.500,110.21,53.64,61.8,149.93,88.13
86,"2026-05-25","DC-NYC","IPA",1,36,1653.48,926.28,727.2,43.98,5.63,4.45,0.950,1.400,192.55,224.28,20.2,45.93,25.73
88,"2026-06-08","DC-DAL","ALE",1,23,3675.17,2199.26,1475.91,40.16,7.55,4.63,0.900,0.700,156.29,74.54,64.17,159.79,95.62
94,"2026-07-20","DC-SEA","PILSNER",1,24,3668.88,2141.28,1527.6,41.64,7.24,4.26,0.800,0.500,139.01,51.12,63.65,152.87,89.22
39,"2025-06-30","DC-ATL","LAGER",1,17,573.41,394.91,178.5,31.13,7.31,4.14,0.850,0.550,105.63,38.71,10.5,33.73,23.23
31,"2025-05-05","DC-SEA","IPA",1,23,1056.39,639.63,416.76,39.45,7.76,4.49,0.950,1.400,169.56,144.58,18.12,45.93,27.81
65,"2025-12-29","DC-SEA","IPA",1,13,585.13,328.12,257.01,43.92,5.46,4.22,0.950,1.400,67.43,76.8,19.77,45.01,25.24
39,"2025-06-30","DC-DAL","ALE",1,24,3687.36,2281.44,1405.92,38.13,7.31,4.14,0.900,0.700,157.9,69.55,58.58,153.64,95.06
85,"2026-05-18","DC-DAL","ALE",1,23,3533.72,2161.08,1372.64,38.84,5.87,4.42,0.900,0.700,121.51,71.16,59.68,153.64,93.96
96,"2026-08-03","DC-DAL","IPA",1,42,1909.74,1140.72,769.02,40.27,7.14,4.45,0.950,1.400,284.89,261.66,18.31,45.47,27.16
87,"2026-06-01","DC-SEA","PILSNER",1,21,3179.4,1883.91,1295.49,40.75,7.69,4.52,0.800,0.500,129.19,47.46,61.69,151.40,89.71
18,"2025-02-03","DC-DAL","IPA",1,30,1377.9,846,531.9,38.6,7.64,4.85,0.950,1.400,217.74,203.7,17.73,45.93,28.2
19,"2025-02-10","DC-ATL","LAGER",1,11,349.47,264.77,84.7,24.24,7.82,4.87,0.850,0.550,73.12,29.46,7.7,31.77,24.07
3,"2024-10-21","DC-NYC","IPA",1,29,1398.67,780.1,618.57,44.23,6.97,4.38,0.950,1.400,192.02,177.83,21.33,48.23,26.9
27,"2025-04-07","DC-ATL","LAGER",1,16,534.56,386.56,148,27.69,8.05,4.68,0.850,0.550,109.48,41.18,9.25,33.41,24.16
36,"2025-06-09","DC-SEA","IPA",1,21,1012.83,565.74,447.09,44.14,7.58,3.99,0.950,1.400,151.22,117.31,21.29,48.23,26.94
92,"2026-07-06","DC-SEA","PILSNER",1,26,3707.08,2319.98,1387.1,37.42,7.3,4.18,0.800,0.500,151.84,54.34,53.35,142.58,89.23
48,"2025-09-01","DC-NYC","IPA",1,33,1576.41,996.93,579.48,36.76,7.24,6.56,0.950,1.400,226.97,303.07,17.56,47.77,30.21
10,"2024-12-09","DC-ATL","LAGER",1,9,291.78,214.29,77.49,26.56,7.22,5.33,0.850,0.550,55.23,26.38,8.61,32.42,23.81
74,"2026-03-02","DC-SEA","IPA",1,15,716.55,389.1,327.45,45.7,5.94,4.39,0.950,1.400,84.65,92.19,21.83,47.77,25.94
80,"2026-04-13","DC-SEA","PILSNER",1,20,2969.2,1766.2,1203,40.52,5.97,4.46,0.800,0.500,95.52,44.6,60.15,148.46,88.31
55,"2025-10-20","DC-SEA","PILSNER",1,20,2881,1785.2,1095.8,38.04,7.12,4.52,0.800,0.500,113.92,45.2,54.79,144.05,89.26
17,"2025-01-27","DC-TOR","PILSNER",1,17,2473.84,1528.13,945.71,38.23,7.68,4.9,0.800,0.500,104.45,41.65,55.63,145.52,89.89
53,"2025-10-06","DC-NYC","IPA",1,31,1452.35,847.54,604.81,41.64,7.13,4.58,0.950,1.400,209.98,198.77,19.51,46.85,27.34
55,"2025-10-20","DC-TOR","PILSNER",1,19,2764.88,1695.94,1068.94,38.66,7.12,4.52,0.800,0.500,108.22,42.94,56.26,145.52,89.26
76,"2026-03-16","DC-DAL","ALE",1,18,2876.22,1692.36,1183.86,41.16,5.93,4.43,0.900,0.700,96.07,55.82,65.77,159.79,94.02
46,"2025-08-18","DC-DAL","IPA",1,45,2128.95,1350.9,778.05,36.55,7.2,6.45,0.950,1.400,307.8,406.35,17.29,47.31,30.02
80,"2026-04-13","DC-DAL","ALE",1,19,2889.9,1787.52,1102.38,38.15,5.97,4.46,0.900,0.700,102.09,59.32,58.02,152.10,94.08
38,"2025-06-23","DC-DAL","IPA",1,39,1863.03,1050.66,812.37,43.6,7.47,4.07,0.950,1.400,276.76,222.22,20.83,47.77,26.94
64,"2025-12-22","DC-DAL","ALE",1,15,2396.85,1402.35,994.5,41.49,5.47,4.27,0.900,0.700,73.85,44.83,66.3,159.79,93.49
44,"2025-08-04","DC-DAL","ALE",1,25,3725.75,2383,1342.75,36.04,7.48,4.3,0.900,0.700,168.3,75.25,53.71,149.03,95.32
72,"2026-02-16","DC-SEA","PILSNER",1,15,2138.7,1319.25,819.45,38.32,5.82,3.98,0.800,0.500,69.84,29.85,54.63,142.58,87.95
53,"2025-10-06","DC-ATL","STOUT",1,26,1062.62,711.36,351.26,33.06,7.13,4.58,1.200,0.350,222.46,41.68,13.51,40.87,27.36
20,"2025-02-17","DC-SEA","PILSNER",1,16,2422.4,1439.36,983.04,40.58,7.75,4.91,0.800,0.500,99.2,39.28,61.44,151.40,89.96
22,"2025-03-03","DC-DAL","IPA",1,28,1298.92,795.76,503.16,38.74,7.86,4.86,0.950,1.400,209.08,190.51,17.97,46.39,28.42
69,"2026-01-26","DC-ATL","STOUT",1,23,912.18,588.34,323.84,35.5,5.78,4.13,1.200,0.350,159.53,33.25,14.08,39.66,25.58
25,"2025-03-24","DC-ATL","STOUT",1,28,1121.96,798,323.96,28.87,8,4.85,1.200,0.350,268.8,47.53,11.57,40.07,28.5
78,"2026-03-30","DC-SEA","PILSNER",1,20,2969.2,1763.4,1205.8,40.61,5.82,4.43,0.800,0.500,93.12,44.3,60.29,148.46,88.17
22,"2025-03-03","DC-SEA","IPA",1,15,702.75,426.3,276.45,39.34,7.86,4.86,0.950,1.400,112.01,102.06,18.43,46.85,28.42
103,"2026-09-21","DC-TOR","PILSNER",1,22,3330.8,1925.88,1404.92,42.18,5.02,4.45,0.800,0.500,88.35,48.95,63.86,151.40,87.54
67,"2026-01-12","DC-TOR","PILSNER",1,15,2160.75,1317.9,842.85,39.01,5.64,4.09,0.800,0.500,67.68,30.67,56.19,144.05,87.86
60,"2025-11-24","DC-DAL","ALE",1,14,2237.06,1309,928.06,41.49,5.33,4.46,0.900,0.700,67.16,43.71,66.29,159.79,93.5
20,"2025-02-17","DC-ATL","LAGER",1,11,378.29,264.33,113.96,30.13,7.75,4.91,0.850,0.550,72.46,29.71,10.36,34.39,24.03
26,"2025-03-31","DC-DAL","ALE",1,19,2977.49,1825.14,1152.35,38.7,7.95,4.75,0.900,0.700,135.95,63.18,60.65,156.71,96.06
104,"2026-09-28","DC-TOR","PILSNER",1,23,3516.01,2017.1,1498.91,42.63,5.19,4.5,0.800,0.500,95.5,51.75,65.17,152.87,87.7
101,"2026-09-07","DC-TOR","PILSNER",1,22,3266.12,1929.84,1336.28,40.91,5.2,4.52,0.800,0.500,91.52,49.72,60.74,148.46,87.72
34,"2025-05-26","DC-NYC","IPA",1,41,1958.57,1110.28,848.29,43.31,7.7,4.01,0.950,1.400,299.91,230.17,20.69,47.77,27.08
26,"2025-03-31","DC-ATL","STOUT",1,30,1189.8,852,337.8,28.39,7.95,4.75,1.200,0.350,286.2,49.88,11.26,39.66,28.4
1,"2024-10-07","DC-ATL","LAGER",1,15,501.15,345.6,155.55,31.04,6.91,4.41,0.850,0.550,88.1,36.38,10.37,33.41,23.04
47,"2025-08-25","DC-DAL","ALE",1,19,2831.57,1835.4,996.17,35.18,7.25,6.42,0.900,0.700,123.98,85.39,52.43,149.03,96.6
24,"2025-03-17","DC-DAL","IPA",1,35,1639.75,992.6,647.15,39.47,7.97,4.74,0.950,1.400,265,232.26,18.49,46.85,28.36
67,"2026-01-12","DC-ATL","LAGER",1,12,412.68,261.36,151.32,36.67,5.64,4.09,0.850,0.550,57.53,26.99,12.61,34.39,21.78
13,"2024-12-30","DC-ATL","STOUT",1,23,912.18,644.46,267.72,29.35,7.53,5.1,1.200,0.350,207.83,41.05,11.64,39.66,28.02
11,"2024-12-16","DC-TOR","PILSNER",1,15,2182.8,1348.05,834.75,38.24,7.41,5.29,0.800,0.500,88.92,39.67,55.65,145.52,89.87
49,"2025-09-08","DC-SEA","IPA",1,22,1020.58,656.92,363.66,35.63,7.08,6.42,0.950,1.400,147.97,197.74,16.53,46.39,29.86
76,"2026-03-16","DC-ATL","STOUT",1,29,1150.14,750.23,399.91,34.77,5.93,4.43,1.200,0.350,206.36,44.96,13.79,39.66,25.87
63,"2025-12-15","DC-ATL","LAGER",1,11,349.47,238.37,111.1,31.79,5.37,4.3,0.850,0.550,50.21,26.02,10.1,31.77,21.67
4,"2024-10-28","DC-DAL","ALE",1,17,2742.44,1615.85,1126.59,41.08,6.97,4.57,0.900,0.700,106.64,54.38,66.27,161.32,95.05
62,"2025-12-08","DC-ATL","STOUT",1,22,908.16,552.2,355.96,39.2,5.32,4.33,1.200,0.350,140.45,33.34,16.18,41.28,25.1
65,"2025-12-29","DC-SEA","PILSNER",1,13,1968.2,1141.14,827.06,42.02,5.46,4.22,0.800,0.500,56.78,27.43,63.62,151.40,87.78
34,"2025-05-26","DC-SEA","IPA",1,21,993.51,568.68,424.83,42.76,7.7,4.01,0.950,1.400,153.62,117.89,20.23,47.31,27.08
83,"2026-05-04","DC-SEA","PILSNER",1,23,3516.01,2027.45,1488.56,42.34,5.79,4.43,0.800,0.500,106.54,50.94,64.72,152.87,88.15
76,"2026-03-16","DC-NYC","IPA",1,26,1242.02,675.74,566.28,45.59,5.93,4.43,0.950,1.400,146.47,161.25,21.78,47.77,25.99
85,"2026-05-18","DC-ATL","LAGER",1,17,573.41,376.72,196.69,34.3,5.87,4.42,0.850,0.550,84.82,41.33,11.57,33.73,22.16
101,"2026-09-07","DC-DAL","IPA",1,39,1880.97,991.38,889.59,47.29,5.2,4.52,0.950,1.400,192.66,246.79,22.81,48.23,25.42
39,"2025-06-30","DC-SEA","PILSNER",1,23,3313.15,2052.06,1261.09,38.06,7.31,4.14,0.800,0.500,134.5,47.61,54.83,144.05,89.22
74,"2026-03-02","DC-TOR","PILSNER",1,17,2548.81,1500.25,1048.56,41.14,5.94,4.39,0.800,0.500,80.78,37.32,61.68,149.93,88.25
58,"2025-11-10","DC-TOR","PILSNER",1,19,2876.6,1664.59,1212.01,42.13,5.16,4.36,0.800,0.500,78.43,41.42,63.79,151.40,87.61
40,"2025-07-07","DC-NYC","IPA",1,38,1815.26,1032.08,783.18,43.14,7.53,4.18,0.950,1.400,271.83,222.38,20.61,47.77,27.16
52,"2025-09-29","DC-NYC","IPA",1,28,1311.8,843.36,468.44,35.71,7.25,6.49,0.950,1.400,192.85,254.41,16.73,46.85,30.12
42,"2025-07-21","DC-DAL","ALE",1,23,3463.11,2194.43,1268.68,36.63,7.51,4.38,0.900,0.700,155.46,70.52,55.16,150.57,95.41
1,"2024-10-07","DC-DAL","ALE",1,16,2433.6,1518.24,915.36,37.61,6.91,4.41,0.900,0.700,99.5,49.39,57.21,152.10,94.89
42,"2025-07-21","DC-NYC","IPA",1,34,1624.18,932.28,691.9,42.6,7.51,4.38,0.950,1.400,242.57,208.49,20.35,47.77,27.42
15,"2025-01-13","DC-DAL","IPA",1,27,1302.21,766.8,535.41,41.12,7.54,5.06,0.950,1.400,193.4,191.27,19.83,48.23,28.4
96,"2026-08-03","DC-SEA","IPA",1,23,1045.81,624.68,421.13,40.27,7.14,4.45,0.950,1.400,156.01,143.29,18.31,45.47,27.16
8,"2024-11-25","DC-NYC","IPA",1,25,1136.75,712.75,424,37.3,7.19,5.38,0.950,1.400,170.76,188.3,16.96,45.47,28.51
75,"2026-03-09","DC-NYC","IPA",1,28,1247.4,723.52,523.88,42,5.84,4.39,0.950,1.400,155.34,172.09,18.71,44.55,25.84
98,"2026-08-17","DC-SEA","IPA",1,20,909.4,539.4,370,40.69,6.97,4.43,0.950,1.400,132.43,124.04,18.5,45.47,26.97
51,"2025-09-22","DC-NYC","IPA",1,30,1433.1,903.9,529.2,36.93,7.14,6.57,0.950,1.400,203.49,275.94,17.64,47.77,30.13
58,"2025-11-10","DC-SEA","PILSNER",1,17,2623.78,1489.37,1134.41,43.24,5.16,4.36,0.800,0.500,70.18,37.06,66.73,154.34,87.61
70,"2026-02-02","DC-NYC","IPA",1,27,1240.11,681.75,558.36,45.03,5.63,4.11,0.950,1.400,144.41,155.36,20.68,45.93,25.25
48,"2025-09-01","DC-SEA","PILSNER",1,23,3313.15,2078.51,1234.64,37.26,7.24,6.56,0.800,0.500,133.22,75.44,53.68,144.05,90.37
1,"2024-10-07","DC-DAL","IPA",1,34,1561.62,914.26,647.36,41.45,6.91,4.41,0.950,1.400,223.19,209.92,19.04,45.93,26.89
78,"2026-03-30","DC-DAL","IPA",1,39,1845.09,1009.32,835.77,45.3,5.82,4.43,0.950,1.400,215.63,241.88,21.43,47.31,25.88
60,"2025-11-24","DC-TOR","PILSNER",1,16,2398.88,1404.64,994.24,41.45,5.33,4.46,0.800,0.500,68.22,35.68,62.14,149.93,87.79
18,"2025-02-03","DC-ATL","STOUT",1,21,824.46,589.47,234.99,28.5,7.64,4.85,1.200,0.350,192.53,35.65,11.19,39.26,28.07
4,"2024-10-28","DC-ATL","STOUT",1,26,1083.68,706.16,377.52,34.84,6.97,4.57,1.200,0.350,217.46,41.59,14.52,41.68,27.16
84,"2026-05-11","DC-DAL","ALE",1,22,3481.5,2065.36,1416.14,40.68,5.74,4.47,0.900,0.700,113.65,68.84,64.37,158.25,93.88
49,"2025-09-08","DC-SEA","PILSNER",1,20,2881,1803.4,1077.6,37.4,7.08,6.42,0.800,0.500,113.28,64.2,53.88,144.05,90.17
73,"2026-02-23","DC-SEA","PILSNER",1,16,2304.8,1407.52,897.28,38.93,5.89,3.92,0.800,0.500,75.39,31.36,56.08,144.05,87.97
90,"2026-06-22","DC-ATL","STOUT",1,42,1716.54,1168.86,547.68,31.91,7.47,4.75,1.200,0.350,376.49,69.83,13.04,40.87,27.83
36,"2025-06-09","DC-NYC","IPA",1,33,1576.41,889.02,687.39,43.6,7.58,3.99,0.950,1.400,237.63,184.34,20.83,47.77,26.94
63,"2025-12-15","DC-SEA","IPA",1,15,688.95,379.05,309.9,44.98,5.37,4.3,0.950,1.400,76.52,90.3,20.66,45.93,25.27
34,"2025-05-26","DC-ATL","LAGER",1,18,613.08,422.82,190.26,31.03,7.7,4.01,0.850,0.550,117.81,39.7,10.57,34.06,23.49
7,"2024-11-18","DC-SEA","IPA",1,16,764.32,452.8,311.52,40.76,7.07,5.31,0.950,1.400,107.46,118.94,19.47,47.77,28.3
25,"2025-03-24","DC-NYC","IPA",1,29,1318.63,827.66,490.97,37.23,8,4.85,0.950,1.400,220.4,196.91,16.93,45.47,28.54
74,"2026-03-02","DC-DAL","IPA",1,31,1423.83,804.14,619.69,43.52,5.94,4.39,0.950,1.400,174.93,190.53,19.99,45.93,25.94
85,"2026-05-18","DC-NYC","IPA",1,37,1750.47,958.67,791.8,45.23,5.87,4.42,0.950,1.400,206.33,228.96,21.4,47.31,25.91
72,"2026-02-16","DC-ATL","LAGER",1,14,444.78,306.32,138.46,31.13,5.82,3.98,0.850,0.550,69.26,30.65,9.89,31.77,21.88
91,"2026-06-29","DC-SEA","IPA",1,25,1194.25,696,498.25,41.72,7.5,4.69,0.950,1.400,178.13,164.15,19.93,47.77,27.84
91,"2026-06-29","DC-ATL","STOUT",1,34,1389.58,946.56,443.02,31.88,7.5,4.69,1.200,0.350,306,55.81,13.03,40.87,27.84
98,"2026-08-17","DC-SEA","PILSNER",1,24,3704.16,2138.16,1566,42.28,6.97,4.43,0.800,0.500,133.82,53.16,65.25,154.34,89.09
28,"2025-04-14","DC-TOR","PILSNER",1,23,3482.2,2072.3,1409.9,40.49,7.98,4.83,0.800,0.500,146.83,55.55,61.3,151.40,90.1
85,"2026-05-18","DC-DAL","IPA",1,40,1855.6,1036.4,819.2,44.15,5.87,4.42,0.950,1.400,223.06,247.52,20.48,46.39,25.91
60,"2025-11-24","DC-NYC","IPA",1,26,1170.26,661.96,508.3,43.43,5.33,4.46,0.950,1.400,131.65,162.34,19.55,45.01,25.46
82,"2026-04-27","DC-SEA","PILSNER",1,22,3169.1,1941.5,1227.6,38.74,5.89,4.48,0.800,0.500,103.66,49.28,55.8,144.05,88.25
63,"2025-12-15","DC-TOR","PILSNER",1,15,2182.8,1316.25,866.55,39.7,5.37,4.3,0.800,0.500,64.44,32.25,57.77,145.52,87.75
33,"2025-05-19","DC-DAL","ALE",1,19,2919.16,1819.44,1099.72,37.67,7.79,4.53,0.900,0.700,133.21,60.25,57.88,153.64,95.76
61,"2025-12-01","DC-DAL","IPA",1,25,1113.75,632.75,481,43.19,5.23,4.42,0.950,1.400,124.21,154.7,19.24,44.55,25.31
46,"2025-08-18","DC-ATL","LAGER",1,15,515.85,366.15,149.7,29.02,7.2,6.45,0.850,0.550,91.8,53.21,9.98,34.39,24.41
101,"2026-09-07","DC-SEA","IPA",1,22,1010.46,559.24,451.22,44.65,5.2,4.52,0.950,1.400,108.68,139.22,20.51,45.93,25.42
38,"2025-06-23","DC-NYC","IPA",1,33,1500.51,889.02,611.49,40.75,7.47,4.07,0.950,1.400,234.18,188.03,18.53,45.47,26.94
15,"2025-01-13","DC-DAL","ALE",1,12,1825.2,1150.92,674.28,36.94,7.54,5.06,0.900,0.700,81.43,42.5,56.19,152.10,95.91
86,"2026-05-25","DC-ATL","LAGER",1,18,613.08,395.46,217.62,35.5,5.63,4.45,0.850,0.550,86.14,44.06,12.09,34.06,21.97
1,"2024-10-07","DC-TOR","PILSNER",1,23,3380.77,2047.69,1333.08,39.43,6.91,4.41,0.800,0.500,127.14,50.72,57.96,146.99,89.03
89,"2026-06-15","DC-TOR","PILSNER",1,28,4198.04,2512.16,1685.88,40.16,7.67,4.56,0.800,0.500,171.81,63.84,60.21,149.93,89.72
25,"2025-03-24","DC-DAL","ALE",1,15,2281.5,1442.7,838.8,36.77,8,4.85,0.900,0.700,108,50.93,55.92,152.10,96.18
69,"2026-01-26","DC-DAL","ALE",1,13,2037.23,1217.71,819.52,40.23,5.78,4.13,0.900,0.700,67.63,37.58,63.04,156.71,93.67
93,"2026-07-13","DC-ATL","LAGER",1,20,668.2,464.8,203.4,30.44,7.3,4.18,0.850,0.550,124.1,45.98,10.17,33.41,23.24
22,"2025-03-03","DC-CHI","BEER",45,1163,40645.82,29987.36,10658.46,26.14,7.86,4.86,0.896,0.642,8185.64,3630.03,9.27,34.98,25.71
61,"2025-12-01","DC-SEA","BEER",48,728,25785.46,16879.93,8905.53,34.18,5.23,4.42,0.882,0.638,3367.13,2040.36,12.21,35.47,23.26
58,"2025-11-10","DC-ATL","BEER",38,880,31009.92,20224.51,10785.41,34.49,5.16,4.36,0.859,0.628,3889.76,2384.4,12.27,35.29,23.01
13,"2024-12-30","DC-TOR","BEER",42,548,19130.94,13950.14,5180.8,26.77,7.53,5.1,0.875,0.668,3587.07,1844.77,9.45,35.00,25.55
103,"2026-09-21","DC-SEA","BEER",48,964,34081.71,22201.57,11880.14,34.68,5.02,4.45,0.882,0.638,4278.5,2726.52,12.38,35.47,23.1
17,"2025-01-27","DC-CHI","BEER",45,971,33955.4,24914.61,9040.79,26.67,7.68,4.9,0.896,0.642,6684.67,3062.01,9.43,35.00,25.57
34,"2025-05-26","DC-DAL","BEER",42,1264,44305.24,31505.73,12799.51,28.31,7.7,4.01,0.872,0.634,8490.02,3174.36,9.99,34.94,24.95
32,"2025-05-12","DC-NYC","BEER",42,1731,60321.06,43881.5,16439.56,26.89,7.82,4.63,0.875,0.640,11852.38,5083.88,9.43,34.87,25.44
15,"2025-01-13","DC-DAL","BEER",42,782,27403.08,19920.72,7482.36,26.94,7.54,5.06,0.872,0.634,5140.17,2480.41,9.54,35.01,25.47
60,"2025-11-24","DC-TOR","BEER",42,624,21740.22,14424.83,7315.39,33.2,5.33,4.46,0.875,0.668,2888.27,1836.32,11.65,34.85,23.2
42,"2025-07-21","DC-DAL","BEER",42,1319,46047.76,32961.91,13085.85,27.92,7.51,4.38,0.872,0.634,8643.71,3609.47,9.83,34.84,25.01
103,"2026-09-21","DC-NYC","BEER",42,1599,55943.04,36459.67,19483.37,34.39,5.02,4.45,0.875,0.640,7026.64,4500.24,12.08,34.95,22.87
98,"2026-08-17","DC-TOR","BEER",42,908,31737.98,22258.71,9479.27,29.44,6.97,4.43,0.875,0.668,5493.2,2665.89,10.4,35.01,24.62
31,"2025-05-05","DC-SEA","BEER",48,1002,35503.06,25527.87,9975.19,27.8,7.76,4.49,0.882,0.638,6885.06,2853.8,9.94,35.49,25.54
8,"2024-11-25","DC-ATL","BEER",38,719,25191.4,18203.01,6988.39,27.23,7.19,5.38,0.859,0.628,4431.34,2389.63,9.68,35.08,25.4
49,"2025-09-08","DC-ATL","BEER",38,1109,38555.33,28705.89,9849.44,25.15,7.08,6.42,0.859,0.628,6726.92,4426.08,8.89,34.84,25.96
38,"2025-06-23","DC-TOR","BEER",42,924,32167.9,22846.08,9321.82,28.72,7.47,4.07,0.875,0.668,5999.68,2488.72,10.09,34.90,24.81
95,"2026-07-27","DC-NYC","BEER",42,1898,66132.47,46751.91,19380.56,29.01,7.25,4.26,0.875,0.640,12048.56,5126.36,10.17,34.87,24.7
24,"2025-03-17","DC-DAL","BEER",42,987,34449.68,25281.99,9167.69,26.08,7.97,4.74,0.872,0.634,6856.35,2929.04,9.21,34.86,25.64
72,"2026-02-16","DC-SEA","BEER",48,775,27299.1,18171.79,9127.31,33.14,5.82,3.98,0.882,0.638,3992.4,1955.18,11.76,35.26,23.5
18,"2025-02-03","DC-DAL","BEER",42,833,28981.34,21150.25,7831.09,26.45,7.64,4.85,0.872,0.634,5550,2527.72,9.31,34.73,25.42
28,"2025-04-14","DC-SEA","BEER",48,950,33392.04,24605.22,8786.82,26.04,7.98,4.83,0.882,0.638,6705.51,2914.08,9.27,35.23,25.95
94,"2026-07-20","DC-NYC","BEER",42,1953,68489.08,48121.96,20367.12,29.33,7.24,4.26,0.875,0.640,12401.11,5284.62,10.36,35.05,24.69
36,"2025-06-09","DC-CHI","BEER",45,1615,56851.37,40364.59,16486.78,28.76,7.58,3.99,0.896,0.642,10970.69,4144.33,10.21,35.11,24.9
51,"2025-09-22","DC-ATL","BEER",38,1017,35960.98,26466.56,9494.42,25.71,7.14,6.57,0.859,0.628,6219.73,4135.49,9.19,35.29,26.1
47,"2025-08-25","DC-CHI","BEER",45,1524,53502.76,39988.7,13514.06,25.13,7.25,6.42,0.896,0.642,9901.25,6287.62,8.93,35.10,26.17
35,"2025-06-02","DC-CHI","BEER",45,1616,56639.18,40407.47,16231.71,28.37,7.56,4.07,0.896,0.642,10956.1,4235.65,10.05,34.98,24.93
77,"2026-03-23","DC-NYC","BEER",42,1449,50288.3,33985.18,16303.12,31.95,5.86,4.33,0.875,0.640,7441.26,3983.51,11.12,34.65,23.53
11,"2024-12-16","DC-DAL","BEER",42,792,27437.67,20178.98,7258.69,25.85,7.41,5.29,0.872,0.634,5116.38,2619.45,9.07,34.57,25.5
69,"2026-01-26","DC-NYC","BEER",42,1209,42069.45,28117.72,13951.73,32.74,5.78,4.13,0.875,0.640,6123.27,3170.77,11.45,34.78,23.33
102,"2026-09-14","DC-CHI","BEER",45,1443,50828.19,33408.08,17420.11,34.06,5.2,4.46,0.896,0.642,6723.55,4131.61,12.06,35.13,23.07
96,"2026-08-03","DC-NYC","BEER",42,1879,65474.35,46338.89,19135.46,28.84,7.14,4.45,0.875,0.640,11765.43,5292.12,10.11,34.84,24.73
13,"2024-12-30","DC-NYC","BEER",42,1119,39102.14,28443.21,10658.93,26.83,7.53,5.1,0.875,0.640,7386.7,3623.7,9.45,34.94,25.48
81,"2026-04-20","DC-DAL","BEER",42,1204,41908.79,28403.41,13505.38,31.69,5.86,4.43,0.872,0.634,6154.11,3335.39,11.13,34.73,23.61
83,"2026-05-04","DC-ATL","BEER",38,1209,42561.23,28443.13,14118.1,32.73,5.79,4.43,0.859,0.628,5999.31,3316.83,11.63,35.23,23.6
56,"2025-10-27","DC-TOR","BEER",42,657,23194.39,16315.61,6878.78,29.12,7.3,4.46,0.875,0.668,4161.44,1944.56,10.35,35.28,24.92
96,"2026-08-03","DC-DAL","BEER",42,1274,44514.77,31478.67,13036.1,28.81,7.14,4.45,0.872,0.634,7932.97,3541.35,10.18,34.91,24.74
85,"2026-05-18","DC-DAL","BEER",42,1298,45527.39,30635.99,14891.4,32.09,5.87,4.42,0.872,0.634,6635.15,3587.98,11.34,34.95,23.61
20,"2025-02-17","DC-ATL","BEER",38,827,28816.75,21108.05,7708.7,26.28,7.75,4.91,0.859,0.628,5494.83,2513.82,9.27,34.86,25.58
69,"2026-01-26","DC-DAL","BEER",42,866,30299.46,20209.42,10090.04,32.76,5.78,4.13,0.872,0.634,4364.13,2243.13,11.56,34.90,23.35
34,"2025-05-26","DC-TOR","BEER",42,897,31445.75,22318.28,9127.47,28.54,7.7,4.01,0.875,0.668,5994.22,2381.78,10.09,35.07,24.97
73,"2026-02-23","DC-CHI","BEER",45,1191,41684.98,27903.31,13781.67,33.04,5.89,3.92,0.896,0.642,6287.87,3010.32,11.65,34.99,23.34
83,"2026-05-04","DC-CHI","BEER",45,1555,54444.57,36765.01,17679.56,32.36,5.79,4.43,0.896,0.642,8076.88,4431.42,11.42,35.00,23.58
76,"2026-03-16","DC-SEA","BEER",48,848,29917.63,20224.75,9692.88,32.29,5.93,4.43,0.882,0.638,4442.22,2392.02,11.5,35.38,23.89
69,"2026-01-26","DC-ATL","BEER",38,798,28135.77,18650.28,9485.49,33.59,5.78,4.13,0.859,0.628,3954.44,2050.3,11.95,35.35,23.4
89,"2026-06-15","DC-DAL","BEER",42,1347,47069.49,34026.38,13043.11,27.21,7.67,4.56,0.872,0.634,9011.64,3843.12,9.62,34.89,25.27
72,"2026-02-16","DC-TOR","BEER",42,659,23206.39,15304.65,7901.74,33.65,5.82,3.98,0.875,0.668,3334.92,1733.05,11.96,35.27,23.31
62,"2025-12-08","DC-NYC","BEER",42,1181,40856.58,27159.17,13697.41,33.08,5.32,4.33,0.875,0.640,5511.68,3240.57,11.5,34.56,23.06
44,"2025-08-04","DC-SEA","BEER",48,1112,39130.16,27909.8,11220.36,28.3,7.48,4.3,0.882,0.638,7351.57,3035.93,10.06,35.23,25.17
73,"2026-02-23","DC-ATL","BEER",38,891,31576.31,20788.54,10787.77,33.83,5.89,3.92,0.859,0.628,4498.49,2166.15,12.09,35.46,23.36
23,"2025-03-10","DC-DAL","BEER",42,944,33092.54,24252.64,8839.9,26.16,7.96,4.84,0.872,0.634,6552.75,2861.31,9.25,34.94,25.7
54,"2025-10-13","DC-NYC","BEER",42,1447,50089.33,35663.9,14425.43,28.49,7.1,4.51,0.875,0.640,8998.9,4135.9,9.95,34.68,24.73
69,"2026-01-26","DC-SEA","BEER",48,719,25349.24,16888.39,8460.85,33.11,5.78,4.13,0.882,0.638,3674.92,1888.65,11.79,35.36,23.56
16,"2025-01-20","DC-TOR","BEER",42,551,19186.19,13998.98,5187.21,26.57,7.61,4.96,0.875,0.668,3643.29,1797.45,9.39,34.92,25.53
75,"2026-03-09","DC-CHI","BEER",45,1241,43359.79,29384.05,13975.74,32.19,5.84,4.39,0.896,0.642,6499.92,3504.84,11.33,34.93,23.6
52,"2025-09-29","DC-ATL","BEER",38,1009,35352.77,26295.7,9057.07,24.96,7.25,6.49,0.859,0.628,6261.17,4048.92,8.87,35.02,26.15
70,"2026-02-02","DC-TOR","BEER",42,614,21365.3,14197.82,7167.48,33.07,5.63,4.11,0.875,0.668,3002.03,1667.51,11.61,34.84,23.23
67,"2026-01-12","DC-NYC","BEER",42,1183,41521.9,27350.71,14171.19,33.86,5.64,4.09,0.875,0.640,5838.36,3066.76,11.95,35.13,23.18
18,"2025-02-03","DC-ATL","BEER",38,779,27540.84,19768.3,7772.54,27.66,7.64,4.85,0.859,0.628,5091.75,2338.19,9.88,35.33,25.45
10,"2024-12-09","DC-NYC","BEER",42,1134,39363.57,28662.45,10701.12,26.94,7.22,5.33,0.875,0.640,7183.47,3829.18,9.43,34.79,25.36
83,"2026-05-04","DC-DAL","BEER",42,1272,44679.12,29938.4,14740.72,32.54,5.79,4.43,0.872,0.634,6420.82,3529.87,11.54,35.08,23.54
94,"2026-07-20","DC-SEA","BEER",48,1145,40693,28500.95,12192.05,29.71,7.24,4.26,0.882,0.638,7341.36,3106.35,10.68,35.62,24.94
59,"2025-11-17","DC-DAL","BEER",42,872,30482.19,20192.6,10289.59,33.32,5.3,4.49,0.872,0.634,4030.33,2443.14,11.75,34.91,23.16
6,"2024-11-11","DC-CHI","BEER",45,1079,37881.75,26587.07,11294.68,29.83,6.96,4.32,0.896,0.642,6732.06,3003.22,10.59,35.15,24.56
25,"2025-03-24","DC-TOR","BEER",42,717,25110.31,18426.69,6683.62,26.04,8,4.85,0.875,0.668,4981.76,2297.69,9.22,35.01,25.8
103,"2026-09-21","DC-DAL","BEER",42,1135,39958.12,25974.17,13983.95,34.52,5.02,4.45,0.872,0.634,4971.91,3168.36,12.26,35.14,22.89
54,"2025-10-13","DC-ATL","BEER",38,932,32810.13,23035.76,9774.37,29.38,7.1,4.51,0.859,0.628,5668.92,2606.87,10.44,35.22,24.77
21,"2025-02-24","DC-CHI","BEER",45,1121,39069.67,28854.45,10215.22,26,7.82,4.84,0.896,0.642,7869.34,3489.54,9.16,34.82,25.66
41,"2025-07-14","DC-NYC","BEER",42,1883,64904.79,46778.16,18126.63,27.57,7.5,4.21,0.875,0.640,12384.45,5032.97,9.57,34.46,24.89
48,"2025-09-01","DC-DAL","BEER",42,1100,38621.95,28735.13,9886.82,25.15,7.24,6.56,0.872,0.634,6937.87,4522.79,8.95,35.11,26.16
65,"2025-12-29","DC-SEA","BEER",48,701,24883.89,16315.61,8568.28,33.99,5.46,4.22,0.882,0.638,3386.13,1878.24,12.13,35.47,23.34
60,"2025-11-24","DC-SEA","BEER",48,740,25923.49,17252.43,8671.06,33.39,5.33,4.46,0.882,0.638,3490.19,2095.13,11.81,35.19,23.38
97,"2026-08-10","DC-TOR","BEER",42,925,32242.42,22719.94,9522.48,29.33,7,4.45,0.875,0.668,5624.57,2719.08,10.35,35.01,24.66
44,"2025-08-04","DC-CHI","BEER",45,1619,56923.97,40628.06,16295.91,28.45,7.48,4.3,0.896,0.642,10854.6,4477.72,10.06,35.07,25.01
42,"2025-07-21","DC-CHI","BEER",45,1649,57662.3,41480.67,16181.63,27.77,7.51,4.38,0.896,0.642,11103.16,4634,9.79,34.88,25.09
80,"2026-04-13","DC-DAL","BEER",42,1156,40464.72,27350.8,13113.92,31.52,5.97,4.46,0.872,0.634,6010,3216.37,11.09,34.81,23.72
73,"2026-02-23","DC-NYC","BEER",42,1346,46912.94,31285.5,15627.44,32.87,5.89,3.92,0.875,0.640,6953.09,3348.86,11.52,34.81,23.29
14,"2025-01-06","DC-CHI","BEER",45,978,34345.83,24936.98,9408.85,27.23,7.39,5.05,0.896,0.642,6485.17,3184.18,9.67,35.09,25.41
56,"2025-10-27","DC-SEA","BEER",48,804,28495.2,20134.49,8360.71,29.05,7.3,4.46,0.882,0.638,5192.34,2282.9,10.43,35.54,25.12
50,"2025-09-15","DC-CHI","BEER",45,1434,50231.37,37526.22,12705.15,25.2,7.16,6.42,0.896,0.642,9203.97,5914.36,8.93,35.02,26.08
49,"2025-09-08","DC-NYC","BEER",42,1646,57155.88,42503.81,14652.07,25.27,7.08,6.42,0.875,0.640,10206.95,6674.04,8.85,34.79,25.93
9,"2024-12-02","DC-TOR","BEER",42,552,19246.82,13882.31,5364.51,27.36,7.06,5.24,0.875,0.668,3390.07,1906.1,9.63,34.87,25.24
45,"2025-08-11","DC-ATL","BEER",38,1176,41270.64,29394.82,11875.82,28.47,7.42,4.5,0.859,0.628,7468.6,3282.39,10.12,35.16,25.04
96,"2026-08-03","DC-CHI","BEER",45,1540,53937.92,38297.74,15640.18,28.79,7.14,4.45,0.896,0.642,9851.7,4398.51,10.16,34.96,24.8
67,"2026-01-12","DC-ATL","BEER",38,774,26976.34,17979.12,8997.22,33.03,5.64,4.09,0.859,0.628,3740.5,1961.4,11.6,34.86,23.26
99,"2026-08-24","DC-CHI","BEER",45,1524,53265.59,37921.43,15344.16,28.41,7.09,4.54,0.896,0.642,9689.9,4443.48,10.05,34.86,24.81
94,"2026-07-20","DC-DAL","BEER",42,1313,46095.42,32405.86,13689.56,28.97,7.24,4.26,0.872,0.634,8288.79,3498.65,10.25,34.95,24.7
32,"2025-05-12","DC-SEA","BEER",48,1017,35820.85,26059.39,9761.46,27.09,7.82,4.63,0.882,0.638,7040.03,2988.76,9.65,35.34,25.68
20,"2025-02-17","DC-TOR","BEER",42,600,21041.42,15315.47,5725.95,26.77,7.75,4.91,0.875,0.668,4038.22,1947.11,9.48,35.10,25.62
103,"2026-09-21","DC-ATL","BEER",38,1053,36984.24,24141.59,12842.65,34.59,5.02,4.45,0.859,0.628,4528.19,2897.4,12.28,35.23,22.95
91,"2026-06-29","DC-SEA","BEER",48,1136,40572.06,28857.31,11714.75,28.5,7.5,4.69,0.882,0.638,7547.25,3379.24,10.28,35.72,25.44
39,"2025-06-30","DC-TOR","BEER",42,949,33304.09,23383.38,9920.71,29.4,7.31,4.14,0.875,0.668,6036.16,2596.61,10.42,35.14,24.72
51,"2025-09-22","DC-CHI","BEER",45,1384,48212.94,36342.74,11870.2,24.51,7.14,6.57,0.896,0.642,8861.31,5857.35,8.66,34.82,26.16
9,"2024-12-02","DC-CHI","BEER",45,1012,35563.71,25619.11,9944.6,27.79,7.06,5.24,0.896,0.642,6402.86,3404.79,9.87,35.10,25.24
76,"2026-03-16","DC-CHI","BEER",45,1320,46519.56,31397.38,15122.18,32.28,5.93,4.43,0.896,0.642,7010.92,3761.69,11.46,35.16,23.71
65,"2025-12-29","DC-ATL","BEER",38,773,27256.69,17864.5,9392.19,33.92,5.46,4.22,0.859,0.628,3615.78,2013.87,12.06,35.24,23.18
13,"2024-12-30","DC-DAL","BEER",42,780,27289.39,19874.32,7415.07,26.62,7.53,5.1,0.872,0.634,5119.65,2494.67,9.39,34.88,25.49
85,"2026-05-18","DC-CHI","BEER",45,1611,56329.4,38198.15,18131.25,32.04,5.87,4.42,0.896,0.642,8475.28,4581.29,11.28,34.93,23.64
45,"2025-08-11","DC-CHI","BEER",45,1572,54981.24,39563.49,15417.75,27.98,7.42,4.5,0.896,0.642,10460.72,4557.47,9.89,34.98,25.09
57,"2025-11-03","DC-ATL","BEER",38,874,30910.15,20062.61,10847.54,34.81,5.13,4.39,0.859,0.628,3842.78,2381.14,12.41,35.42,23.01
40,"2025-07-07","DC-NYC","BEER",42,1876,66093.6,46595.65,19497.95,28.9,7.53,4.18,0.875,0.640,12392.5,4968.6,10.24,35.14,24.9
53,"2025-10-06","DC-SEA","BEER",48,882,31068.7,22022.05,9046.65,28.92,7.13,4.58,0.882,0.638,5558.76,2562.74,10.32,35.36,25.04
2,"2024-10-14","DC-NYC","BEER",42,1387,48438.64,34027.83,14410.81,29.54,6.93,4.55,0.875,0.640,8430.83,4000.72,10.41,35.01,24.61
32,"2025-05-12","DC-ATL","BEER",38,1132,39600.73,28770.29,10830.44,27.01,7.82,4.63,0.859,0.628,7584.7,3256.42,9.57,35.03,25.47
2,"2024-10-14","DC-DAL","BEER",42,979,34396.09,24065.1,10330.99,29.51,6.93,4.55,0.872,0.634,5906.58,2791.88,10.47,35.08,24.62
84,"2026-05-11","DC-TOR","BEER",42,871,30226.36,20459.2,9767.16,31.88,5.74,4.47,0.875,0.668,4345.98,2577.49,11.18,34.75,23.57
43,"2025-07-28","DC-DAL","BEER",42,1310,45738.46,32549.11,13189.35,28.38,7.37,4.32,0.872,0.634,8420.59,3549.57,10.03,34.89,24.85
38,"2025-06-23","DC-CHI","BEER",45,1646,57839.9,41031.35,16808.55,28.99,7.47,4.07,0.896,0.642,11021.99,4302.64,10.26,35.11,24.85
39,"2025-06-30","DC-DAL","BEER",42,1294,45154.2,31898.37,13255.83,28.63,7.31,4.14,0.872,0.634,8239.54,3353.86,10.11,34.80,24.69
59,"2025-11-17","DC-CHI","BEER",45,1114,39050.19,25897.08,13153.11,33.53,5.3,4.49,0.896,0.642,5296.77,3217.58,11.86,35.04,23.18
96,"2026-08-03","DC-TOR","BEER",42,934,32582.48,23042.56,9539.92,28.94,7.14,4.45,0.875,0.668,5786.83,2755.71,10.21,34.99,24.78
54,"2025-10-13","DC-SEA","BEER",48,850,30095.11,21172.02,8923.09,29.42,7.1,4.51,0.882,0.638,5340.98,2432.51,10.51,35.48,24.97
57,"2025-11-03","DC-CHI","BEER",45,1174,40902.88,27071.28,13831.6,33.96,5.13,4.39,0.896,0.642,5399.89,3321.91,11.92,34.88,22.96
19,"2025-02-10","DC-CHI","BEER",45,1012,35382.14,26061.16,9320.98,26.01,7.82,4.87,0.896,0.642,7096.18,3166.28,9.19,34.87,25.68
60,"2025-11-24","DC-ATL","BEER",38,835,29392.44,19367.78,10024.66,33.76,5.33,4.46,0.859,0.628,3815.32,2308.67,11.99,35.21,23.22
78,"2026-03-30","DC-TOR","BEER",42,751,26425.79,17667.89,8757.9,32.63,5.82,4.43,0.875,0.668,3793.19,2197.59,11.57,35.18,23.61
87,"2026-06-01","DC-CHI","BEER",45,1632,57054.09,41455.9,15598.19,27.12,7.69,4.52,0.896,0.642,11262.08,4731.94,9.64,34.98,25.34
24,"2025-03-17","DC-ATL","BEER",38,931,32576.85,23835.76,8741.09,26.43,7.97,4.74,0.859,0.628,6354.96,2728.01,9.38,35.04,25.67
91,"2026-06-29","DC-TOR","BEER",42,947,33198.35,23849.46,9348.89,27.68,7.5,4.69,0.875,0.668,6181.65,2938.75,9.77,35.03,25.25
8,"2024-11-25","DC-SEA","BEER",48,720,25272.79,18392.91,6879.88,26.99,7.19,5.38,0.882,0.638,4575.86,2460.49,9.56,35.17,25.61
92,"2026-07-06","DC-CHI","BEER",45,1688,59061.99,41933.51,17128.48,28.73,7.3,4.18,0.896,0.642,11063.73,4540.15,10.17,34.94,24.77
7,"2024-11-18","DC-DAL","BEER",42,846,29400.55,21325.57,8074.98,27,7.07,5.31,0.872,0.634,5214.34,2812.97,9.5,34.72,25.22
25,"2025-03-24","DC-NYC","BEER",42,1435,49817.69,36831.8,12985.89,25.57,8,4.85,0.875,0.640,10072,4410.2,8.94,34.67,25.74
27,"2025-04-07","DC-ATL","BEER",38,999,35196.4,25620.37,9576.03,26.76,8.05,4.68,0.859,0.628,6887.5,2903.66,9.57,35.26,25.7
17,"2025-01-27","DC-ATL","BEER",38,778,27444.48,19795.12,7649.36,27.53,7.68,4.9,0.859,0.628,5118.26,2354.74,9.84,35.35,25.52
63,"2025-12-15","DC-SEA","BEER",48,710,25048.36,16508.12,8540.24,34.03,5.37,4.3,0.882,0.638,3373.81,1941.75,12.14,35.46,23.31
101,"2026-09-07","DC-SEA","BEER",48,1032,36377.02,24000.15,12376.87,33.86,5.2,4.52,0.882,0.638,4749.58,2967.43,12.05,35.35,23.3
42,"2025-07-21","DC-ATL","BEER",38,1259,44054.66,31484.41,12570.25,28.07,7.51,4.38,0.859,0.628,8096.23,3420.87,9.94,34.98,25.04
103,"2026-09-21","DC-CHI","BEER",45,1401,48844.34,32195.4,16648.94,33.93,5.02,4.45,0.896,0.642,6309.64,4008.29,11.92,34.82,22.9
24,"2025-03-17","DC-TOR","BEER",42,690,24133.42,17660.99,6472.43,26.42,7.97,4.74,0.875,0.668,4778.09,2158.17,9.36,35.06,25.7
99,"2026-08-24","DC-DAL","BEER",42,1217,42617.23,30110.96,12506.27,28.77,7.09,4.54,0.872,0.634,7531.92,3458.89,10.18,34.93,24.75
74,"2026-03-02","DC-ATL","BEER",38,927,32275.4,21933.7,10341.7,31.83,5.94,4.39,0.859,0.628,4712.86,2519.51,11.23,34.93,23.7
20,"2025-02-17","DC-CHI","BEER",45,1046,36640.83,26926.28,9714.55,26.39,7.75,4.91,0.896,0.642,7269.73,3306.79,9.36,35.00,25.64
71,"2026-02-09","DC-ATL","BEER",38,845,29728.87,19533.51,10195.36,34.04,5.65,3.93,0.859,0.628,4090.26,2057.08,12.09,35.25,23.16
77,"2026-03-23","DC-ATL","LAGER",1,13,438.49,287.3,151.19,34.48,5.86,4.33,0.850,0.550,64.75,30.96,11.63,33.73,22.1
50,"2025-09-15","DC-NYC","IPA",1,35,1607.55,1047.9,559.65,34.81,7.16,6.42,0.950,1.400,238.07,314.58,15.99,45.93,29.94
38,"2025-06-23","DC-TOR","PILSNER",1,23,3448.39,2054.13,1394.26,40.43,7.47,4.07,0.800,0.500,137.45,46.81,60.62,149.93,89.31
35,"2025-06-02","DC-SEA","IPA",1,25,1113.75,675.75,438,39.33,7.56,4.07,0.950,1.400,179.55,142.45,17.52,44.55,27.03
56,"2025-10-27","DC-DAL","IPA",1,34,1577.26,929.22,648.04,41.09,7.3,4.46,0.950,1.400,235.79,212.3,19.06,46.39,27.33
63,"2025-12-15","DC-ATL","STOUT",1,23,940.01,578.45,361.56,38.46,5.37,4.3,1.200,0.350,148.21,34.61,15.72,40.87,25.15
97,"2026-08-10","DC-ATL","STOUT",1,37,1572.13,1004.92,567.21,36.08,7,4.45,1.200,0.350,310.8,57.63,15.33,42.49,27.16
97,"2026-08-10","DC-TOR","PILSNER",1,28,4280.36,2495.36,1785,41.7,7,4.45,0.800,0.500,156.8,62.3,63.75,152.87,89.12
49,"2025-09-08","DC-TOR","PILSNER",1,24,3598.32,2164.08,1434.24,39.86,7.08,6.42,0.800,0.500,135.94,77.04,59.76,149.93,90.17
29,"2025-04-21","DC-ATL","LAGER",1,15,486.3,362.1,124.2,25.54,7.9,4.88,0.850,0.550,100.73,40.26,8.28,32.42,24.14
7,"2024-11-18","DC-DAL","IPA",1,28,1286.04,792.4,493.64,38.38,7.07,5.31,0.950,1.400,188.06,208.15,17.63,45.93,28.3
69,"2026-01-26","DC-SEA","IPA",1,15,688.95,381.3,307.65,44.65,5.78,4.13,0.950,1.400,82.37,86.73,20.51,45.93,25.42
77,"2026-03-23","DC-DAL","ALE",1,18,2820.78,1690.02,1130.76,40.09,5.86,4.33,0.900,0.700,94.93,54.56,62.82,156.71,93.89
8,"2024-11-25","DC-TOR","PILSNER",1,18,2672.28,1615.32,1056.96,39.55,7.19,5.38,0.800,0.500,103.54,48.42,58.72,148.46,89.74
91,"2026-06-29","DC-DAL","ALE",1,25,3917.75,2390.25,1527.5,38.99,7.5,4.69,0.900,0.700,168.75,82.08,61.1,156.71,95.61
7,"2024-11-18","DC-DAL","ALE",1,15,2327.7,1434.9,892.8,38.36,7.07,5.31,0.900,0.700,95.45,55.76,59.52,155.18,95.66
68,"2026-01-19","DC-NYC","IPA",1,27,1289.79,680.4,609.39,47.25,5.66,4.05,0.950,1.400,145.18,153.09,22.57,47.77,25.2
83,"2026-05-04","DC-DAL","ALE",1,20,3195.8,1877.8,1318,41.24,5.79,4.43,0.900,0.700,104.22,62.02,65.9,159.79,93.89
97,"2026-08-10","DC-SEA","PILSNER",1,23,3279.34,2049.76,1229.58,37.49,7,4.45,0.800,0.500,128.8,51.18,53.46,142.58,89.12
17,"2025-01-27","DC-SEA","IPA",1,14,623.7,396.34,227.36,36.45,7.68,4.9,0.950,1.400,102.14,96.04,16.24,44.55,28.31
95,"2026-07-27","DC-NYC","IPA",1,41,1826.55,1107,719.55,39.39,7.25,4.26,0.950,1.400,282.39,244.52,17.55,44.55,27
3,"2024-10-21","DC-ATL","LAGER",1,12,400.92,276.84,124.08,30.95,6.97,4.38,0.850,0.550,71.09,28.91,10.34,33.41,23.07
21,"2025-02-24","DC-DAL","ALE",1,17,2742.44,1632.17,1110.27,40.48,7.82,4.84,0.900,0.700,119.65,57.6,65.31,161.32,96.01
104,"2026-09-28","DC-ATL","STOUT",1,30,1274.7,750,524.7,41.16,5.19,4.5,1.200,0.350,186.84,47.25,17.49,42.49,25
45,"2025-08-11","DC-TOR","PILSNER",1,22,3363.14,1968.78,1394.36,41.46,7.42,4.5,0.800,0.500,130.59,49.5,63.38,152.87,89.49
33,"2025-05-19","DC-SEA","PILSNER",1,20,2998.6,1796,1202.6,40.11,7.79,4.53,0.800,0.500,124.64,45.3,60.13,149.93,89.8
101,"2026-09-07","DC-NYC","IPA",1,33,1500.51,838.86,661.65,44.1,5.2,4.52,0.950,1.400,163.02,208.82,20.05,45.47,25.42
76,"2026-03-16","DC-ATL","LAGER",1,15,496.2,333.3,162.9,32.83,5.93,4.43,0.850,0.550,75.61,36.55,10.86,33.08,22.22
20,"2025-02-17","DC-SEA","IPA",1,14,655.9,397.46,258.44,39.4,7.75,4.91,0.950,1.400,103.07,96.24,18.46,46.85,28.39
79,"2026-04-06","DC-ATL","LAGER",1,16,534.56,352.32,182.24,34.09,5.8,4.27,0.850,0.550,78.88,37.58,11.39,33.41,22.02
92,"2026-07-06","DC-DAL","IPA",1,47,2115.47,1266.18,849.29,40.15,7.3,4.18,0.950,1.400,325.95,275.04,18.07,45.01,26.94
49,"2025-09-08","DC-ATL","LAGER",1,16,550.24,388.64,161.6,29.37,7.08,6.42,0.850,0.550,96.29,56.5,10.1,34.39,24.29
70,"2026-02-02","DC-SEA","PILSNER",1,17,2573.8,1493.62,1080.18,41.97,5.63,4.11,0.800,0.500,76.57,34.94,63.54,151.40,87.86
80,"2026-04-13","DC-NYC","IPA",1,34,1577.26,886.38,690.88,43.8,5.97,4.46,0.950,1.400,192.83,212.3,20.32,46.39,26.07
41,"2025-07-14","DC-NYC","IPA",1,38,1780.3,1032.46,747.84,42.01,7.5,4.21,0.950,1.400,270.75,223.97,19.68,46.85,27.17
54,"2025-10-13","DC-ATL","STOUT",1,27,1092.69,737.1,355.59,32.54,7.1,4.51,1.200,0.350,230.04,42.62,13.17,40.47,27.3
43,"2025-07-28","DC-TOR","PILSNER",1,29,4305.34,2591.44,1713.9,39.81,7.37,4.32,0.800,0.500,170.98,62.64,59.1,148.46,89.36
96,"2026-08-03","DC-DAL","ALE",1,20,3195.8,1902.4,1293.4,40.47,7.14,4.45,0.900,0.700,128.52,62.3,64.67,159.79,95.12
57,"2025-11-03","DC-ATL","STOUT",1,26,1104.74,647.14,457.6,41.42,5.13,4.39,1.200,0.350,160.06,39.95,17.6,42.49,24.89
94,"2026-07-20","DC-ATL","LAGER",1,21,708.33,488.04,220.29,31.1,7.24,4.26,0.850,0.550,129.23,49.2,10.49,33.73,23.24
30,"2025-04-28","DC-SEA","IPA",1,22,1000.34,623.7,376.64,37.65,7.83,4.83,0.950,1.400,163.65,148.76,17.12,45.47,28.35
30,"2025-04-28","DC-ATL","STOUT",1,31,1317.19,876.99,440.2,33.42,7.83,4.83,1.200,0.350,291.28,52.41,14.2,42.49,28.29
40,"2025-07-07","DC-ATL","LAGER",1,20,668.2,468.8,199.4,29.84,7.53,4.18,0.850,0.550,128.01,45.98,9.97,33.41,23.44
62,"2025-12-08","DC-ATL","LAGER",1,11,374.66,238.04,136.62,36.47,5.32,4.33,0.850,0.550,49.74,26.2,12.42,34.06,21.64
89,"2026-06-15","DC-DAL","ALE",1,25,3725.75,2392,1333.75,35.8,7.67,4.56,0.900,0.700,172.58,79.8,53.35,149.03,95.68
100,"2026-08-31","DC-ATL","STOUT",1,33,1362.24,898.92,463.32,34.01,7.05,4.51,1.200,0.350,279.18,52.09,14.04,41.28,27.24
73,"2026-02-23","DC-DAL","IPA",1,34,1561.62,857.82,703.8,45.07,5.89,3.92,0.950,1.400,190.25,186.59,20.7,45.93,25.23
51,"2025-09-22","DC-SEA","PILSNER",1,17,2498.83,1535.1,963.73,38.57,7.14,6.57,0.800,0.500,97.1,55.85,56.69,146.99,90.3
64,"2025-12-22","DC-TOR","PILSNER",1,18,2672.28,1580.58,1091.7,40.85,5.47,4.27,0.800,0.500,78.77,38.43,60.65,148.46,87.81
22,"2025-03-03","DC-ATL","LAGER",1,11,371.03,264.99,106.04,28.58,7.86,4.86,0.850,0.550,73.49,29.4,9.64,33.73,24.09
13,"2024-12-30","DC-SEA","IPA",1,12,540.12,341.28,198.84,36.81,7.53,5.1,0.950,1.400,85.84,85.68,16.57,45.01,28.44
45,"2025-08-11","DC-ATL","STOUT",1,33,1322.31,913.44,408.87,30.92,7.42,4.5,1.200,0.350,293.83,51.97,12.39,40.07,27.68
92,"2026-07-06","DC-NYC","IPA",1,40,1782,1077.6,704.4,39.53,7.3,4.18,0.950,1.400,277.4,234.08,17.61,44.55,26.94
102,"2026-09-14","DC-SEA","PILSNER",1,21,3179.4,1841.49,1337.91,42.08,5.2,4.46,0.800,0.500,87.36,46.83,63.71,151.40,87.69
7,"2024-11-18","DC-NYC","IPA",1,22,990.22,622.6,367.62,37.13,7.07,5.31,0.950,1.400,147.76,163.55,16.71,45.01,28.3
50,"2025-09-15","DC-SEA","IPA",1,20,927.8,598.8,329,35.46,7.16,6.42,0.950,1.400,136.04,179.76,16.45,46.39,29.94
94,"2026-07-20","DC-ATL","STOUT",1,37,1557.33,1013.06,544.27,34.95,7.24,4.26,1.200,0.350,321.46,55.17,14.71,42.09,27.38
72,"2026-02-16","DC-DAL","ALE",1,14,2172.52,1310.4,862.12,39.68,5.82,3.98,0.900,0.700,73.33,39,61.58,155.18,93.6
90,"2026-06-22","DC-NYC","IPA",1,40,1855.6,1116,739.6,39.86,7.47,4.75,0.950,1.400,283.86,266,18.49,46.39,27.9
31,"2025-05-05","DC-DAL","ALE",1,21,3226.44,2009.91,1216.53,37.71,7.76,4.49,0.900,0.700,146.66,66,57.93,153.64,95.71
100,"2026-08-31","DC-TOR","PILSNER",1,22,3395.48,1962.4,1433.08,42.21,7.05,4.51,0.800,0.500,124.08,49.61,65.14,154.34,89.2
89,"2026-06-15","DC-ATL","STOUT",1,40,1618.8,1120,498.8,30.81,7.67,4.56,1.200,0.350,368.16,63.84,12.47,40.47,28
44,"2025-08-04","DC-NYC","IPA",1,40,1929.2,1091.2,838,43.44,7.48,4.3,0.950,1.400,284.24,240.8,20.95,48.23,27.28
96,"2026-08-03","DC-SEA","PILSNER",1,24,3457.2,2141.76,1315.44,38.05,7.14,4.45,0.800,0.500,137.09,53.4,54.81,144.05,89.24
71,"2026-02-09","DC-TOR","PILSNER",1,17,2623.78,1492.43,1131.35,43.12,5.65,3.93,0.800,0.500,76.84,33.41,66.55,154.34,87.79
92,"2026-07-06","DC-ATL","LAGER",1,18,577.8,418.32,159.48,27.6,7.3,4.18,0.850,0.550,111.69,41.38,8.86,32.10,23.24
72,"2026-02-16","DC-NYC","IPA",1,29,1398.67,732.25,666.42,47.65,5.82,3.98,0.950,1.400,160.34,161.59,22.98,48.23,25.25
42,"2025-07-21","DC-ATL","STOUT",1,34,1417.12,943.16,473.96,33.45,7.51,4.38,1.200,0.350,306.41,52.12,13.94,41.68,27.74
28,"2025-04-14","DC-ATL","LAGER",1,14,481.46,338.52,142.94,29.69,7.98,4.83,0.850,0.550,94.96,37.19,10.21,34.39,24.18
74,"2026-03-02","DC-SEA","PILSNER",1,16,2398.88,1412,986.88,41.14,5.94,4.39,0.800,0.500,76.03,35.12,61.68,149.93,88.25
15,"2025-01-13","DC-SEA","PILSNER",1,14,2078.44,1258.04,820.4,39.47,7.54,5.06,0.800,0.500,84.45,35.42,58.6,148.46,89.86
17,"2025-01-27","DC-ATL","STOUT",1,23,949.44,646.99,302.45,31.86,7.68,4.9,1.200,0.350,211.97,39.45,13.15,41.28,28.13
32,"2025-05-12","DC-ATL","LAGER",1,15,510.9,358.95,151.95,29.74,7.82,4.63,0.850,0.550,99.71,38.2,10.13,34.06,23.93
71,"2026-02-09","DC-ATL","STOUT",1,27,1081.89,684.72,397.17,36.71,5.65,3.93,1.200,0.350,183.06,37.14,14.71,40.07,25.36
26,"2025-03-31","DC-DAL","IPA",1,33,1591.59,935.55,656.04,41.22,7.95,4.75,0.950,1.400,249.23,219.45,19.88,48.23,28.35
23,"2025-03-10","DC-TOR","PILSNER",1,18,2725.2,1621.62,1103.58,40.5,7.96,4.84,0.800,0.500,114.62,43.56,61.31,151.40,90.09
51,"2025-09-22","DC-DAL","ALE",1,19,2919.16,1835.59,1083.57,37.12,7.14,6.57,0.900,0.700,122.09,87.38,57.03,153.64,96.61
70,"2026-02-02","DC-DAL","ALE",1,13,2017.34,1215.76,801.58,39.73,5.63,4.11,0.900,0.700,65.87,37.4,61.66,155.18,93.52
12,"2024-12-23","DC-TOR","PILSNER",1,15,2160.75,1347.45,813.3,37.64,7.44,5.16,0.800,0.500,89.28,38.7,54.22,144.05,89.83
29,"2025-04-21","DC-DAL","IPA",1,41,1864.27,1168.09,696.18,37.34,7.9,4.88,0.950,1.400,307.71,280.11,16.98,45.47,28.49
38,"2025-06-23","DC-DAL","ALE",1,23,3533.72,2188.45,1345.27,38.07,7.47,4.07,0.900,0.700,154.63,65.53,58.49,153.64,95.15
91,"2026-06-29","DC-SEA","PILSNER",1,23,3516.01,2061.95,1454.06,41.36,7.5,4.69,0.800,0.500,138,53.94,63.22,152.87,89.65
80,"2026-04-13","DC-SEA","IPA",1,19,846.45,495.33,351.12,41.48,5.97,4.46,0.950,1.400,107.76,118.64,18.48,44.55,26.07
47,"2025-08-25","DC-DAL","IPA",1,39,1880.97,1171.17,709.8,37.74,7.25,6.42,0.950,1.400,268.61,350.53,18.2,48.23,30.03
10,"2024-12-09","DC-ATL","STOUT",1,22,925.98,610.06,315.92,34.12,7.22,5.33,1.200,0.350,190.61,41.04,14.36,42.09,27.73
93,"2026-07-13","DC-NYC","IPA",1,39,1880.97,1050.66,830.31,44.14,7.3,4.18,0.950,1.400,270.46,228.23,21.29,48.23,26.94
75,"2026-03-09","DC-ATL","LAGER",1,13,421.46,287.56,133.9,31.77,5.84,4.39,0.850,0.550,64.53,31.39,10.3,32.42,22.12
89,"2026-06-15","DC-SEA","PILSNER",1,24,3563.04,2153.28,1409.76,39.57,7.67,4.56,0.800,0.500,147.26,54.72,58.74,148.46,89.72
15,"2025-01-13","DC-NYC","IPA",1,23,1088.13,653.2,434.93,39.97,7.54,5.06,0.950,1.400,164.75,162.93,18.91,47.31,28.4
5,"2024-11-04","DC-TOR","PILSNER",1,17,2548.81,1516.57,1032.24,40.5,7.1,4.46,0.800,0.500,96.56,37.91,60.72,149.93,89.21
37,"2025-06-16","DC-DAL","ALE",1,23,3427.69,2188.22,1239.47,36.16,7.46,4.07,0.900,0.700,154.42,65.53,53.89,149.03,95.14
2,"2024-10-14","DC-SEA","PILSNER",1,19,2792.81,1693.28,1099.53,39.37,6.93,4.55,0.800,0.500,105.34,43.23,57.87,146.99,89.12
46,"2025-08-18","DC-DAL","ALE",1,24,3613.68,2317.92,1295.76,35.86,7.2,6.45,0.900,0.700,155.52,108.36,53.99,150.57,96.58
11,"2024-12-16","DC-DAL","ALE",1,15,2235.45,1439.25,796.2,35.62,7.41,5.29,0.900,0.700,100.04,55.55,53.08,149.03,95.95
12,"2024-12-23","DC-NYC","IPA",1,21,983.85,597.24,386.61,39.3,7.44,5.16,0.950,1.400,148.43,151.7,18.41,46.85,28.44
55,"2025-10-20","DC-NYC","IPA",1,31,1395.31,844.44,550.87,39.48,7.12,4.52,0.950,1.400,209.68,196.17,17.77,45.01,27.24
43,"2025-07-28","DC-DAL","ALE",1,23,3427.69,2190.52,1237.17,36.09,7.37,4.32,0.900,0.700,152.56,69.55,53.79,149.03,95.24
35,"2025-06-02","DC-DAL","ALE",1,20,2980.6,1904.6,1076,36.1,7.56,4.07,0.900,0.700,136.08,56.98,53.8,149.03,95.23
37,"2025-06-16","DC-SEA","IPA",1,21,1003.17,565.74,437.43,43.6,7.46,4.07,0.950,1.400,148.83,119.66,20.83,47.77,26.94
14,"2025-01-06","DC-SEA","IPA",1,14,675.22,395.36,279.86,41.45,7.39,5.05,0.950,1.400,98.29,98.98,19.99,48.23,28.24
99,"2026-08-24","DC-ATL","LAGER",1,17,545.7,395.42,150.28,27.54,7.09,4.54,0.850,0.550,102.45,42.45,8.84,32.10,23.26
97,"2026-08-10","DC-ATL","LAGER",1,16,518.72,370.24,148.48,28.62,7,4.45,0.850,0.550,95.2,39.16,9.28,32.42,23.14
38,"2025-06-23","DC-SEA","IPA",1,21,993.51,565.74,427.77,43.06,7.47,4.07,0.950,1.400,149.03,119.66,20.37,47.31,26.94
62,"2025-12-08","DC-DAL","ALE",1,14,2150.96,1307.6,843.36,39.21,5.32,4.33,0.900,0.700,67.03,42.43,60.24,153.64,93.4
66,"2026-01-05","DC-SEA","IPA",1,14,675.22,350.28,324.94,48.12,5.43,4.08,0.950,1.400,72.22,79.97,23.21,48.23,25.02
86,"2026-05-25","DC-TOR","PILSNER",1,24,3457.2,2112.72,1344.48,38.89,5.63,4.45,0.800,0.500,108.1,53.4,56.02,144.05,88.03
5,"2024-11-04","DC-ATL","STOUT",1,25,991.5,682,309.5,31.22,7.1,4.46,1.200,0.350,213,39.03,12.38,39.66,27.28
13,"2024-12-30","DC-SEA","PILSNER",1,14,2037.28,1258.18,779.1,38.24,7.53,5.1,0.800,0.500,84.34,35.7,55.65,145.52,89.87
57,"2025-11-03","DC-NYC","IPA",1,28,1247.4,704.76,542.64,43.5,5.13,4.39,0.950,1.400,136.46,172.09,19.38,44.55,25.17
82,"2026-04-27","DC-SEA","IPA",1,19,898.89,494.38,404.51,45,5.89,4.48,0.950,1.400,106.31,119.17,21.29,47.31,26.02
89,"2026-06-15","DC-ATL","LAGER",1,16,539.68,380.32,159.36,29.53,7.67,4.56,0.850,0.550,104.31,40.13,9.96,33.73,23.77
47,"2025-08-25","DC-ATL","LAGER",1,16,518.72,390.88,127.84,24.65,7.25,6.42,0.850,0.550,98.6,56.5,7.99,32.42,24.43
39,"2025-06-30","DC-NYC","IPA",1,43,1915.65,1156.27,759.38,39.64,7.31,4.14,0.950,1.400,298.61,249.23,17.66,44.55,26.89
34,"2025-05-26","DC-SEA","PILSNER",1,22,3233.78,1968.12,1265.66,39.14,7.7,4.01,0.800,0.500,135.52,44.11,57.53,146.99,89.46
9,"2024-12-02","DC-SEA","PILSNER",1,14,2057.86,1253.98,803.88,39.06,7.06,5.24,0.800,0.500,79.07,36.68,57.42,146.99,89.57
64,"2025-12-22","DC-NYC","IPA",1,22,1061.06,557.04,504.02,47.5,5.47,4.27,0.950,1.400,114.32,131.52,22.91,48.23,25.32
98,"2026-08-17","DC-DAL","ALE",1,20,3134.2,1899,1235.2,39.41,6.97,4.43,0.900,0.700,125.46,62.02,61.76,156.71,94.95
13,"2024-12-30","DC-ATL","LAGER",1,12,412.68,287.4,125.28,30.36,7.53,5.1,0.850,0.550,76.81,33.66,10.44,34.39,23.95
24,"2025-03-17","DC-TOR","PILSNER",1,19,2904.53,1710.95,1193.58,41.09,7.97,4.74,0.800,0.500,121.14,45.03,62.82,152.87,90.05
11,"2024-12-16","DC-ATL","LAGER",1,11,371.03,263.45,107.58,28.99,7.41,5.29,0.850,0.550,69.28,32,9.78,33.73,23.95
26,"2025-03-31","DC-ATL","LAGER",1,13,425.75,313.43,112.32,26.38,7.95,4.75,0.850,0.550,87.85,33.96,8.64,32.75,24.11
51,"2025-09-22","DC-ATL","STOUT",1,32,1282.24,898.24,384,29.95,7.14,6.57,1.200,0.350,274.18,73.58,12,40.07,28.07
57,"2025-11-03","DC-ATL","LAGER",1,13,434.33,279.76,154.57,35.59,5.13,4.39,0.850,0.550,56.69,31.39,11.89,33.41,21.52
53,"2025-10-06","DC-TOR","BEER",42,733,25507.51,18144.95,7362.56,28.4,7.13,4.58,0.875,0.668,4535.96,2216.99,10.02,34.88,24.86
42,"2025-07-21","DC-TOR","BEER",42,951,33257.17,23764.05,9493.12,28.04,7.51,4.38,0.875,0.668,6214.3,2764,9.92,34.97,25.06
87,"2026-06-01","DC-DAL","BEER",42,1286,44877.44,32461.2,12416.24,27.09,7.69,4.52,0.872,0.634,8613.57,3647.19,9.58,34.84,25.26
80,"2026-04-13","DC-TOR","BEER",42,803,27931.39,19025.29,8906.1,31.53,5.97,4.46,0.875,0.668,4169.09,2370.45,11.05,34.82,23.76
89,"2026-06-15","DC-SEA","BEER",48,1082,38263.54,27550.12,10713.42,27.72,7.67,4.56,0.882,0.638,7340.96,3134.82,9.94,35.45,25.51
65,"2025-12-29","DC-NYC","BEER",42,1167,40388.28,26892.66,13495.62,32.97,5.46,4.22,0.875,0.640,5576.46,3119.34,11.45,34.55,23.11
74,"2026-03-02","DC-SEA","BEER",48,801,28547.42,19077.24,9470.18,32.99,5.94,4.39,0.882,0.638,4206.53,2235.87,11.86,35.74,23.87
19,"2025-02-10","DC-NYC","BEER",42,1181,41119.72,30143.59,10976.13,26.28,7.82,4.87,0.875,0.640,8101.05,3644.85,9.23,34.82,25.59
87,"2026-06-01","DC-TOR","BEER",42,920,32247.49,23191.54,9055.95,27.63,7.69,4.52,0.875,0.668,6143.23,2747.17,9.8,35.11,25.31
3,"2024-10-21","DC-SEA","BEER",48,797,28257.4,19694.56,8562.84,30.28,6.97,4.38,0.882,0.638,4912.46,2215.49,10.88,35.66,24.77
37,"2025-06-16","DC-TOR","BEER",42,932,32579.71,23040.04,9539.67,28.99,7.46,4.07,0.875,0.668,6044.17,2511.15,10.25,35.05,24.8
104,"2026-09-28","DC-ATL","BEER",38,1053,37023.5,24318.33,12705.17,34.19,5.19,4.5,0.859,0.628,4683.14,2940.26,12.16,35.28,23.13
76,"2026-03-16","DC-NYC","BEER",42,1439,49870.25,33954.79,15915.46,31.67,5.93,4.43,0.875,0.640,7485.38,4035.02,11.06,34.71,23.65
25,"2025-03-24","DC-SEA","BEER",48,871,30852.14,22583.03,8269.11,26.62,8,4.85,0.882,0.638,6158.16,2685.06,9.53,35.51,25.98
95,"2026-07-27","DC-DAL","BEER",42,1324,46485.24,32671.38,13813.86,29.1,7.25,4.26,0.872,0.634,8368.82,3530.77,10.33,35.04,24.71
44,"2025-08-04","DC-TOR","BEER",42,921,32267.46,22923.95,9343.51,28.44,7.48,4.3,0.875,0.668,5996.87,2623.73,10.04,35.01,24.98
40,"2025-07-07","DC-ATL","BEER",38,1242,43883.9,30909.53,12974.37,29.31,7.53,4.18,0.859,0.628,8001.91,3217.22,10.46,35.40,24.94
14,"2025-01-06","DC-NYC","BEER",42,1104,38191.97,27891,10300.97,26.65,7.39,5.05,0.875,0.640,7149.6,3531.06,9.29,34.62,25.33
96,"2026-08-03","DC-ATL","BEER",38,1263,44363.17,31222.93,13140.24,29.2,7.14,4.45,0.859,0.628,7739.4,3482.66,10.39,35.16,24.77
38,"2025-06-23","DC-ATL","BEER",38,1204,42205.47,29837.23,12368.24,29.19,7.47,4.07,0.859,0.628,7710.91,3044.16,10.36,35.18,24.82
101,"2026-09-07","DC-TOR","BEER",42,841,29607.99,19395.87,10212.12,34.11,5.2,4.52,0.875,0.668,3799.8,2512.85,12.09,35.22,23.13
50,"2025-09-15","DC-ATL","BEER",38,1051,37048.53,27275.06,9773.47,25.86,7.16,6.42,0.859,0.628,6441.92,4170.43,9.21,35.23,26.02
30,"2025-04-28","DC-SEA","BEER",48,984,34603.85,25373.71,9230.14,26.57,7.83,4.83,0.882,0.638,6824.78,3020.05,9.46,35.28,25.82
80,"2026-04-13","DC-NYC","BEER",42,1628,57158.42,38452.51,18705.91,32.36,5.97,4.46,0.875,0.640,8514.53,4595.18,11.42,35.12,23.71
40,"2025-07-07","DC-DAL","BEER",42,1311,45501.25,32624.23,12877.02,27.76,7.53,4.18,0.872,0.634,8599.86,3430.69,9.74,34.65,24.9
63,"2025-12-15","DC-CHI","BEER",45,1054,36872.5,24458.17,12414.33,33.63,5.37,4.3,0.896,0.642,5071.59,2907.23,11.85,34.97,23.12
74,"2026-03-02","DC-NYC","BEER",42,1346,46796.45,31708.95,15087.5,31.93,5.94,4.39,0.875,0.640,7017.16,3737.34,11.18,34.82,23.64
50,"2025-09-15","DC-DAL","BEER",42,1045,36622.17,27138.41,9483.76,25.33,7.16,6.42,0.872,0.634,6527.06,4206.58,9,35.00,26
31,"2025-05-05","DC-CHI","BEER",45,1440,50365.14,36662.02,13703.12,27.18,7.76,4.49,0.896,0.642,10020.1,4150.47,9.6,34.98,25.38
1,"2024-10-07","DC-CHI","BEER",45,1278,44832.24,31490.99,13341.25,29.6,6.91,4.41,0.896,0.642,7919.21,3628.68,10.51,35.08,24.57
90,"2026-06-22","DC-CHI","BEER",45,1688,58968.1,42835.01,16133.09,27.35,7.47,4.75,0.896,0.642,11300.17,5167.86,9.66,34.95,25.29
79,"2026-04-06","DC-DAL","BEER",42,1135,39610.21,26628.97,12981.24,32.29,5.8,4.27,0.872,0.634,5749.13,3036.35,11.37,34.82,23.45
44,"2025-08-04","DC-DAL","BEER",42,1256,44027.61,31266.33,12761.28,28.44,7.48,4.3,0.872,0.634,8194.12,3376.62,10.1,35.04,24.94
51,"2025-09-22","DC-SEA","BEER",48,880,31162.79,23099.9,8062.89,25.32,7.14,6.57,0.882,0.638,5558.78,3684.78,9.07,35.39,26.32
81,"2026-04-20","DC-CHI","BEER",45,1473,51624.61,34950.33,16674.28,32.27,5.86,4.43,0.896,0.642,7735.38,4201.68,11.41,35.06,23.64
101,"2026-09-07","DC-CHI","BEER",45,1490,52042.52,34522.22,17520.3,33.48,5.2,4.52,0.896,0.642,6944.7,4343.99,11.77,34.88,23.11
79,"2026-04-06","DC-SEA","BEER",48,924,32423.84,21802.83,10621.01,32.52,5.8,4.27,0.882,0.638,4731.93,2509.05,11.52,35.20,23.67
49,"2025-09-08","DC-TOR","BEER",42,854,29811.43,22127.58,7683.85,25.2,7.08,6.42,0.875,0.668,5249.11,3614.2,8.9,34.94,26.04
90,"2026-06-22","DC-NYC","BEER",42,1862,64766.18,46791.3,17974.88,27.25,7.47,4.75,0.875,0.640,12192.16,5611.41,9.55,34.76,25.21
1,"2024-10-07","DC-SEA","BEER",48,847,29971.72,20907.84,9063.88,29.8,6.91,4.41,0.882,0.638,5169.79,2372.84,10.65,35.39,24.74
95,"2026-07-27","DC-TOR","BEER",42,952,33392.23,23474.85,9917.38,29.18,7.25,4.26,0.875,0.668,5998.51,2676.64,10.35,35.10,24.75
3,"2024-10-21","DC-CHI","BEER",45,1195,41891.98,29504.43,12387.55,29.36,6.97,4.38,0.896,0.642,7469.75,3364.23,10.39,35.00,24.61
92,"2026-07-06","DC-ATL","BEER",38,1289,45173.58,31797.1,13376.48,29.32,7.3,4.18,0.859,0.628,8058.91,3337.65,10.43,35.16,24.74
62,"2025-12-08","DC-CHI","BEER",45,1045,36432.51,24186.68,12245.83,33.38,5.32,4.33,0.896,0.642,4981.97,2902.7,11.76,34.85,23.09
52,"2025-09-29","DC-CHI","BEER",45,1330,46401.56,34951.05,11450.51,24.39,7.25,6.49,0.896,0.642,8651.35,5534.48,8.61,34.82,26.21
72,"2026-02-16","DC-CHI","BEER",45,1143,39965.85,26732.68,13233.17,32.9,5.82,3.98,0.896,0.642,5970.68,2924.66,11.58,34.90,23.32
53,"2025-10-06","DC-DAL","BEER",42,955,33410.97,23691.86,9719.11,28.61,7.13,4.58,0.872,0.634,5941.36,2738.52,10.13,34.94,24.81
74,"2026-03-02","DC-TOR","BEER",42,668,23401.25,15782.33,7618.92,32.06,5.94,4.39,0.875,0.668,3444.07,1940.56,11.32,35.01,23.69
93,"2026-07-13","DC-CHI","BEER",45,1665,58606.62,41338.53,17268.09,29.2,7.3,4.18,0.896,0.642,10907.88,4469.21,10.36,35.13,24.77
22,"2025-03-03","DC-TOR","BEER",42,650,22754.32,16639.49,6114.83,26.29,7.86,4.86,0.875,0.668,4434.61,2086.59,9.29,34.97,25.68
100,"2026-08-31","DC-DAL","BEER",42,1179,41329.46,29113.52,12215.94,29.25,7.05,4.51,0.872,0.634,7256.92,3333.88,10.37,35.06,24.7
24,"2025-03-17","DC-SEA","BEER",48,841,29692.55,21716.86,7975.69,26.95,7.97,4.74,0.882,0.638,5935.02,2534.15,9.68,35.57,25.89
12,"2024-12-23","DC-CHI","BEER",45,989,34675.2,25322.63,9352.57,26.73,7.44,5.16,0.896,0.642,6595.49,3284.29,9.49,35.02,25.53
26,"2025-03-31","DC-TOR","BEER",42,734,25530.33,18766.73,6763.6,25.86,7.95,4.75,0.875,0.668,5070.43,2308.88,9.09,34.78,25.69
38,"2025-06-23","DC-DAL","BEER",42,1281,44649.48,31740.7,12908.78,28.4,7.47,4.07,0.872,0.634,8344.44,3258.81,10.02,34.80,24.78
9,"2024-12-02","DC-ATL","BEER",38,706,24797.66,17740.74,7056.92,28.12,7.06,5.24,0.859,0.628,4272.29,2282.81,10.02,35.22,25.2
82,"2026-04-27","DC-NYC","BEER",42,1677,58690.19,39556.51,19133.68,32.2,5.89,4.48,0.875,0.640,8679.39,4766.54,11.3,34.95,23.65
80,"2026-04-13","DC-SEA","BEER",48,939,33061.67,22429.61,10632.06,32.14,5.97,4.46,0.882,0.638,4954.5,2655.44,11.44,35.38,23.94
48,"2025-09-01","DC-CHI","BEER",45,1500,52343.01,39492.76,12850.25,24.42,7.24,6.56,0.896,0.642,9722.89,6306.39,8.6,34.84,26.25
53,"2025-10-06","DC-ATL","BEER",38,952,33499.28,23623.47,9875.81,29.22,7.13,4.58,0.859,0.628,5823.64,2707.01,10.42,35.26,24.84
23,"2025-03-10","DC-ATL","BEER",38,902,31697.29,23171.09,8526.2,26.59,7.96,4.84,0.859,0.628,6155.87,2703.87,9.46,35.18,25.72
98,"2026-08-17","DC-ATL","BEER",38,1223,42879.12,30033.56,12845.56,29.51,6.97,4.43,0.859,0.628,7306.72,3345.76,10.45,35.06,24.61
83,"2026-05-04","DC-SEA","BEER",48,1024,36420.69,24297.75,12122.94,33.02,5.79,4.43,0.882,0.638,5248.64,2882.87,11.84,35.60,23.76
86,"2026-05-25","DC-DAL","BEER",42,1300,45512.61,30408.83,15103.78,32.65,5.63,4.45,0.872,0.634,6390.33,3623.1,11.52,34.94,23.42
44,"2025-08-04","DC-NYC","BEER",42,1822,63255.92,45265.59,17990.33,28.02,7.48,4.3,0.875,0.640,11955.28,4963.62,9.82,34.74,24.93
3,"2024-10-21","DC-ATL","BEER",38,899,31543.63,22032.5,9511.13,29.78,6.97,4.38,0.859,0.628,5359.72,2440.45,10.59,35.17,24.58
43,"2025-07-28","DC-ATL","BEER",38,1217,42665.4,30206.17,12459.23,29,7.37,4.32,0.859,0.628,7685.58,3266.87,10.31,35.20,24.89
25,"2025-03-24","DC-DAL","BEER",42,1005,35250.41,25823.02,9427.39,26.26,8,4.85,0.872,0.634,7005.12,3051.14,9.32,35.06,25.74
37,"2025-06-16","DC-NYC","BEER",42,1867,65349.85,46086.02,19263.83,28.96,7.46,4.07,0.875,0.640,12221.57,4814.73,10.18,34.95,24.76
67,"2026-01-12","DC-SEA","BEER",48,709,25175.79,16548.14,8627.65,33.79,5.64,4.09,0.882,0.638,3534.48,1840.38,12.06,35.47,23.42
30,"2025-04-28","DC-CHI","BEER",45,1452,50653.17,37338.47,13314.7,26.07,7.83,4.83,0.896,0.642,10187.22,4510.88,9.2,34.87,25.67
75,"2026-03-09","DC-SEA","BEER",48,809,28520.51,19183.28,9337.23,32.51,5.84,4.39,0.882,0.638,4179.34,2260.02,11.57,35.35,23.78
100,"2026-08-31","DC-TOR","BEER",42,864,30128.15,21330.68,8797.47,29.08,7.05,4.51,0.875,0.668,5296.52,2579.86,10.26,35.00,24.74
18,"2025-02-03","DC-SEA","BEER",48,704,24904.67,18039.06,6865.61,27.29,7.64,4.85,0.882,0.638,4758.04,2168.44,9.76,35.42,25.66
92,"2026-07-06","DC-TOR","BEER",42,961,33927.89,23682.77,10245.12,29.72,7.3,4.18,0.875,0.668,6094.48,2652.92,10.59,35.33,24.74
57,"2025-11-03","DC-TOR","BEER",42,663,23096.11,15181.12,7914.99,33.98,5.13,4.39,0.875,0.668,2956.62,1922.56,11.96,34.94,22.98
15,"2025-01-13","DC-CHI","BEER",45,928,32814.12,23783.01,9031.11,27.14,7.54,5.06,0.896,0.642,6270.34,3019.5,9.67,35.22,25.55
64,"2025-12-22","DC-TOR","BEER",42,601,21040.58,13893.76,7146.82,33.61,5.47,4.27,0.875,0.668,2858.46,1696.86,11.84,35.04,23.2
82,"2026-04-27","DC-SEA","BEER",48,1007,35635.18,23992.79,11642.39,32.39,5.89,4.48,0.882,0.638,5237.21,2867.69,11.58,35.46,23.88
5,"2024-11-04","DC-ATL","BEER",38,793,27974.91,19599.4,8375.51,29.47,7.1,4.46,0.859,0.628,4832.33,2190.57,10.5,35.24,24.74
5,"2024-11-04","DC-TOR","BEER",42,641,22414.4,15807.91,6606.49,28.96,7.1,4.46,0.875,0.668,3952.78,1889.57,10.22,34.96,24.75
93,"2026-07-13","DC-DAL","BEER",42,1334,46453.43,32919.49,13533.94,28.46,7.3,4.18,0.872,0.634,8488.44,3491.89,10,34.70,24.7
90,"2026-06-22","DC-ATL","BEER",38,1294,45840.92,32609.38,13231.54,28.21,7.47,4.75,0.859,0.628,8279.15,3822.8,10.12,35.36,25.24
102,"2026-09-14","DC-DAL","BEER",42,1151,40378.49,26505.13,13873.36,33.73,5.2,4.46,0.872,0.634,5219.4,3204.33,11.92,34.97,23.05
97,"2026-08-10","DC-ATL","BEER",38,1250,44096.14,30748.06,13348.08,29.89,7,4.45,0.859,0.628,7491.47,3451.64,10.67,35.32,24.65
65,"2025-12-29","DC-DAL","BEER",42,815,28403.47,18835.47,9568,33.16,5.46,4.22,0.872,0.634,3882.61,2153.89,11.66,34.79,23.12
4,"2024-10-28","DC-SEA","BEER",48,777,27688.38,19310.28,8378.1,29.91,6.97,4.57,0.882,0.638,4790.2,2256.16,10.75,35.65,24.9
16,"2025-01-20","DC-NYC","IPA",1,21,964.53,594.72,369.81,38.34,7.61,4.96,0.950,1.400,151.82,145.82,17.61,45.93,28.32
45,"2025-08-11","DC-SEA","PILSNER",1,26,3974.62,2326.74,1647.88,41.46,7.42,4.5,0.800,0.500,154.34,58.5,63.38,152.87,89.49
79,"2026-04-06","DC-TOR","PILSNER",1,23,3279.34,2025.84,1253.5,38.22,5.8,4.27,0.800,0.500,106.72,49.11,54.5,142.58,88.08
78,"2026-03-30","DC-TOR","PILSNER",1,19,2876.6,1675.23,1201.37,41.76,5.82,4.43,0.800,0.500,88.46,42.08,63.23,151.40,88.17
86,"2026-05-25","DC-DAL","IPA",1,38,1692.9,977.74,715.16,42.24,5.63,4.45,0.950,1.400,203.24,236.74,18.82,44.55,25.73
61,"2025-12-01","DC-DAL","ALE",1,16,2384.48,1494.08,890.4,37.34,5.23,4.42,0.900,0.700,75.31,49.5,55.65,149.03,93.38
103,"2026-09-21","DC-DAL","ALE",1,19,2889.9,1770.99,1118.91,38.72,5.02,4.45,0.900,0.700,85.84,59.18,58.89,152.10,93.21
44,"2025-08-04","DC-TOR","PILSNER",1,25,3711.5,2235.75,1475.75,39.76,7.48,4.3,0.800,0.500,149.6,53.75,59.03,148.46,89.43
60,"2025-11-24","DC-ATL","STOUT",1,24,951.84,603.84,348,36.56,5.33,4.46,1.200,0.350,153.5,37.46,14.5,39.66,25.16
12,"2024-12-23","DC-DAL","ALE",1,14,2086.42,1342.46,743.96,35.66,7.44,5.16,0.900,0.700,93.74,50.57,53.14,149.03,95.89
72,"2026-02-16","DC-SEA","IPA",1,16,712.8,404,308.8,43.32,5.82,3.98,0.950,1.400,88.46,89.15,19.3,44.55,25.25
18,"2025-02-03","DC-NYC","IPA",1,23,1024.65,648.6,376.05,36.7,7.64,4.85,0.950,1.400,166.93,156.17,16.35,44.55,28.2
66,"2026-01-05","DC-SEA","PILSNER",1,14,2099.02,1227.52,871.5,41.52,5.43,4.08,0.800,0.500,60.82,28.56,62.25,149.93,87.68
95,"2026-07-27","DC-ATL","BEER",38,1269,44617.35,31343.87,13273.48,29.45,7.25,4.26,0.859,0.628,7881.11,3359.05,10.47,35.21,24.75
37,"2025-06-16","DC-CHI","BEER",45,1625,56920.85,40472.42,16448.43,28.58,7.46,4.07,0.896,0.642,10866.61,4253.19,10.07,34.91,24.85
33,"2025-05-19","DC-CHI","BEER",45,1533,53414.47,39075.38,14339.09,26.7,7.79,4.53,0.896,0.642,10701.2,4460.6,9.41,34.85,25.44
47,"2025-08-25","DC-DAL","BEER",42,1196,42035.36,31162.22,10873.14,25.37,7.25,6.42,0.872,0.634,7559.21,4809.54,9.02,35.10,26.08
77,"2026-03-23","DC-ATL","BEER",38,1003,35110.87,23606.1,11504.77,32.31,5.86,4.33,0.859,0.628,5035.26,2693.35,11.37,34.97,23.6
46,"2025-08-18","DC-TOR","BEER",42,892,31259.23,23237.48,8021.75,25.22,7.2,6.45,0.875,0.668,5577.84,3813.11,8.94,35.11,26.17
63,"2025-12-15","DC-DAL","BEER",42,821,28719.3,18945.81,9773.49,33.44,5.37,4.3,0.872,0.634,3844.71,2216.78,11.77,34.87,23.1
22,"2025-03-03","DC-NYC","BEER",42,1282,44599.58,32735.06,11864.52,26.13,7.86,4.86,0.875,0.640,8830.71,3940.49,9.13,34.75,25.62
10,"2024-12-09","DC-ATL","BEER",38,723,25441.71,18322.55,7119.16,27.62,7.22,5.33,0.859,0.628,4472.72,2385.33,9.83,35.22,25.39
7,"2024-11-18","DC-TOR","BEER",42,599,20908.97,15096.67,5812.3,27.34,7.07,5.31,0.875,0.668,3685.31,2105.31,9.65,34.94,25.29
16,"2025-01-20","DC-DAL","BEER",42,795,27557.44,20202.26,7355.18,26.1,7.61,4.96,0.872,0.634,5271.45,2463.14,9.17,34.64,25.47
99,"2026-08-24","DC-TOR","BEER",42,880,31116.67,21761.38,9355.29,29.68,7.09,4.54,0.875,0.668,5426.69,2647.09,10.58,35.37,24.79
104,"2026-09-28","DC-TOR","BEER",42,781,27498.54,18004.18,9494.36,34.08,5.19,4.5,0.875,0.668,3526.45,2324.52,12.08,35.19,23.1
86,"2026-05-25","DC-NYC","BEER",42,1838,63856.81,42880.21,20976.6,32.42,5.63,4.45,0.875,0.640,9079.84,5184.25,11.36,34.76,23.4
12,"2024-12-23","DC-DAL","BEER",42,779,27386.01,19805.83,7580.18,26.98,7.44,5.16,0.872,0.634,5055.78,2517.93,9.6,35.04,25.45
31,"2025-05-05","DC-ATL","BEER",38,1117,38998.35,28246.72,10751.63,27.17,7.76,4.49,0.859,0.628,7440.52,3102.86,9.61,34.94,25.33
60,"2025-11-24","DC-DAL","BEER",42,878,30515.54,20321.57,10193.97,32.8,5.33,4.46,0.872,0.634,4082.51,2448.72,11.47,34.63,23.16
64,"2025-12-22","DC-SEA","BEER",48,689,24328.48,16079.09,8249.39,33.71,5.47,4.27,0.882,0.638,3332.38,1871.97,12.02,35.40,23.38
10,"2024-12-09","DC-SEA","BEER",48,670,23684.49,17120.02,6564.47,27.33,7.22,5.33,0.882,0.638,4284.28,2269.89,9.75,35.35,25.6
17,"2025-01-27","DC-DAL","BEER",42,805,28211.52,20505.06,7706.46,26.81,7.68,4.9,0.872,0.634,5393.66,2471.46,9.49,34.98,25.49
77,"2026-03-23","DC-DAL","BEER",42,1036,36192.19,24383.65,11808.54,32.08,5.86,4.33,0.872,0.634,5292.99,2808.05,11.3,34.84,23.54
15,"2025-01-13","DC-SEA","BEER",48,666,23441.19,17070.67,6370.52,26.92,7.54,5.06,0.882,0.638,4438.19,2140.13,9.58,35.29,25.71
13,"2024-12-30","DC-CHI","BEER",45,973,34130.9,24968.29,9162.61,26.65,7.53,5.1,0.896,0.642,6562.55,3189.85,9.42,34.99,25.57
35,"2025-06-02","DC-NYC","BEER",42,1829,64301.17,45374.5,18926.67,29.06,7.56,4.07,0.875,0.640,12132.36,4714.97,10.26,35.11,24.85
5,"2024-11-04","DC-DAL","BEER",42,891,31074.45,22004.49,9069.96,28.64,7.1,4.46,0.872,0.634,5526,2489.3,10.09,34.80,24.71
7,"2024-11-18","DC-SEA","BEER",48,734,25822.19,18638.93,7183.26,27.51,7.07,5.31,0.882,0.638,4589.91,2477.75,9.8,35.26,25.46
85,"2026-05-18","DC-ATL","BEER",38,1217,42851.49,28762.01,14089.48,32.56,5.87,4.42,0.859,0.628,6130.92,3334.01,11.56,35.22,23.66
34,"2025-05-26","DC-ATL","BEER",38,1180,41374.22,29427.52,11946.7,28.45,7.7,4.01,0.859,0.628,7779.85,2945.1,10.1,35.08,24.97
98,"2026-08-17","DC-CHI","BEER",45,1580,55133.57,39039.59,16093.98,28.97,6.97,4.43,0.896,0.642,9871.05,4495.79,10.23,34.87,24.64
70,"2026-02-02","DC-CHI","BEER",45,1108,38951.32,25812.05,13139.27,33.38,5.63,4.11,0.896,0.642,5592.9,2928.17,11.8,35.03,23.23
52,"2025-09-29","DC-NYC","BEER",42,1508,52220.4,39287.39,12933.01,24.34,7.25,6.49,0.875,0.640,9575.58,6192.43,8.53,34.66,26.13
58,"2025-11-10","DC-DAL","BEER",42,917,32045.16,21020.41,11024.75,34.06,5.16,4.36,0.872,0.634,4128.77,2503.34,12,34.95,22.95
66,"2026-01-05","DC-CHI","BEER",45,1034,36405.11,23879.15,12525.96,34.19,5.43,4.08,0.896,0.642,5038.82,2713.12,12.12,35.15,23.03
43,"2025-07-28","DC-NYC","BEER",42,1845,64127.46,45681.01,18446.45,28.36,7.37,4.32,0.875,0.640,11932.18,5033.66,9.91,34.75,24.84
61,"2025-12-01","DC-NYC","BEER",42,1222,42443.21,28066.34,14376.87,33.43,5.23,4.42,0.875,0.640,5608.44,3422.1,11.67,34.70,23.03
8,"2024-11-25","DC-TOR","BEER",42,591,20672.57,15003.42,5669.15,26.98,7.19,5.38,0.875,0.668,3697.31,2106.92,9.54,34.98,25.44
33,"2025-05-19","DC-TOR","BEER",42,861,30373.34,21783.44,8589.9,27.85,7.79,4.53,0.875,0.668,5837.05,2574.31,9.91,35.31,25.4
11,"2024-12-16","DC-CHI","BEER",45,986,34268.93,25297.82,8971.11,25.9,7.41,5.29,0.896,0.642,6549.25,3346.3,9.11,34.70,25.58
67,"2026-01-12","DC-TOR","BEER",42,602,21262.39,13941.04,7321.35,33.91,5.64,4.09,0.875,0.668,2950.4,1626.67,12.06,35.28,23.23
85,"2026-05-18","DC-SEA","BEER",48,1064,37589.57,25269.3,12320.27,32.42,5.87,4.42,0.882,0.638,5524.96,2992.12,11.55,35.38,23.83
59,"2025-11-17","DC-ATL","BEER",38,833,29216.71,19307.63,9909.08,33.6,5.3,4.49,0.859,0.628,3784.89,2320.25,11.91,35.13,23.22
100,"2026-08-31","DC-NYC","BEER",42,1724,59966.2,42472.4,17493.8,28.76,7.05,4.51,0.875,0.640,10662.07,4938.59,10.07,34.76,24.69
66,"2026-01-05","DC-ATL","BEER",38,763,26774.01,17569.35,9204.66,34.08,5.43,4.08,0.859,0.628,3549.81,1927.07,12.05,35.12,23.07
31,"2025-05-05","DC-DAL","BEER",42,1164,40594.17,29414.53,11179.64,27.07,7.76,4.49,0.872,0.634,7871.9,3267.6,9.55,34.85,25.3
48,"2025-09-01","DC-ATL","BEER",38,1110,38909.32,29020.86,9888.46,25.07,7.24,6.56,0.859,0.628,6887.48,4525.68,8.9,35.08,26.18
8,"2024-11-25","DC-CHI","BEER",45,1034,36200.39,26363.21,9837.18,26.99,7.19,5.38,0.896,0.642,6654.06,3569.09,9.57,35.01,25.44
93,"2026-07-13","DC-SEA","BEER",48,1117,39389.93,27787.4,11602.53,29.1,7.3,4.18,0.882,0.638,7215.25,2964.79,10.36,35.30,24.94
59,"2025-11-17","DC-TOR","BEER",42,635,22271.92,14678.49,7593.43,33.61,5.3,4.49,0.875,0.668,2922.74,1886.7,11.88,35.07,23.19
45,"2025-08-11","DC-NYC","BEER",42,1774,61698.82,44221.6,17477.22,27.89,7.42,4.5,0.875,0.640,11524.89,5058.18,9.77,34.77,25
23,"2025-03-10","DC-TOR","BEER",42,667,23483.15,17108.23,6374.92,26.72,7.96,4.84,0.875,0.668,4614.17,2132.7,9.52,35.27,25.76
54,"2025-10-13","DC-DAL","BEER",42,934,32451.26,23092.01,9359.25,28.44,7.1,4.51,0.872,0.634,5785.36,2633.34,10,34.74,24.74
22,"2025-03-03","DC-SEA","BEER",48,783,27569.7,20218.66,7351.04,26.46,7.86,4.86,0.882,0.638,5447.92,2420.81,9.41,35.28,25.87
47,"2025-08-25","DC-TOR","BEER",42,871,30576.18,22737.56,7838.62,25.3,7.25,6.42,0.875,0.668,5491.01,3705.24,9,35.19,26.19
41,"2025-07-14","DC-SEA","BEER",48,1132,40206.63,28396.54,11810.09,29.1,7.5,4.21,0.882,0.638,7500.3,3026.57,10.42,35.56,25.13
4,"2024-10-28","DC-TOR","BEER",42,651,22867.34,16019.63,6847.71,29.33,6.97,4.57,0.875,0.668,3946.48,1961.95,10.4,35.11,24.71
84,"2026-05-11","DC-SEA","BEER",48,1040,36849.79,24633.77,12216.02,32.87,5.74,4.47,0.882,0.638,5278.56,2943,11.74,35.48,23.75
41,"2025-07-14","DC-ATL","BEER",38,1268,44702,31564.38,13137.62,28.94,7.5,4.21,0.859,0.628,8155.13,3310.37,10.33,35.26,24.93
68,"2026-01-19","DC-ATL","BEER",38,806,28104.05,18701.68,9402.37,33.24,5.66,4.05,0.859,0.628,3909.76,2023.83,11.69,34.94,23.25
14,"2025-01-06","DC-ATL","BEER",38,756,26633.08,19130.88,7502.2,27.76,7.39,5.05,0.859,0.628,4794.93,2368.2,9.89,35.25,25.36
73,"2026-02-23","DC-TOR","BEER",42,655,23072.6,15231.73,7840.87,33.51,5.89,3.92,0.875,0.668,3355.53,1698.77,11.88,35.21,23.33
70,"2026-02-02","DC-SEA","BEER",48,744,26310.88,17382.6,8928.28,33.63,5.63,4.11,0.882,0.638,3704.6,1942.84,11.98,35.40,23.42
6,"2024-11-11","DC-ATL","BEER",38,789,27826.08,19328.39,8497.69,30.18,6.96,4.32,0.859,0.628,4709.69,2116.41,10.78,35.31,24.53
31,"2025-05-05","DC-NYC","BEER",42,1695,59263.61,42781.63,16481.98,27.36,7.76,4.49,0.875,0.640,11543.23,4833.08,9.63,34.93,25.29
87,"2026-06-01","DC-ATL","BEER",38,1260,44023.84,31810.03,12213.81,27.59,7.69,4.52,0.859,0.628,8300.66,3529.76,9.81,35.09,25.29
80,"2026-04-13","DC-ATL","BEER",38,1076,38209.72,25528.43,12681.29,32.74,5.97,4.46,0.859,0.628,5508.34,2976.25,11.73,35.50,23.77
74,"2026-03-02","DC-DAL","BEER",42,951,33167.03,22472.84,10694.19,31.6,5.94,4.39,0.872,0.634,4931.98,2614.29,11.1,34.75,23.65
27,"2025-04-07","DC-NYC","BEER",42,1496,52220.94,38301.38,13919.56,26.31,8.05,4.68,0.875,0.640,10544.45,4434.44,9.25,34.92,25.67
94,"2026-07-20","DC-TOR","BEER",42,957,33673.17,23624.53,10048.64,29.39,7.24,4.26,0.875,0.668,6026.07,2702.42,10.44,35.18,24.74
27,"2025-04-07","DC-TOR","BEER",42,746,26243.53,19136.37,7107.16,26.58,8.05,4.68,0.875,0.668,5221.79,2306.77,9.46,35.19,25.73
86,"2026-05-25","DC-SEA","BEER",48,1075,37876.77,25329.38,12547.39,32.89,5.63,4.45,0.882,0.638,5347.54,3033.61,11.7,35.33,23.64
30,"2025-04-28","DC-DAL","BEER",42,1162,41001.66,29736.82,11264.84,27.05,7.83,4.83,0.872,0.634,7944.87,3511.99,9.67,35.25,25.58
1,"2024-10-07","DC-TOR","BEER",42,716,24806.04,17534.57,7271.47,28.93,6.91,4.41,0.875,0.668,4305.28,2092.85,10.12,34.67,24.55
45,"2025-08-11","DC-DAL","BEER",42,1272,44733.21,31800.25,12932.96,28.37,7.42,4.5,0.872,0.634,8226.33,3575.7,10.08,35.10,25.01
17,"2025-01-27","DC-SEA","PILSNER",1,16,2304.8,1438.24,866.56,37.6,7.68,4.9,0.800,0.500,98.3,39.2,54.16,144.05,89.89
101,"2026-09-07","DC-DAL","ALE",1,18,2682.54,1681.56,1000.98,37.31,5.2,4.52,0.900,0.700,84.24,56.95,55.61,149.03,93.42
13,"2024-12-30","DC-DAL","ALE",1,15,2258.55,1438.95,819.6,36.29,7.53,5.1,0.900,0.700,101.66,53.55,54.64,150.57,95.93
10,"2024-12-09","DC-SEA","IPA",1,12,556.68,341.64,215.04,38.63,7.22,5.33,0.950,1.400,82.31,89.54,17.92,46.39,28.47
14,"2025-01-06","DC-SEA","PILSNER",1,13,1987.31,1166.62,820.69,41.3,7.39,5.05,0.800,0.500,76.86,32.82,63.13,152.87,89.74
32,"2025-05-12","DC-CHI","BEER",45,1471,51611.25,37688.97,13922.28,26.84,7.82,4.63,0.896,0.642,10313.8,4384.66,9.52,35.04,25.53
36,"2025-06-09","DC-DAL","BEER",42,1277,44836.61,31707.84,13128.77,28.77,7.58,3.99,0.872,0.634,8442.15,3189.85,10.21,35.04,24.83
62,"2025-12-08","DC-SEA","BEER",48,712,25143.59,16540.85,8602.74,33.86,5.32,4.33,0.882,0.638,3349.74,1962.92,12.05,35.34,23.29
91,"2026-06-29","DC-ATL","BEER",38,1312,46271.37,33000.01,13271.36,28.21,7.5,4.69,0.859,0.628,8420.85,3814.38,10.1,35.33,25.23
13,"2024-12-30","DC-ATL","BEER",38,729,25679.73,18545.25,7134.48,27.38,7.53,5.1,0.859,0.628,4694.05,2305,9.76,35.27,25.51
26,"2025-03-31","DC-NYC","BEER",42,1461,50834.66,37321.1,13513.56,26.24,7.95,4.75,0.875,0.640,10180.21,4394.56,9.19,34.82,25.63
36,"2025-06-09","DC-SEA","BEER",48,1103,38888.63,27563.3,11325.33,28.69,7.58,3.99,0.882,0.638,7392.4,2794.08,10.22,35.29,25.06
16,"2025-01-20","DC-SEA","BEER",48,684,24274.9,17533.23,6741.67,27.61,7.61,4.96,0.882,0.638,4605.72,2157.6,9.91,35.62,25.71
53,"2025-10-06","DC-NYC","BEER",42,1476,51366.01,36505.27,14860.74,28.57,7.13,4.58,0.875,0.640,9231.28,4278.68,10.01,34.81,24.8
55,"2025-10-20","DC-ATL","BEER",38,919,32447.98,22757.26,9690.72,29.58,7.12,4.52,0.859,0.628,5606,2574.86,10.55,35.34,24.8
94,"2026-07-20","DC-CHI","BEER",45,1626,57030.15,40412.07,16618.08,28.89,7.24,4.26,0.896,0.642,10560.84,4460.94,10.22,34.99,24.77
22,"2025-03-03","DC-ATL","BEER",38,853,30009.96,21834.23,8175.73,26.89,7.86,4.86,0.859,0.628,5743.62,2575.22,9.59,35.23,25.65
66,"2026-01-05","DC-SEA","BEER",48,699,24589.98,16195.6,8394.38,34.01,5.43,4.08,0.882,0.638,3359.87,1809.6,12.1,35.32,23.22
18,"2025-02-03","DC-TOR","BEER",42,555,19373.63,14100.08,5273.55,26.93,7.64,4.85,0.875,0.668,3688.74,1782.57,9.5,34.98,25.48
78,"2026-03-30","DC-ATL","BEER",38,1036,36131.15,24429.7,11701.45,32.42,5.82,4.43,0.859,0.628,5170.66,2849.2,11.47,35.10,23.62
16,"2025-01-20","DC-ATL","BEER",38,739,25955.26,18800.95,7154.31,27.13,7.61,4.96,0.859,0.628,4816.75,2276.84,9.65,35.14,25.49
75,"2026-03-09","DC-ATL","BEER",38,961,33812.15,22665.11,11147.04,32.67,5.84,4.39,0.859,0.628,4810.82,2618.2,11.61,35.23,23.62
42,"2025-07-21","DC-SEA","BEER",48,1122,39720.76,28275.78,11444.98,28.49,7.51,4.38,0.882,0.638,7452.47,3122.9,10.2,35.45,25.25
33,"2025-05-19","DC-DAL","BEER",42,1233,42965.89,31233.22,11732.67,26.81,7.79,4.53,0.872,0.634,8374.72,3491.23,9.44,34.80,25.35
55,"2025-10-20","DC-NYC","BEER",42,1374,47889.56,33898.55,13991.01,28.98,7.12,4.52,0.875,0.640,8566.86,3939.59,10.19,34.94,24.75
34,"2025-05-26","DC-SEA","BEER",48,1074,37716.42,26991.7,10724.72,28.3,7.7,4.01,0.882,0.638,7320.31,2737.79,10.08,35.26,25.18
6,"2024-11-11","DC-SEA","BEER",48,716,25311.28,17669.43,7641.85,29.86,6.96,4.32,0.882,0.638,4408.95,1965.17,10.63,35.36,24.73
27,"2025-04-07","DC-SEA","BEER",48,927,32957.9,24001.4,8956.5,26.88,8.05,4.68,0.882,0.638,6601.97,2763.96,9.65,35.57,25.92
95,"2026-07-27","DC-SEA","BEER",48,1106,39080.67,27541.62,11539.05,29.35,7.25,4.26,0.882,0.638,7099.56,2987.67,10.47,35.42,24.95
35,"2025-06-02","DC-TOR","BEER",42,910,31836.47,22581.18,9255.29,28.57,7.56,4.07,0.875,0.668,5978.75,2451.16,10.09,34.99,24.89
4,"2024-10-28","DC-ATL","BEER",38,869,30503.83,21442.96,9060.87,29.51,6.97,4.57,0.859,0.628,5199.27,2456.56,10.5,35.20,24.7
52,"2025-09-29","DC-TOR","BEER",42,752,26556.85,19677.16,6879.69,25.47,7.25,6.49,0.875,0.668,4743.24,3227.8,9.1,35.33,26.24
20,"2025-02-17","DC-DAL","BEER",42,878,30641.67,22428.49,8213.18,26.3,7.75,4.91,0.872,0.634,5931,2697.06,9.3,34.86,25.56
88,"2026-06-08","DC-SEA","BEER",48,1118,39704.7,28376.63,11328.07,28.3,7.55,4.63,0.882,0.638,7453.74,3300.31,10.19,35.63,25.44
64,"2025-12-22","DC-DAL","BEER",42,823,28946.19,19045.94,9900.25,33.63,5.47,4.27,0.872,0.634,3927.68,2197.94,11.92,35.08,23.16
50,"2025-09-15","DC-SEA","BEER",48,903,31971.81,23644.15,8327.66,25.83,7.16,6.42,0.882,0.638,5719.48,3682.45,9.24,35.48,26.24
46,"2025-08-18","DC-DAL","BEER",42,1244,43722.39,32336.5,11385.89,25.24,7.2,6.45,0.872,0.634,7795.37,5009.39,8.98,35.03,26.06
34,"2025-05-26","DC-NYC","BEER",42,1761,61456.9,43812.37,17644.53,28.26,7.7,4.01,0.875,0.640,11889.26,4463.33,9.93,34.87,24.93
21,"2025-02-24","DC-ATL","BEER",38,845,29724.14,21599.9,8124.24,26.79,7.82,4.84,0.859,0.628,5664.42,2527.01,9.5,35.09,25.6
2,"2024-10-14","DC-CHI","BEER",45,1220,42943.62,30229.96,12713.66,29.5,6.93,4.55,0.896,0.642,7586.48,3586.86,10.45,35.13,24.68
75,"2026-03-09","DC-DAL","BEER",42,1002,35003.76,23570.68,11433.08,32.08,5.84,4.39,0.872,0.634,5101.18,2751.7,11.28,34.84,23.56
41,"2025-07-14","DC-DAL","BEER",42,1311,45927.38,32583.94,13343.44,28.39,7.5,4.21,0.872,0.634,8568.75,3448.37,10.03,34.93,24.9
70,"2026-02-02","DC-ATL","BEER",38,812,28348.64,18842.26,9506.38,33.36,5.63,4.11,0.859,0.628,3916.62,2068.4,11.78,35.04,23.26
26,"2025-03-31","DC-CHI","BEER",45,1315,45983.84,33879.45,12104.39,26.24,7.95,4.75,0.896,0.642,9374.88,4010.47,9.3,35.02,25.72
19,"2025-02-10","DC-DAL","BEER",42,835,29207.88,21364.25,7843.63,26.29,7.82,4.87,0.872,0.634,5687.96,2547.94,9.29,34.88,25.59
14,"2025-01-06","DC-DAL","BEER",42,782,27160.42,19786.32,7374.1,26.68,7.39,5.05,0.872,0.634,5037.17,2471.37,9.36,34.69,25.33
63,"2025-12-15","DC-ATL","BEER",38,793,27819.71,18320.08,9499.63,33.82,5.37,4.3,0.859,0.628,3649.72,2107.17,11.97,35.13,23.16
72,"2026-02-16","DC-DAL","BEER",42,896,31363.26,20846.85,10516.41,33.04,5.82,3.98,0.872,0.634,4547.92,2233.58,11.68,34.96,23.29
93,"2026-07-13","DC-NYC","BEER",42,1915,66875.83,47152.21,19723.62,28.99,7.3,4.18,0.875,0.640,12270.06,5070.67,10.18,34.87,24.69
29,"2025-04-21","DC-CHI","BEER",45,1415,49824.95,36577.79,13247.16,26.52,7.9,4.88,0.896,0.642,10032.45,4449.34,9.43,35.19,25.76
72,"2026-02-16","DC-ATL","BEER",38,850,30065.64,19807.47,10258.17,33.66,5.82,3.98,0.859,0.628,4234.92,2092.49,12,35.34,23.34
61,"2025-12-01","DC-TOR","BEER",42,620,21543.06,14272.85,7270.21,33.34,5.23,4.42,0.875,0.668,2819.07,1811.27,11.68,34.77,23.09
97,"2026-08-10","DC-DAL","BEER",42,1276,44610.46,31360.97,13249.49,29.19,7,4.45,0.872,0.634,7791.56,3547.81,10.33,34.94,24.61
44,"2025-08-04","DC-ATL","BEER",38,1197,42092.63,29807.99,12284.64,28.7,7.48,4.3,0.859,0.628,7677.85,3188.92,10.18,35.15,24.97
7,"2024-11-18","DC-CHI","BEER",45,1068,37551.42,27093.73,10457.69,27.56,7.07,5.31,0.896,0.642,6770.59,3639.16,9.79,35.09,25.29
61,"2025-12-01","DC-ATL","BEER",38,810,28259.78,18677.89,9581.89,33.55,5.23,4.42,0.859,0.628,3635.11,2219.06,11.8,34.92,23.11
86,"2026-05-25","DC-CHI","BEER",45,1652,58010.95,38824.21,19186.74,32.81,5.63,4.45,0.896,0.642,8339.38,4729.02,11.58,35.03,23.45
89,"2026-06-15","DC-NYC","BEER",42,1887,66198.98,47562.85,18636.13,27.79,7.67,4.56,0.875,0.640,12695.31,5445.51,9.8,35.06,25.26
76,"2026-03-16","DC-ATL","BEER",38,962,33743.2,22748.15,10995.05,32.32,5.93,4.43,0.859,0.628,4885.55,2644.18,11.47,35.19,23.72
12,"2024-12-23","DC-ATL","BEER",38,749,26182.11,19023.06,7159.05,26.84,7.44,5.16,0.859,0.628,4773.58,2394.09,9.49,34.96,25.47
29,"2025-04-21","DC-SEA","BEER",48,965,34330.02,24957.21,9372.81,27.06,7.9,4.88,0.882,0.638,6747.55,2988.95,9.74,35.66,25.91
12,"2024-12-23","DC-TOR","BEER",42,552,19293.79,14029.92,5263.87,26.8,7.44,5.16,0.875,0.668,3566.44,1882.83,9.48,34.99,25.51
57,"2025-11-03","DC-DAL","BEER",42,947,33257.17,21700.16,11557.01,34.16,5.13,4.39,0.872,0.634,4234.51,2603.53,12.05,34.99,22.94
92,"2026-07-06","DC-DAL","BEER",42,1327,46566.73,32750.07,13816.66,29.21,7.3,4.18,0.872,0.634,8445.08,3469.36,10.33,35.03,24.7
71,"2026-02-09","DC-CHI","BEER",45,1113,38916.93,25841.29,13075.64,33.43,5.65,3.93,0.896,0.642,5634.8,2814.04,11.79,34.92,23.13
4,"2024-10-28","DC-DAL","BEER",42,910,32001.84,22438.84,9563,29.26,6.97,4.57,0.872,0.634,5537.32,2609.65,10.36,35.03,24.66
70,"2026-02-02","DC-NYC","BEER",42,1260,43846.62,29128.49,14718.13,33.17,5.63,4.11,0.875,0.640,6223.23,3279.86,11.62,34.81,23.19
104,"2026-09-28","DC-NYC","BEER",42,1564,54191.54,35966.09,18225.45,33.31,5.19,4.5,0.875,0.640,7114.14,4460.22,11.59,34.64,23.05
90,"2026-06-22","DC-DAL","BEER",42,1333,46811.98,33567.15,13244.83,27.57,7.47,4.75,0.872,0.634,8684.55,3962.45,9.78,35.00,25.21
85,"2026-05-18","DC-TOR","BEER",42,919,32308.51,21662.11,10646.4,32.63,5.87,4.42,0.875,0.668,4690.42,2690.9,11.58,35.23,23.65
96,"2026-08-03","DC-NYC","IPA",1,36,1603.8,977.76,626.04,39.03,7.14,4.45,0.950,1.400,244.19,224.28,17.39,44.55,27.16
73,"2026-02-23","DC-SEA","IPA",1,15,723.45,378.45,345,47.69,5.89,3.92,0.950,1.400,83.93,82.32,23,48.23,25.23
100,"2026-08-31","DC-DAL","ALE",1,23,3675.17,2186.84,1488.33,40.5,7.05,4.51,0.900,0.700,145.94,72.61,64.71,159.79,95.08
31,"2025-05-05","DC-DAL","IPA",1,43,1974.99,1195.83,779.16,39.45,7.76,4.49,0.950,1.400,317,270.3,18.12,45.93,27.81
55,"2025-10-20","DC-DAL","ALE",1,18,2765.52,1712.7,1052.82,38.07,7.12,4.52,0.900,0.700,115.34,56.95,58.49,153.64,95.15
95,"2026-07-27","DC-DAL","ALE",1,22,3312.54,2091.98,1220.56,36.85,7.25,4.26,0.900,0.700,143.55,65.6,55.48,150.57,95.09
74,"2026-03-02","DC-CHI","BEER",45,1204,42450.52,28616.14,13834.38,32.29,5.94,4.39,0.896,0.642,6415.02,3408.04,11.43,35.12,23.69
3,"2024-10-21","DC-DAL","BEER",42,933,32875.58,22896.64,9978.94,29.63,6.97,4.38,0.872,0.634,5672.4,2554.72,10.5,35.04,24.54
39,"2025-06-30","DC-NYC","BEER",42,1876,65325.85,46183.91,19141.94,28.9,7.31,4.14,0.875,0.640,12008.36,4934.13,10.12,34.80,24.68
2,"2024-10-14","DC-SEA","BEER",48,829,29342.81,20547.54,8795.27,29.56,6.93,4.55,0.882,0.638,5078.3,2403.08,10.58,35.42,24.85
19,"2025-02-10","DC-ATL","BEER",38,810,28470.61,20725.74,7744.87,26.78,7.82,4.87,0.859,0.628,5426.06,2448.88,9.56,35.18,25.62
11,"2024-12-16","DC-ATL","BEER",38,736,25844.14,18758.21,7085.93,27.13,7.41,5.29,0.859,0.628,4676.3,2417.58,9.66,35.19,25.53
9,"2024-12-02","DC-SEA","BEER",48,695,24691.02,17638.33,7052.69,28.27,7.06,5.24,0.882,0.638,4340.14,2314.04,10.13,35.53,25.4
62,"2025-12-08","DC-TOR","BEER",42,601,21097.22,13846.94,7250.28,33.89,5.32,4.33,0.875,0.668,2781.93,1725.38,12.02,35.12,23.11
3,"2024-10-21","DC-TOR","BEER",42,686,24020.33,16805.26,7215.07,29.66,6.97,4.38,0.875,0.668,4153.63,1981.07,10.5,35.09,24.58
30,"2025-04-28","DC-ATL","BEER",38,1083,38243.83,27695.05,10548.78,27.16,7.83,4.83,0.859,0.628,7275.01,3242.52,9.72,35.32,25.6
66,"2026-01-05","DC-DAL","BEER",42,812,28671.82,18683.76,9988.06,34.27,5.43,4.08,0.872,0.634,3847.16,2077.5,12.2,35.21,23.01
55,"2025-10-20","DC-TOR","BEER",42,692,24248.73,17112.26,7136.47,28.95,7.12,4.52,0.875,0.668,4282.96,2070.3,10.26,35.06,24.81
28,"2025-04-14","DC-DAL","BEER",42,1117,39118.25,28715.84,10402.41,25.99,7.98,4.83,0.872,0.634,7781.38,3386.02,9.24,34.95,25.71
69,"2026-01-26","DC-CHI","BEER",45,1066,37278.74,25006.77,12271.97,32.74,5.78,4.13,0.896,0.642,5520.13,2823.02,11.52,34.90,23.38
30,"2025-04-28","DC-TOR","BEER",42,823,28903.27,21022.28,7880.99,26.82,7.83,4.83,0.875,0.668,5601.82,2622.69,9.55,35.19,25.64
91,"2026-06-29","DC-DAL","BEER",42,1318,46309.69,33192.58,13117.11,27.77,7.5,4.69,0.872,0.634,8628.98,3875.25,9.87,35.07,25.2
78,"2026-03-30","DC-SEA","BEER",48,901,31965.22,21377.28,10587.94,32.78,5.82,4.43,0.882,0.638,4639.24,2534.89,11.72,35.51,23.79
56,"2025-10-27","DC-ATL","BEER",38,872,30642.02,21699.89,8942.13,28.85,7.3,4.46,0.859,0.628,5448.87,2415,10.24,35.15,24.91
14,"2025-01-06","DC-TOR","BEER",42,543,18874.38,13730.03,5144.35,26.95,7.39,5.05,0.875,0.668,3481.21,1806.99,9.49,34.88,25.4
1,"2024-10-07","DC-ATL","BEER",38,924,32389.36,22644.28,9745.08,29.82,6.91,4.41,0.859,0.628,5474.24,2531.21,10.59,35.14,24.55
9,"2024-12-02","DC-NYC","BEER",42,1155,40573.54,29003.26,11570.28,28.08,7.06,5.24,0.875,0.640,7157,3839.14,9.94,35.10,25.16
16,"2025-01-20","DC-NYC","BEER",42,1124,39235.49,28536.4,10699.09,26.75,7.61,4.96,0.875,0.640,7499.2,3524.87,9.38,34.84,25.46
47,"2025-08-25","DC-SEA","BEER",48,976,34507.66,25622.36,8885.3,25.47,7.25,6.42,0.882,0.638,6257.84,3984.57,9.11,35.43,26.32
97,"2026-08-10","DC-SEA","BEER",48,1092,38600.47,27086.03,11514.44,29.78,7,4.45,0.882,0.638,6762.28,3091.33,10.63,35.47,24.85
103,"2026-09-21","DC-TOR","BEER",42,794,27815.9,18145.21,9670.69,34.33,5.02,4.45,0.875,0.668,3460.24,2334.11,12.11,35.03,22.92
62,"2025-12-08","DC-ATL","BEER",38,792,27878.7,18293.38,9585.32,33.9,5.32,4.33,0.859,0.628,3612.76,2122.61,12.04,35.17,23.13
33,"2025-05-19","DC-NYC","BEER",42,1798,62453.72,45448.59,17005.13,26.78,7.79,4.53,0.875,0.640,12294.02,5154.23,9.38,34.72,25.35
81,"2026-04-20","DC-NYC","BEER",42,1624,56281.03,38170.65,18110.38,31.86,5.86,4.43,0.875,0.640,8332.04,4553.82,11.1,34.70,23.59
11,"2024-12-16","DC-SEA","BEER",48,667,23616.91,17134.33,6482.58,27.21,7.41,5.29,0.882,0.638,4375.9,2244.97,9.74,35.48,25.74
51,"2025-09-22","DC-DAL","BEER",42,1018,35395.97,26515.07,8880.9,24.4,7.14,6.57,0.872,0.634,6333.82,4179.11,8.61,34.69,26.08
20,"2025-02-17","DC-SEA","BEER",48,742,26126.34,19107.1,7019.24,26.67,7.75,4.91,0.882,0.638,5087.1,2310.2,9.5,35.30,25.8
88,"2026-06-08","DC-ATL","BEER",38,1287,45324.87,32346.72,12978.15,28.11,7.55,4.63,0.859,0.628,8309.45,3677.1,10.02,35.26,25.23
34,"2025-05-26","DC-CHI","BEER",45,1565,54730.56,39263.12,15467.44,28.13,7.7,4.01,0.896,0.642,10818.27,4038.87,9.95,34.97,25.02
77,"2026-03-23","DC-SEA","BEER",48,877,31005.53,20779.89,10225.64,32.68,5.86,4.33,0.882,0.638,4539.27,2408.26,11.67,35.43,23.76
58,"2025-11-10","DC-SEA","BEER",48,782,27697.5,18085.25,9612.25,34.4,5.16,4.36,0.882,0.638,3568.09,2165.74,12.26,35.42,23.16
60,"2025-11-24","DC-CHI","BEER",45,1096,38279.6,25494.13,12785.47,33.08,5.33,4.46,0.896,0.642,5234.38,3146.08,11.6,34.78,23.19
50,"2025-09-15","DC-TOR","BEER",42,806,28141.59,20970.23,7171.36,25.01,7.16,6.42,0.875,0.668,5013.29,3431.04,8.86,34.97,26.11
36,"2025-06-09","DC-TOR","BEER",42,917,32073.65,22720.21,9353.44,28.93,7.58,3.99,0.875,0.668,6043.61,2415.11,10.22,35.07,24.86
68,"2026-01-19","DC-NYC","BEER",42,1194,41515.74,27582.16,13933.58,33.18,5.66,4.05,0.875,0.640,5932.81,3062.57,11.6,34.78,23.18
77,"2026-03-23","DC-CHI","BEER",45,1301,45417.98,30777.41,14640.57,32.2,5.86,4.33,0.896,0.642,6833.23,3626.07,11.36,34.94,23.58
100,"2026-08-31","DC-SEA","BEER",48,1005,35519.91,24973.47,10546.44,29.38,7.05,4.51,0.882,0.638,6266.53,2876.88,10.5,35.43,24.93
14,"2025-01-06","DC-SEA","BEER",48,672,23704.39,17134.55,6569.84,27.31,7.39,5.05,0.882,0.638,4389.66,2153.88,9.72,35.29,25.57
49,"2025-09-08","DC-SEA","BEER",48,950,33614.72,24803.24,8811.48,25.89,7.08,6.42,0.882,0.638,5949.54,3882.37,9.28,35.45,26.17
56,"2025-10-27","DC-DAL","BEER",42,946,33338.09,23524.14,9813.95,28.69,7.3,4.46,0.872,0.634,6027.76,2645.58,10.18,35.06,24.88
81,"2026-04-20","DC-ATL","BEER",38,1124,39360.44,26514.8,12845.64,32.31,5.86,4.43,0.859,0.628,5640.54,3081.69,11.42,35.08,23.66
93,"2026-07-13","DC-ATL","BEER",38,1297,45614.14,32028.68,13585.46,29.48,7.3,4.18,0.859,0.628,8119.57,3354.99,10.48,35.22,24.74
57,"2025-11-03","DC-NYC","BEER",42,1344,46598.11,30699.79,15898.32,33.75,5.13,4.39,0.875,0.640,6039.5,3728.82,11.76,34.69,22.93
1,"2024-10-07","DC-NYC","BEER",42,1452,50960.45,35481.26,15479.19,30.08,6.91,4.41,0.875,0.640,8802.3,4065.89,10.63,35.13,24.5
88,"2026-06-08","DC-CHI","BEER",45,1652,57709.12,41889.32,15819.8,27.24,7.55,4.63,0.896,0.642,11180.27,4927.06,9.64,34.93,25.29
70,"2026-02-02","DC-DAL","BEER",42,859,30128.49,19906.59,10221.9,33.45,5.63,4.11,0.872,0.634,4218.16,2212.04,11.82,35.02,23.2
76,"2026-03-16","DC-DAL","BEER",42,1026,35640.16,24255.02,11385.14,31.39,5.93,4.43,0.872,0.634,5305.04,2845.21,10.99,34.66,23.67
49,"2025-09-08","DC-DAL","BEER",42,1078,37614.78,27917.47,9697.31,25.13,7.08,6.42,0.872,0.634,6648.62,4333.56,8.88,34.81,25.93
59,"2025-11-17","DC-NYC","BEER",42,1288,44846.8,29733.17,15113.63,33.38,5.3,4.49,0.875,0.640,5987.52,3667.75,11.68,34.82,23.14
43,"2025-07-28","DC-CHI","BEER",45,1618,56647.71,40426.6,16221.11,28.5,7.37,4.32,0.896,0.642,10686.21,4488.78,10.1,35.03,24.92
99,"2026-08-24","DC-SEA","BEER",48,1039,36820.47,25894.33,10926.14,29.4,7.09,4.54,0.882,0.638,6524.71,2997.67,10.53,35.51,24.98
75,"2026-03-09","DC-TOR","BEER",42,694,24252.74,16334.56,7918.18,32.38,5.84,4.39,0.875,0.668,3522.69,2010.88,11.44,35.04,23.6
64,"2025-12-22","DC-ATL","BEER",38,766,26836.44,17759.54,9076.9,33.6,5.47,4.27,0.859,0.628,3584.27,2023,11.92,35.14,23.22
35,"2025-06-02","DC-DAL","BEER",42,1267,44111.35,31507.04,12604.31,28.19,7.56,4.07,0.872,0.634,8358.87,3230.77,9.9,34.76,24.86
71,"2026-02-09","DC-NYC","BEER",42,1280,44866.32,29495.35,15370.97,33.86,5.65,3.93,0.875,0.640,6354.89,3197.57,11.93,35.02,23.09
97,"2026-08-10","DC-NYC","BEER",42,1869,64960.62,45830.2,19130.42,29.02,7,4.45,0.875,0.640,11461.17,5274.14,10.17,34.78,24.6
18,"2025-02-03","DC-NYC","BEER",42,1170,40840.98,29642,11198.98,26.94,7.64,4.85,0.875,0.640,7832.68,3597.78,9.47,34.89,25.42
54,"2025-10-13","DC-CHI","BEER",45,1287,45237.56,32022.04,13215.52,28.8,7.1,4.51,0.896,0.642,8187.01,3728.91,10.2,35.01,24.8
88,"2026-06-08","DC-NYC","BEER",42,1841,64196.49,46307.36,17889.13,27.44,7.55,4.63,0.875,0.640,12178.15,5419.88,9.61,34.81,25.2
84,"2026-05-11","DC-NYC","BEER",42,1748,61044.39,40983.34,20061.05,32.5,5.74,4.47,0.875,0.640,8798.1,4947.17,11.42,34.93,23.51
10,"2024-12-09","DC-DAL","BEER",42,794,27951.83,20111.75,7840.08,27.5,7.22,5.33,0.872,0.634,4992.99,2647.84,9.81,35.17,25.36
38,"2025-06-23","DC-SEA","BEER",48,1112,38909.45,27760.2,11149.25,28.42,7.47,4.07,0.882,0.638,7344.95,2872.36,10.06,35.07,25.02
63,"2025-12-15","DC-TOR","BEER",42,597,20826.01,13761.05,7064.96,33.57,5.37,4.3,0.875,0.668,2779.67,1701.21,11.79,34.92,23.13
21,"2025-02-24","DC-NYC","BEER",42,1276,44230.79,32534.65,11696.14,26.08,7.82,4.84,0.875,0.640,8756.91,3912.17,9.11,34.68,25.57
36,"2025-06-09","DC-NYC","BEER",42,1871,65515.62,46326.57,19189.05,28.78,7.58,3.99,0.875,0.640,12444.16,4729.47,10.15,34.97,24.82
101,"2026-09-07","DC-DAL","BEER",42,1196,41918.91,27600.43,14318.48,33.61,5.2,4.52,0.872,0.634,5427.08,3381.32,11.87,34.95,23.09
24,"2025-03-17","DC-NYC","BEER",42,1341,46799.38,34277.66,12521.72,26.44,7.97,4.74,0.875,0.640,9373.04,4023.26,9.33,34.97,25.64
18,"2025-02-03","DC-CHI","BEER",45,979,34404.56,25027.29,9377.27,27.09,7.64,4.85,0.896,0.642,6700.28,3048.71,9.62,35.12,25.51
58,"2025-11-10","DC-TOR","BEER",42,645,22622.39,14787.47,7834.92,34.29,5.16,4.36,0.875,0.668,2892.39,1861.55,12.13,35.12,22.99
50,"2025-09-15","DC-NYC","BEER",42,1578,55050.37,40921.07,14129.3,25.08,7.16,6.42,0.875,0.640,9897.2,6420,8.81,34.82,26
41,"2025-07-14","DC-TOR","BEER",42,925,32288.76,22969.8,9318.96,28.12,7.5,4.21,0.875,0.668,6027.53,2572.77,9.9,34.83,24.93
2,"2024-10-14","DC-TOR","BEER",42,687,24162.15,16875.05,7287.1,29.7,6.93,4.55,0.875,0.668,4137.28,2065.84,10.54,35.20,24.66
43,"2025-07-28","DC-TOR","BEER",42,919,32149,22791.15,9357.85,28.76,7.37,4.32,0.875,0.668,5880.82,2623.62,10.17,35.07,24.89
82,"2026-04-27","DC-CHI","BEER",45,1562,54498.37,37118.49,17379.88,31.77,5.89,4.48,0.896,0.642,8253.66,4495.55,11.17,34.87,23.7
37,"2025-06-16","DC-ATL","BEER",38,1203,42267.46,29802.14,12465.32,29.19,7.46,4.07,0.859,0.628,7703.27,3040.9,10.4,35.21,24.81
23,"2025-03-10","DC-SEA","BEER",48,801,28329.71,20725.03,7604.68,26.38,7.96,4.84,0.882,0.638,5641.65,2464.58,9.42,35.36,25.94
48,"2025-09-01","DC-NYC","BEER",42,1719,60287.93,44799.07,15488.86,25.21,7.24,6.56,0.875,0.640,10895.91,7141.08,8.91,35.08,26.16
37,"2025-06-16","DC-SEA","BEER",48,1122,39600.77,27997.4,11603.37,28.97,7.46,4.07,0.882,0.638,7408.6,2898.21,10.32,35.33,25.01
5,"2024-11-04","DC-CHI","BEER",45,1130,39661.24,28080.31,11580.93,28.93,7.1,4.46,0.896,0.642,7190.38,3248.13,10.24,35.01,24.77
29,"2025-04-21","DC-NYC","BEER",42,1600,55450.61,40932.64,14517.97,25.73,7.9,4.88,0.875,0.640,11070.82,4940.32,8.99,34.66,25.67
28,"2025-04-14","DC-ATL","BEER",38,1030,36392.15,26448.28,9943.87,27.04,7.98,4.83,0.859,0.628,7044.03,3087.05,9.65,35.38,25.73
35,"2025-06-02","DC-ATL","BEER",38,1209,42607.16,30029.37,12577.79,29.04,7.56,4.07,0.859,0.628,7831.03,3052.66,10.33,35.22,24.89
102,"2026-09-14","DC-NYC","BEER",42,1636,56712.85,37554.41,19158.44,33.37,5.2,4.46,0.875,0.640,7451.91,4623.06,11.64,34.67,23.03
25,"2025-03-24","DC-ATL","BEER",38,960,33500.06,24681.39,8818.67,25.97,8,4.85,0.859,0.628,6594.16,2889.39,9.21,34.97,25.76
79,"2026-04-06","DC-ATL","BEER",38,1083,38026.04,25378.69,12647.35,32.91,5.8,4.27,0.859,0.628,5380.89,2865.55,11.68,35.19,23.51
37,"2025-06-16","DC-DAL","BEER",42,1307,45777.48,32377.02,13400.46,28.75,7.46,4.07,0.872,0.634,8503.88,3336.55,10.18,34.95,24.77
93,"2026-07-13","DC-TOR","BEER",42,983,34389.9,24215.45,10174.45,28.96,7.3,4.18,0.875,0.668,6234.05,2710.1,10.23,34.97,24.74
11,"2024-12-16","DC-TOR","BEER",42,559,19449.77,14244.49,5205.28,26.27,7.41,5.29,0.875,0.668,3597.93,1955.4,9.24,34.82,25.58
